{
"type": "FeatureCollection",
"features": [
{
  "type": "Feature",
  "id": "relation/5218739",
  "properties": {
    "building": "yes",
    "type": "multipolygon",
    "id": "relation/5218739"
  },
  "geometry": {
    "type": "Polygon",
    "coordinates": [
      [
        [
          77.1338024,
          28.674145
        ],
        [
          77.1337385,
          28.6737876
        ],
        [
          77.1339738,
          28.6737552
        ],
        [
          77.1339591,
          28.6736731
        ],
        [
          77.1342659,
          28.6736308
        ],
        [
          77.1343454,
          28.6740759
        ],
        [
          77.1342094,
          28.6740946
        ],
        [
          77.1342121,
          28.67411
        ],
        [
          77.1339687,
          28.6741435
        ],
        [
          77.1339649,
          28.6741226
        ],
        [
          77.1338024,
          28.674145
        ]
      ],
      [
        [
          77.1340928,
          28.6739796
        ],
        [
          77.1342155,
          28.6739627
        ],
        [
          77.1341982,
          28.6738661
        ],
        [
          77.1340755,
          28.6738829
        ],
        [
          77.1340928,
          28.6739796
        ]
      ],
      [
        [
          77.1339027,
          28.6740076
        ],
        [
          77.1340616,
          28.6739857
        ],
        [
          77.1340432,
          28.6738829
        ],
        [
          77.1338843,
          28.6739047
        ],
        [
          77.1339027,
          28.6740076
        ]
      ]
    ]
  }
},
{
  "type": "Feature",
  "id": "relation/5229347",
  "properties": {
    "building": "yes",
    "type": "multipolygon",
    "id": "relation/5229347"
  },
  "geometry": {
    "type": "Polygon",
    "coordinates": [
      [
        [
          77.1390665,
          28.6679313
        ],
        [
          77.1390531,
          28.6678384
        ],
        [
          77.1390677,
          28.6678368
        ],
        [
          77.1390518,
          28.6677267
        ],
        [
          77.1390371,
          28.6677283
        ],
        [
          77.1390232,
          28.6676316
        ],
        [
          77.1396695,
          28.6675596
        ],
        [
          77.1397002,
          28.6677719
        ],
        [
          77.1396237,
          28.6677805
        ],
        [
          77.1396363,
          28.6678678
        ],
        [
          77.1390665,
          28.6679313
        ]
      ],
      [
        [
          77.1392276,
          28.6678215
        ],
        [
          77.1395173,
          28.6677902
        ],
        [
          77.1395003,
          28.6676694
        ],
        [
          77.1392107,
          28.6677006
        ],
        [
          77.1392276,
          28.6678215
        ]
      ]
    ]
  }
},
{
  "type": "Feature",
  "id": "relation/5239621",
  "properties": {
    "building": "yes",
    "type": "multipolygon",
    "id": "relation/5239621"
  },
  "geometry": {
    "type": "Polygon",
    "coordinates": [
      [
        [
          77.1405937,
          28.6733271
        ],
        [
          77.1405543,
          28.6729653
        ],
        [
          77.1408116,
          28.6729437
        ],
        [
          77.1408509,
          28.6733056
        ],
        [
          77.1405937,
          28.6733271
        ]
      ],
      [
        [
          77.1406443,
          28.6732094
        ],
        [
          77.1407291,
          28.673204
        ],
        [
          77.1407163,
          28.6730496
        ],
        [
          77.1406315,
          28.673055
        ],
        [
          77.1406443,
          28.6732094
        ]
      ]
    ]
  }
},
{
  "type": "Feature",
  "id": "way/349835414",
  "properties": {
    "building": "yes",
    "id": "way/349835414"
  },
  "geometry": {
    "type": "Polygon",
    "coordinates": [
      [
        [
          77.127093,
          28.6639241
        ],
        [
          77.1270699,
          28.6636552
        ],
        [
          77.1272584,
          28.6636427
        ],
        [
          77.1272815,
          28.6639116
        ],
        [
          77.127093,
          28.6639241
        ]
      ]
    ]
  }
},
{
  "type": "Feature",
  "id": "way/349835421",
  "properties": {
    "building": "yes",
    "id": "way/349835421"
  },
  "geometry": {
    "type": "Polygon",
    "coordinates": [
      [
        [
          77.1273601,
          28.6639087
        ],
        [
          77.1273421,
          28.663814
        ],
        [
          77.1275048,
          28.6637902
        ],
        [
          77.1275228,
          28.6638849
        ],
        [
          77.1273601,
          28.6639087
        ]
      ]
    ]
  }
},
{
  "type": "Feature",
  "id": "way/349835433",
  "properties": {
    "building": "yes",
    "id": "way/349835433"
  },
  "geometry": {
    "type": "Polygon",
    "coordinates": [
      [
        [
          77.1272962,
          28.6637989
        ],
        [
          77.1272563,
          28.6635721
        ],
        [
          77.1274805,
          28.6635417
        ],
        [
          77.1275205,
          28.6637686
        ],
        [
          77.1272962,
          28.6637989
        ]
      ]
    ]
  }
},
{
  "type": "Feature",
  "id": "way/349968210",
  "properties": {
    "building": "yes",
    "id": "way/349968210"
  },
  "geometry": {
    "type": "Polygon",
    "coordinates": [
      [
        [
          77.1267051,
          28.6649317
        ],
        [
          77.1266507,
          28.6645833
        ],
        [
          77.1268578,
          28.6645584
        ],
        [
          77.1269122,
          28.6649068
        ],
        [
          77.1267051,
          28.6649317
        ]
      ]
    ]
  }
},
{
  "type": "Feature",
  "id": "way/349968212",
  "properties": {
    "building": "yes",
    "id": "way/349968212"
  },
  "geometry": {
    "type": "Polygon",
    "coordinates": [
      [
        [
          77.1264798,
          28.664537
        ],
        [
          77.1264402,
          28.6642209
        ],
        [
          77.1265984,
          28.6642057
        ],
        [
          77.1266379,
          28.6645218
        ],
        [
          77.1264798,
          28.664537
        ]
      ]
    ]
  }
},
{
  "type": "Feature",
  "id": "way/349968216",
  "properties": {
    "building": "yes",
    "id": "way/349968216"
  },
  "geometry": {
    "type": "Polygon",
    "coordinates": [
      [
        [
          77.1250923,
          28.6659764
        ],
        [
          77.1250791,
          28.6658422
        ],
        [
          77.1253842,
          28.6658191
        ],
        [
          77.1253974,
          28.6659533
        ],
        [
          77.1250923,
          28.6659764
        ]
      ]
    ]
  }
},
{
  "type": "Feature",
  "id": "way/349968217",
  "properties": {
    "building": "yes",
    "id": "way/349968217"
  },
  "geometry": {
    "type": "Polygon",
    "coordinates": [
      [
        [
          77.1276094,
          28.664427
        ],
        [
          77.1274983,
          28.664116
        ],
        [
          77.1277272,
          28.664053
        ],
        [
          77.1278383,
          28.664364
        ],
        [
          77.1276094,
          28.664427
        ]
      ]
    ]
  }
},
{
  "type": "Feature",
  "id": "way/349968219",
  "properties": {
    "building": "yes",
    "id": "way/349968219"
  },
  "geometry": {
    "type": "Polygon",
    "coordinates": [
      [
        [
          77.1278128,
          28.6637758
        ],
        [
          77.1277134,
          28.6635201
        ],
        [
          77.1279434,
          28.6634513
        ],
        [
          77.1280427,
          28.663707
        ],
        [
          77.1278128,
          28.6637758
        ]
      ]
    ]
  }
},
{
  "type": "Feature",
  "id": "way/349968220",
  "properties": {
    "building": "yes",
    "id": "way/349968220"
  },
  "geometry": {
    "type": "Polygon",
    "coordinates": [
      [
        [
          77.1265774,
          28.6656474
        ],
        [
          77.126569,
          28.6655398
        ],
        [
          77.1268349,
          28.6655237
        ],
        [
          77.1268434,
          28.6656313
        ],
        [
          77.1265774,
          28.6656474
        ]
      ]
    ]
  }
},
{
  "type": "Feature",
  "id": "way/349968222",
  "properties": {
    "building": "yes",
    "id": "way/349968222"
  },
  "geometry": {
    "type": "Polygon",
    "coordinates": [
      [
        [
          77.1258215,
          28.6661531
        ],
        [
          77.1257921,
          28.665948
        ],
        [
          77.1259405,
          28.6659317
        ],
        [
          77.1259698,
          28.6661368
        ],
        [
          77.1258215,
          28.6661531
        ]
      ]
    ]
  }
},
{
  "type": "Feature",
  "id": "way/349968232",
  "properties": {
    "building": "yes",
    "id": "way/349968232"
  },
  "geometry": {
    "type": "Polygon",
    "coordinates": [
      [
        [
          77.1253934,
          28.6655481
        ],
        [
          77.1253836,
          28.6654706
        ],
        [
          77.1257292,
          28.6654369
        ],
        [
          77.125739,
          28.6655144
        ],
        [
          77.1253934,
          28.6655481
        ]
      ]
    ]
  }
},
{
  "type": "Feature",
  "id": "way/349968238",
  "properties": {
    "building": "yes",
    "id": "way/349968238"
  },
  "geometry": {
    "type": "Polygon",
    "coordinates": [
      [
        [
          77.1262949,
          28.6649627
        ],
        [
          77.1262533,
          28.6647166
        ],
        [
          77.1264338,
          28.6646931
        ],
        [
          77.1264754,
          28.6649392
        ],
        [
          77.1262949,
          28.6649627
        ]
      ]
    ]
  }
},
{
  "type": "Feature",
  "id": "way/349968240",
  "properties": {
    "building": "yes",
    "id": "way/349968240"
  },
  "geometry": {
    "type": "Polygon",
    "coordinates": [
      [
        [
          77.1262146,
          28.6645729
        ],
        [
          77.1261784,
          28.664235
        ],
        [
          77.1264114,
          28.6642158
        ],
        [
          77.1264476,
          28.6645537
        ],
        [
          77.1262146,
          28.6645729
        ]
      ]
    ]
  }
},
{
  "type": "Feature",
  "id": "way/349968242",
  "properties": {
    "building": "yes",
    "id": "way/349968242"
  },
  "geometry": {
    "type": "Polygon",
    "coordinates": [
      [
        [
          77.1260779,
          28.6655567
        ],
        [
          77.1260673,
          28.6654504
        ],
        [
          77.1263519,
          28.6654286
        ],
        [
          77.1263625,
          28.6655349
        ],
        [
          77.1260779,
          28.6655567
        ]
      ]
    ]
  }
},
{
  "type": "Feature",
  "id": "way/349968244",
  "properties": {
    "building": "yes",
    "id": "way/349968244"
  },
  "geometry": {
    "type": "Polygon",
    "coordinates": [
      [
        [
          77.1250337,
          28.6658397
        ],
        [
          77.1250151,
          28.6657052
        ],
        [
          77.1253034,
          28.6656744
        ],
        [
          77.1253221,
          28.6658089
        ],
        [
          77.1250337,
          28.6658397
        ]
      ]
    ]
  }
},
{
  "type": "Feature",
  "id": "way/349968245",
  "properties": {
    "building": "yes",
    "id": "way/349968245"
  },
  "geometry": {
    "type": "Polygon",
    "coordinates": [
      [
        [
          77.1266785,
          28.6645222
        ],
        [
          77.1266255,
          28.664208
        ],
        [
          77.1268148,
          28.6641834
        ],
        [
          77.1268678,
          28.6644975
        ],
        [
          77.1266785,
          28.6645222
        ]
      ]
    ]
  }
},
{
  "type": "Feature",
  "id": "way/349968248",
  "properties": {
    "building": "yes",
    "id": "way/349968248"
  },
  "geometry": {
    "type": "Polygon",
    "coordinates": [
      [
        [
          77.1250983,
          28.6662281
        ],
        [
          77.1250682,
          28.6659915
        ],
        [
          77.1253725,
          28.6659617
        ],
        [
          77.1254026,
          28.6661983
        ],
        [
          77.1250983,
          28.6662281
        ]
      ]
    ]
  }
},
{
  "type": "Feature",
  "id": "way/349968251",
  "properties": {
    "building": "yes",
    "id": "way/349968251"
  },
  "geometry": {
    "type": "Polygon",
    "coordinates": [
      [
        [
          77.1259932,
          28.6661551
        ],
        [
          77.1259751,
          28.6659321
        ],
        [
          77.1260662,
          28.6659265
        ],
        [
          77.1260843,
          28.6661494
        ],
        [
          77.1259932,
          28.6661551
        ]
      ]
    ]
  }
},
{
  "type": "Feature",
  "id": "way/349968253",
  "properties": {
    "building": "yes",
    "id": "way/349968253"
  },
  "geometry": {
    "type": "Polygon",
    "coordinates": [
      [
        [
          77.127102,
          28.6643807
        ],
        [
          77.1270653,
          28.6641636
        ],
        [
          77.1272093,
          28.6641448
        ],
        [
          77.127246,
          28.664362
        ],
        [
          77.127102,
          28.6643807
        ]
      ]
    ]
  }
},
{
  "type": "Feature",
  "id": "way/349968254",
  "properties": {
    "building": "yes",
    "id": "way/349968254"
  },
  "geometry": {
    "type": "Polygon",
    "coordinates": [
      [
        [
          77.1258885,
          28.6653715
        ],
        [
          77.1258661,
          28.6651662
        ],
        [
          77.1259815,
          28.6651565
        ],
        [
          77.1260038,
          28.6653619
        ],
        [
          77.1258885,
          28.6653715
        ]
      ]
    ]
  }
},
{
  "type": "Feature",
  "id": "way/349968259",
  "properties": {
    "building": "yes",
    "id": "way/349968259"
  },
  "geometry": {
    "type": "Polygon",
    "coordinates": [
      [
        [
          77.1265328,
          28.6653747
        ],
        [
          77.1265227,
          28.6652678
        ],
        [
          77.1267639,
          28.6652503
        ],
        [
          77.1267739,
          28.6653572
        ],
        [
          77.1265328,
          28.6653747
        ]
      ]
    ]
  }
},
{
  "type": "Feature",
  "id": "way/349968261",
  "properties": {
    "building": "yes",
    "id": "way/349968261"
  },
  "geometry": {
    "type": "Polygon",
    "coordinates": [
      [
        [
          77.1269233,
          28.6648855
        ],
        [
          77.1268724,
          28.6645593
        ],
        [
          77.1270591,
          28.6645369
        ],
        [
          77.12711,
          28.664863
        ],
        [
          77.1269233,
          28.6648855
        ]
      ]
    ]
  }
},
{
  "type": "Feature",
  "id": "way/349968266",
  "properties": {
    "building": "yes",
    "id": "way/349968266"
  },
  "geometry": {
    "type": "Polygon",
    "coordinates": [
      [
        [
          77.1255177,
          28.6658068
        ],
        [
          77.1254804,
          28.665564
        ],
        [
          77.1257108,
          28.6655368
        ],
        [
          77.1257481,
          28.6657796
        ],
        [
          77.1255177,
          28.6658068
        ]
      ]
    ]
  }
},
{
  "type": "Feature",
  "id": "way/349968274",
  "properties": {
    "building": "yes",
    "id": "way/349968274"
  },
  "geometry": {
    "type": "Polygon",
    "coordinates": [
      [
        [
          77.1273513,
          28.6648339
        ],
        [
          77.1273023,
          28.66452
        ],
        [
          77.1274833,
          28.6644982
        ],
        [
          77.1275323,
          28.6648122
        ],
        [
          77.1273513,
          28.6648339
        ]
      ]
    ]
  }
},
{
  "type": "Feature",
  "id": "way/349968280",
  "properties": {
    "building": "yes",
    "id": "way/349968280"
  },
  "geometry": {
    "type": "Polygon",
    "coordinates": [
      [
        [
          77.1255053,
          28.6661264
        ],
        [
          77.1254836,
          28.665977
        ],
        [
          77.1257671,
          28.6659453
        ],
        [
          77.1257888,
          28.6660947
        ],
        [
          77.1255053,
          28.6661264
        ]
      ]
    ]
  }
},
{
  "type": "Feature",
  "id": "way/349968282",
  "properties": {
    "building": "yes",
    "id": "way/349968282"
  },
  "geometry": {
    "type": "Polygon",
    "coordinates": [
      [
        [
          77.1247487,
          28.6661525
        ],
        [
          77.124735,
          28.6659954
        ],
        [
          77.1249993,
          28.6659777
        ],
        [
          77.1250129,
          28.6661349
        ],
        [
          77.1247487,
          28.6661525
        ]
      ]
    ]
  }
},
{
  "type": "Feature",
  "id": "way/349968286",
  "properties": {
    "building": "yes",
    "id": "way/349968286"
  },
  "geometry": {
    "type": "Polygon",
    "coordinates": [
      [
        [
          77.1268965,
          28.6644687
        ],
        [
          77.1268494,
          28.6641901
        ],
        [
          77.1270241,
          28.6641674
        ],
        [
          77.1270712,
          28.6644459
        ],
        [
          77.1268965,
          28.6644687
        ]
      ]
    ]
  }
},
{
  "type": "Feature",
  "id": "way/349968288",
  "properties": {
    "building": "yes",
    "id": "way/349968288"
  },
  "geometry": {
    "type": "Polygon",
    "coordinates": [
      [
        [
          77.1269289,
          28.6654155
        ],
        [
          77.1269117,
          28.6652895
        ],
        [
          77.1271483,
          28.6652646
        ],
        [
          77.1271655,
          28.6653906
        ],
        [
          77.1269289,
          28.6654155
        ]
      ]
    ]
  }
},
{
  "type": "Feature",
  "id": "way/349968293",
  "properties": {
    "building": "yes",
    "id": "way/349968293"
  },
  "geometry": {
    "type": "Polygon",
    "coordinates": [
      [
        [
          77.126528,
          28.6652513
        ],
        [
          77.1265174,
          28.6651331
        ],
        [
          77.1267548,
          28.6651167
        ],
        [
          77.1267653,
          28.665235
        ],
        [
          77.126528,
          28.6652513
        ]
      ]
    ]
  }
},
{
  "type": "Feature",
  "id": "way/349968296",
  "properties": {
    "building": "yes",
    "id": "way/349968296"
  },
  "geometry": {
    "type": "Polygon",
    "coordinates": [
      [
        [
          77.1260735,
          28.6649855
        ],
        [
          77.126024,
          28.6646925
        ],
        [
          77.1262023,
          28.6646694
        ],
        [
          77.1262518,
          28.6649623
        ],
        [
          77.1260735,
          28.6649855
        ]
      ]
    ]
  }
},
{
  "type": "Feature",
  "id": "way/349968300",
  "properties": {
    "building": "yes",
    "id": "way/349968300"
  },
  "geometry": {
    "type": "Polygon",
    "coordinates": [
      [
        [
          77.1273255,
          28.6644613
        ],
        [
          77.1272728,
          28.6641235
        ],
        [
          77.1274662,
          28.6641002
        ],
        [
          77.1275189,
          28.6644381
        ],
        [
          77.1273255,
          28.6644613
        ]
      ]
    ]
  }
},
{
  "type": "Feature",
  "id": "way/349968305",
  "properties": {
    "building": "yes",
    "id": "way/349968305"
  },
  "geometry": {
    "type": "Polygon",
    "coordinates": [
      [
        [
          77.1265529,
          28.6655172
        ],
        [
          77.1265492,
          28.6654003
        ],
        [
          77.1268056,
          28.665394
        ],
        [
          77.1268093,
          28.6655109
        ],
        [
          77.1265529,
          28.6655172
        ]
      ]
    ]
  }
},
{
  "type": "Feature",
  "id": "way/349968308",
  "properties": {
    "building": "yes",
    "id": "way/349968308"
  },
  "geometry": {
    "type": "Polygon",
    "coordinates": [
      [
        [
          77.1271412,
          28.6648458
        ],
        [
          77.1270936,
          28.6645407
        ],
        [
          77.1272742,
          28.664519
        ],
        [
          77.1273218,
          28.6648241
        ],
        [
          77.1271412,
          28.6648458
        ]
      ]
    ]
  }
},
{
  "type": "Feature",
  "id": "way/349968311",
  "properties": {
    "building": "yes",
    "id": "way/349968311"
  },
  "geometry": {
    "type": "Polygon",
    "coordinates": [
      [
        [
          77.1258554,
          28.6658014
        ],
        [
          77.1258107,
          28.6655113
        ],
        [
          77.1259101,
          28.6654995
        ],
        [
          77.1259548,
          28.6657896
        ],
        [
          77.1258554,
          28.6658014
        ]
      ]
    ]
  }
},
{
  "type": "Feature",
  "id": "way/349968316",
  "properties": {
    "building": "yes",
    "id": "way/349968316"
  },
  "geometry": {
    "type": "Polygon",
    "coordinates": [
      [
        [
          77.1280873,
          28.6636846
        ],
        [
          77.1279958,
          28.6634369
        ],
        [
          77.1282206,
          28.663373
        ],
        [
          77.1283121,
          28.6636207
        ],
        [
          77.1280873,
          28.6636846
        ]
      ]
    ]
  }
},
{
  "type": "Feature",
  "id": "way/349968318",
  "properties": {
    "building": "yes",
    "id": "way/349968318"
  },
  "geometry": {
    "type": "Polygon",
    "coordinates": [
      [
        [
          77.1266019,
          28.6657893
        ],
        [
          77.1265964,
          28.6656581
        ],
        [
          77.1268568,
          28.6656497
        ],
        [
          77.1268623,
          28.6657809
        ],
        [
          77.1266019,
          28.6657893
        ]
      ]
    ]
  }
},
{
  "type": "Feature",
  "id": "way/349968320",
  "properties": {
    "building": "yes",
    "id": "way/349968320"
  },
  "geometry": {
    "type": "Polygon",
    "coordinates": [
      [
        [
          77.1275648,
          28.664822
        ],
        [
          77.1275136,
          28.6644939
        ],
        [
          77.1277026,
          28.6644712
        ],
        [
          77.1277538,
          28.6647993
        ],
        [
          77.1275648,
          28.664822
        ]
      ]
    ]
  }
},
{
  "type": "Feature",
  "id": "way/349968329",
  "properties": {
    "building": "yes",
    "id": "way/349968329"
  },
  "geometry": {
    "type": "Polygon",
    "coordinates": [
      [
        [
          77.1253978,
          28.6654316
        ],
        [
          77.1253661,
          28.6652113
        ],
        [
          77.1254654,
          28.6652003
        ],
        [
          77.1254743,
          28.6652621
        ],
        [
          77.1258493,
          28.6652205
        ],
        [
          77.1258721,
          28.6653791
        ],
        [
          77.1253978,
          28.6654316
        ]
      ]
    ]
  }
},
{
  "type": "Feature",
  "id": "way/349993893",
  "properties": {
    "building": "yes",
    "id": "way/349993893"
  },
  "geometry": {
    "type": "Polygon",
    "coordinates": [
      [
        [
          77.1294963,
          28.6691374
        ],
        [
          77.129351,
          28.6688333
        ],
        [
          77.1294591,
          28.6687935
        ],
        [
          77.1296044,
          28.6690977
        ],
        [
          77.1294963,
          28.6691374
        ]
      ]
    ]
  }
},
{
  "type": "Feature",
  "id": "way/349993894",
  "properties": {
    "building": "yes",
    "id": "way/349993894"
  },
  "geometry": {
    "type": "Polygon",
    "coordinates": [
      [
        [
          77.1285063,
          28.6637135
        ],
        [
          77.1288,
          28.6635273
        ],
        [
          77.128924,
          28.6636778
        ],
        [
          77.1286302,
          28.663864
        ],
        [
          77.1285063,
          28.6637135
        ]
      ]
    ]
  }
},
{
  "type": "Feature",
  "id": "way/349993896",
  "properties": {
    "building": "yes",
    "id": "way/349993896"
  },
  "geometry": {
    "type": "Polygon",
    "coordinates": [
      [
        [
          77.12435,
          28.6671125
        ],
        [
          77.1243173,
          28.6668607
        ],
        [
          77.1246013,
          28.6668323
        ],
        [
          77.1246341,
          28.667084
        ],
        [
          77.12435,
          28.6671125
        ]
      ]
    ]
  }
},
{
  "type": "Feature",
  "id": "way/349993897",
  "properties": {
    "building": "yes",
    "id": "way/349993897"
  },
  "geometry": {
    "type": "Polygon",
    "coordinates": [
      [
        [
          77.1257172,
          28.6680411
        ],
        [
          77.1256792,
          28.6677777
        ],
        [
          77.1259303,
          28.6677499
        ],
        [
          77.1259682,
          28.6680133
        ],
        [
          77.1257172,
          28.6680411
        ]
      ]
    ]
  }
},
{
  "type": "Feature",
  "id": "way/349993898",
  "properties": {
    "building": "yes",
    "id": "way/349993898"
  },
  "geometry": {
    "type": "Polygon",
    "coordinates": [
      [
        [
          77.1279493,
          28.6699778
        ],
        [
          77.1281673,
          28.6699531
        ],
        [
          77.1281798,
          28.6700377
        ],
        [
          77.1279618,
          28.6700625
        ],
        [
          77.1279493,
          28.6699778
        ]
      ]
    ]
  }
},
{
  "type": "Feature",
  "id": "way/349993899",
  "properties": {
    "building": "yes",
    "id": "way/349993899"
  },
  "geometry": {
    "type": "Polygon",
    "coordinates": [
      [
        [
          77.1244732,
          28.6667859
        ],
        [
          77.1244428,
          28.6665749
        ],
        [
          77.1245571,
          28.6665623
        ],
        [
          77.1245875,
          28.6667732
        ],
        [
          77.1244732,
          28.6667859
        ]
      ]
    ]
  }
},
{
  "type": "Feature",
  "id": "way/349993901",
  "properties": {
    "building": "yes",
    "id": "way/349993901"
  },
  "geometry": {
    "type": "Polygon",
    "coordinates": [
      [
        [
          77.1298386,
          28.6702562
        ],
        [
          77.1298179,
          28.6700634
        ],
        [
          77.1300212,
          28.6700465
        ],
        [
          77.1300419,
          28.6702393
        ],
        [
          77.1298386,
          28.6702562
        ]
      ]
    ]
  }
},
{
  "type": "Feature",
  "id": "way/349993902",
  "properties": {
    "building": "yes",
    "id": "way/349993902"
  },
  "geometry": {
    "type": "Polygon",
    "coordinates": [
      [
        [
          77.1291876,
          28.6697456
        ],
        [
          77.1291221,
          28.6694639
        ],
        [
          77.1292984,
          28.6694323
        ],
        [
          77.1293639,
          28.669714
        ],
        [
          77.1291876,
          28.6697456
        ]
      ]
    ]
  }
},
{
  "type": "Feature",
  "id": "way/349993903",
  "properties": {
    "building": "yes",
    "id": "way/349993903"
  },
  "geometry": {
    "type": "Polygon",
    "coordinates": [
      [
        [
          77.1281751,
          28.6648825
        ],
        [
          77.1283324,
          28.6651404
        ],
        [
          77.128175,
          28.6652143
        ],
        [
          77.1280177,
          28.6649564
        ],
        [
          77.1281751,
          28.6648825
        ]
      ]
    ]
  }
},
{
  "type": "Feature",
  "id": "way/349993904",
  "properties": {
    "building": "yes",
    "id": "way/349993904"
  },
  "geometry": {
    "type": "Polygon",
    "coordinates": [
      [
        [
          77.1273273,
          28.6688514
        ],
        [
          77.1272968,
          28.6686135
        ],
        [
          77.127561,
          28.6685875
        ],
        [
          77.1275915,
          28.6688253
        ],
        [
          77.1273273,
          28.6688514
        ]
      ]
    ]
  }
},
{
  "type": "Feature",
  "id": "way/349993905",
  "properties": {
    "building": "yes",
    "id": "way/349993905"
  },
  "geometry": {
    "type": "Polygon",
    "coordinates": [
      [
        [
          77.129645,
          28.6696032
        ],
        [
          77.1295298,
          28.6693703
        ],
        [
          77.1296844,
          28.6693114
        ],
        [
          77.1297996,
          28.6695443
        ],
        [
          77.129645,
          28.6696032
        ]
      ]
    ]
  }
},
{
  "type": "Feature",
  "id": "way/349993906",
  "properties": {
    "building": "yes",
    "id": "way/349993906"
  },
  "geometry": {
    "type": "Polygon",
    "coordinates": [
      [
        [
          77.1250966,
          28.6669975
        ],
        [
          77.125074,
          28.6667864
        ],
        [
          77.125373,
          28.6667618
        ],
        [
          77.1253955,
          28.6669729
        ],
        [
          77.1250966,
          28.6669975
        ]
      ]
    ]
  }
},
{
  "type": "Feature",
  "id": "way/349993908",
  "properties": {
    "building": "yes",
    "id": "way/349993908"
  },
  "geometry": {
    "type": "Polygon",
    "coordinates": [
      [
        [
          77.1300785,
          28.6699349
        ],
        [
          77.1300488,
          28.6697527
        ],
        [
          77.1303413,
          28.6697161
        ],
        [
          77.130371,
          28.6698982
        ],
        [
          77.1300785,
          28.6699349
        ]
      ]
    ]
  }
},
{
  "type": "Feature",
  "id": "way/349993909",
  "properties": {
    "building": "yes",
    "id": "way/349993909"
  },
  "geometry": {
    "type": "Polygon",
    "coordinates": [
      [
        [
          77.1273878,
          28.6672387
        ],
        [
          77.1273635,
          28.6671006
        ],
        [
          77.1277949,
          28.6670421
        ],
        [
          77.1278192,
          28.6671803
        ],
        [
          77.1273878,
          28.6672387
        ]
      ]
    ]
  }
},
{
  "type": "Feature",
  "id": "way/349993910",
  "properties": {
    "building": "yes",
    "id": "way/349993910"
  },
  "geometry": {
    "type": "Polygon",
    "coordinates": [
      [
        [
          77.1272693,
          28.6684785
        ],
        [
          77.127253,
          28.6683463
        ],
        [
          77.1275252,
          28.6683205
        ],
        [
          77.1275415,
          28.6684528
        ],
        [
          77.1272693,
          28.6684785
        ]
      ]
    ]
  }
},
{
  "type": "Feature",
  "id": "way/349993911",
  "properties": {
    "building": "yes",
    "id": "way/349993911"
  },
  "geometry": {
    "type": "Polygon",
    "coordinates": [
      [
        [
          77.1270682,
          28.6671022
        ],
        [
          77.1270536,
          28.6669885
        ],
        [
          77.1273147,
          28.6669626
        ],
        [
          77.1273294,
          28.6670763
        ],
        [
          77.1270682,
          28.6671022
        ]
      ]
    ]
  }
},
{
  "type": "Feature",
  "id": "way/349993913",
  "properties": {
    "building": "yes",
    "id": "way/349993913"
  },
  "geometry": {
    "type": "Polygon",
    "coordinates": [
      [
        [
          77.1293963,
          28.6643387
        ],
        [
          77.1291998,
          28.6641514
        ],
        [
          77.1293284,
          28.6640475
        ],
        [
          77.1295249,
          28.6642348
        ],
        [
          77.1293963,
          28.6643387
        ]
      ]
    ]
  }
},
{
  "type": "Feature",
  "id": "way/349993914",
  "properties": {
    "building": "yes",
    "id": "way/349993914"
  },
  "geometry": {
    "type": "Polygon",
    "coordinates": [
      [
        [
          77.127874,
          28.6638385
        ],
        [
          77.1282574,
          28.6636801
        ],
        [
          77.1283603,
          28.6638719
        ],
        [
          77.127977,
          28.6640303
        ],
        [
          77.127874,
          28.6638385
        ]
      ]
    ]
  }
},
{
  "type": "Feature",
  "id": "way/349993915",
  "properties": {
    "building": "yes",
    "id": "way/349993915"
  },
  "geometry": {
    "type": "Polygon",
    "coordinates": [
      [
        [
          77.1288101,
          28.6655238
        ],
        [
          77.1285481,
          28.6651571
        ],
        [
          77.1287508,
          28.6650456
        ],
        [
          77.1290129,
          28.6654122
        ],
        [
          77.1288101,
          28.6655238
        ]
      ]
    ]
  }
},
{
  "type": "Feature",
  "id": "way/349993916",
  "properties": {
    "building": "yes",
    "id": "way/349993916"
  },
  "geometry": {
    "type": "Polygon",
    "coordinates": [
      [
        [
          77.1289252,
          28.6705516
        ],
        [
          77.1288972,
          28.6703084
        ],
        [
          77.1290597,
          28.670294
        ],
        [
          77.1290876,
          28.6705372
        ],
        [
          77.1289252,
          28.6705516
        ]
      ]
    ]
  }
},
{
  "type": "Feature",
  "id": "way/349993917",
  "properties": {
    "building": "yes",
    "id": "way/349993917"
  },
  "geometry": {
    "type": "Polygon",
    "coordinates": [
      [
        [
          77.1268416,
          28.6686834
        ],
        [
          77.1268161,
          28.6685213
        ],
        [
          77.1270612,
          28.6684916
        ],
        [
          77.1270867,
          28.6686536
        ],
        [
          77.1268416,
          28.6686834
        ]
      ]
    ]
  }
},
{
  "type": "Feature",
  "id": "way/349993918",
  "properties": {
    "building": "yes",
    "id": "way/349993918"
  },
  "geometry": {
    "type": "Polygon",
    "coordinates": [
      [
        [
          77.127027,
          28.6668453
        ],
        [
          77.1269965,
          28.6665857
        ],
        [
          77.1272597,
          28.666562
        ],
        [
          77.1272901,
          28.6668215
        ],
        [
          77.127027,
          28.6668453
        ]
      ]
    ]
  }
},
{
  "type": "Feature",
  "id": "way/349993919",
  "properties": {
    "building": "yes",
    "id": "way/349993919"
  },
  "geometry": {
    "type": "Polygon",
    "coordinates": [
      [
        [
          77.1300539,
          28.669459
        ],
        [
          77.1299082,
          28.6691915
        ],
        [
          77.1300632,
          28.6691265
        ],
        [
          77.1302089,
          28.6693941
        ],
        [
          77.1300539,
          28.669459
        ]
      ]
    ]
  }
},
{
  "type": "Feature",
  "id": "way/349993922",
  "properties": {
    "building": "yes",
    "id": "way/349993922"
  },
  "geometry": {
    "type": "Polygon",
    "coordinates": [
      [
        [
          77.1274483,
          28.6668433
        ],
        [
          77.1274213,
          28.6666752
        ],
        [
          77.1277341,
          28.6666366
        ],
        [
          77.1277611,
          28.6668046
        ],
        [
          77.1274483,
          28.6668433
        ]
      ]
    ]
  }
},
{
  "type": "Feature",
  "id": "way/349993923",
  "properties": {
    "building": "yes",
    "id": "way/349993923"
  },
  "geometry": {
    "type": "Polygon",
    "coordinates": [
      [
        [
          77.1288633,
          28.6698045
        ],
        [
          77.1288042,
          28.6694724
        ],
        [
          77.1288942,
          28.66946
        ],
        [
          77.1289533,
          28.6697922
        ],
        [
          77.1288633,
          28.6698045
        ]
      ]
    ]
  }
},
{
  "type": "Feature",
  "id": "way/349993924",
  "properties": {
    "building": "yes",
    "id": "way/349993924"
  },
  "geometry": {
    "type": "Polygon",
    "coordinates": [
      [
        [
          77.1294201,
          28.6700905
        ],
        [
          77.1293975,
          28.6698784
        ],
        [
          77.1296186,
          28.6698603
        ],
        [
          77.1296412,
          28.6700723
        ],
        [
          77.1294201,
          28.6700905
        ]
      ]
    ]
  }
},
{
  "type": "Feature",
  "id": "way/349993925",
  "properties": {
    "building": "yes",
    "id": "way/349993925"
  },
  "geometry": {
    "type": "Polygon",
    "coordinates": [
      [
        [
          77.1275098,
          28.668031
        ],
        [
          77.1274899,
          28.6678739
        ],
        [
          77.1279195,
          28.6678319
        ],
        [
          77.1279395,
          28.6679889
        ],
        [
          77.1275098,
          28.668031
        ]
      ]
    ]
  }
},
{
  "type": "Feature",
  "id": "way/349993927",
  "properties": {
    "building": "yes",
    "id": "way/349993927"
  },
  "geometry": {
    "type": "Polygon",
    "coordinates": [
      [
        [
          77.1265457,
          28.669005
        ],
        [
          77.1265046,
          28.6686559
        ],
        [
          77.1267914,
          28.6686298
        ],
        [
          77.1268326,
          28.668979
        ],
        [
          77.1265457,
          28.669005
        ]
      ]
    ]
  }
},
{
  "type": "Feature",
  "id": "way/349993928",
  "properties": {
    "building": "yes",
    "id": "way/349993928"
  },
  "geometry": {
    "type": "Polygon",
    "coordinates": [
      [
        [
          77.1295494,
          28.6649837
        ],
        [
          77.1292539,
          28.6646712
        ],
        [
          77.1294461,
          28.6645312
        ],
        [
          77.1297416,
          28.6648438
        ],
        [
          77.1295494,
          28.6649837
        ]
      ]
    ]
  }
},
{
  "type": "Feature",
  "id": "way/349993929",
  "properties": {
    "building": "yes",
    "id": "way/349993929"
  },
  "geometry": {
    "type": "Polygon",
    "coordinates": [
      [
        [
          77.1271572,
          28.6677983
        ],
        [
          77.127142,
          28.6676643
        ],
        [
          77.1274266,
          28.6676395
        ],
        [
          77.1274418,
          28.6677735
        ],
        [
          77.1271572,
          28.6677983
        ]
      ]
    ]
  }
},
{
  "type": "Feature",
  "id": "way/349993930",
  "properties": {
    "building": "yes",
    "id": "way/349993930"
  },
  "geometry": {
    "type": "Polygon",
    "coordinates": [
      [
        [
          77.1264176,
          28.6679949
        ],
        [
          77.1263849,
          28.6677094
        ],
        [
          77.1266286,
          28.6676879
        ],
        [
          77.1266614,
          28.6679733
        ],
        [
          77.1264176,
          28.6679949
        ]
      ]
    ]
  }
},
{
  "type": "Feature",
  "id": "way/349993931",
  "properties": {
    "building": "yes",
    "id": "way/349993931"
  },
  "geometry": {
    "type": "Polygon",
    "coordinates": [
      [
        [
          77.1304481,
          28.6692836
        ],
        [
          77.1302798,
          28.6690081
        ],
        [
          77.1304346,
          28.6689353
        ],
        [
          77.1306029,
          28.6692108
        ],
        [
          77.1304481,
          28.6692836
        ]
      ]
    ]
  }
},
{
  "type": "Feature",
  "id": "way/349993936",
  "properties": {
    "building": "yes",
    "id": "way/349993936"
  },
  "geometry": {
    "type": "Polygon",
    "coordinates": [
      [
        [
          77.1273195,
          28.6664399
        ],
        [
          77.1272971,
          28.6662773
        ],
        [
          77.1276529,
          28.6662397
        ],
        [
          77.1276753,
          28.6664023
        ],
        [
          77.1273195,
          28.6664399
        ]
      ]
    ]
  }
},
{
  "type": "Feature",
  "id": "way/349993937",
  "properties": {
    "building": "yes",
    "id": "way/349993937"
  },
  "geometry": {
    "type": "Polygon",
    "coordinates": [
      [
        [
          77.1290654,
          28.6697533
        ],
        [
          77.1290079,
          28.6694435
        ],
        [
          77.1290972,
          28.6694308
        ],
        [
          77.1291547,
          28.6697405
        ],
        [
          77.1290654,
          28.6697533
        ]
      ]
    ]
  }
},
{
  "type": "Feature",
  "id": "way/349993938",
  "properties": {
    "building": "yes",
    "id": "way/349993938"
  },
  "geometry": {
    "type": "Polygon",
    "coordinates": [
      [
        [
          77.1276718,
          28.6653036
        ],
        [
          77.1276207,
          28.6649911
        ],
        [
          77.127786,
          28.6649703
        ],
        [
          77.1278371,
          28.6652828
        ],
        [
          77.1276718,
          28.6653036
        ]
      ]
    ]
  }
},
{
  "type": "Feature",
  "id": "way/349993939",
  "properties": {
    "building": "yes",
    "id": "way/349993939"
  },
  "geometry": {
    "type": "Polygon",
    "coordinates": [
      [
        [
          77.1284573,
          28.6693529
        ],
        [
          77.1284413,
          28.6689843
        ],
        [
          77.1286613,
          28.668977
        ],
        [
          77.1286773,
          28.6693456
        ],
        [
          77.1284573,
          28.6693529
        ]
      ]
    ]
  }
},
{
  "type": "Feature",
  "id": "way/349993940",
  "properties": {
    "building": "yes",
    "id": "way/349993940"
  },
  "geometry": {
    "type": "Polygon",
    "coordinates": [
      [
        [
          77.1274523,
          28.6676288
        ],
        [
          77.1274209,
          28.6674431
        ],
        [
          77.127873,
          28.6673843
        ],
        [
          77.1279044,
          28.6675699
        ],
        [
          77.1274523,
          28.6676288
        ]
      ]
    ]
  }
},
{
  "type": "Feature",
  "id": "way/349993941",
  "properties": {
    "building": "yes",
    "id": "way/349993941"
  },
  "geometry": {
    "type": "Polygon",
    "coordinates": [
      [
        [
          77.1247356,
          28.6674753
        ],
        [
          77.1247051,
          28.6672355
        ],
        [
          77.1248381,
          28.6672225
        ],
        [
          77.1248686,
          28.6674623
        ],
        [
          77.1247356,
          28.6674753
        ]
      ]
    ]
  }
},
{
  "type": "Feature",
  "id": "way/349993942",
  "properties": {
    "building": "yes",
    "id": "way/349993942"
  },
  "geometry": {
    "type": "Polygon",
    "coordinates": [
      [
        [
          77.1276399,
          28.6685976
        ],
        [
          77.1276199,
          28.6684034
        ],
        [
          77.1279712,
          28.6683756
        ],
        [
          77.1279911,
          28.6685698
        ],
        [
          77.1276399,
          28.6685976
        ]
      ]
    ]
  }
},
{
  "type": "Feature",
  "id": "way/349993943",
  "properties": {
    "building": "yes",
    "id": "way/349993943"
  },
  "geometry": {
    "type": "Polygon",
    "coordinates": [
      [
        [
          77.1297471,
          28.6640211
        ],
        [
          77.1299572,
          28.6638179
        ],
        [
          77.1301122,
          28.6639413
        ],
        [
          77.1299021,
          28.6641445
        ],
        [
          77.1297471,
          28.6640211
        ]
      ]
    ]
  }
},
{
  "type": "Feature",
  "id": "way/349993944",
  "properties": {
    "building": "yes",
    "id": "way/349993944"
  },
  "geometry": {
    "type": "Polygon",
    "coordinates": [
      [
        [
          77.1275408,
          28.6691162
        ],
        [
          77.1275289,
          28.6689629
        ],
        [
          77.1277315,
          28.6689508
        ],
        [
          77.1277434,
          28.669104
        ],
        [
          77.1275408,
          28.6691162
        ]
      ]
    ]
  }
},
{
  "type": "Feature",
  "id": "way/349993945",
  "properties": {
    "building": "yes",
    "id": "way/349993945"
  },
  "geometry": {
    "type": "Polygon",
    "coordinates": [
      [
        [
          77.1264725,
          28.6685481
        ],
        [
          77.1264533,
          28.6682994
        ],
        [
          77.1267202,
          28.6682835
        ],
        [
          77.1267394,
          28.6685322
        ],
        [
          77.1264725,
          28.6685481
        ]
      ]
    ]
  }
},
{
  "type": "Feature",
  "id": "way/349993947",
  "properties": {
    "building": "yes",
    "id": "way/349993947"
  },
  "geometry": {
    "type": "Polygon",
    "coordinates": [
      [
        [
          77.1246617,
          28.6670887
        ],
        [
          77.1246211,
          28.6668419
        ],
        [
          77.1249145,
          28.6668047
        ],
        [
          77.1249551,
          28.6670514
        ],
        [
          77.1246617,
          28.6670887
        ]
      ]
    ]
  }
},
{
  "type": "Feature",
  "id": "way/349993948",
  "properties": {
    "building": "yes",
    "id": "way/349993948"
  },
  "geometry": {
    "type": "Polygon",
    "coordinates": [
      [
        [
          77.130733,
          28.6691843
        ],
        [
          77.1305733,
          28.6689033
        ],
        [
          77.1306644,
          28.6688634
        ],
        [
          77.1308241,
          28.6691444
        ],
        [
          77.130733,
          28.6691843
        ]
      ]
    ]
  }
},
{
  "type": "Feature",
  "id": "way/349993949",
  "properties": {
    "building": "yes",
    "id": "way/349993949"
  },
  "geometry": {
    "type": "Polygon",
    "coordinates": [
      [
        [
          77.127113,
          28.6673727
        ],
        [
          77.1271023,
          28.6672508
        ],
        [
          77.1273514,
          28.667234
        ],
        [
          77.1273621,
          28.6673559
        ],
        [
          77.127113,
          28.6673727
        ]
      ]
    ]
  }
},
{
  "type": "Feature",
  "id": "way/349993950",
  "properties": {
    "building": "yes",
    "id": "way/349993950"
  },
  "geometry": {
    "type": "Polygon",
    "coordinates": [
      [
        [
          77.12799,
          28.6702345
        ],
        [
          77.127973,
          28.6701248
        ],
        [
          77.1281808,
          28.6701
        ],
        [
          77.1281978,
          28.6702097
        ],
        [
          77.12799,
          28.6702345
        ]
      ]
    ]
  }
},
{
  "type": "Feature",
  "id": "way/349993951",
  "properties": {
    "building": "yes",
    "id": "way/349993951"
  },
  "geometry": {
    "type": "Polygon",
    "coordinates": [
      [
        [
          77.1247551,
          28.6667551
        ],
        [
          77.1247152,
          28.6665183
        ],
        [
          77.1248902,
          28.6664955
        ],
        [
          77.1249301,
          28.6667324
        ],
        [
          77.1247551,
          28.6667551
        ]
      ]
    ]
  }
},
{
  "type": "Feature",
  "id": "way/349993952",
  "properties": {
    "building": "yes",
    "id": "way/349993952"
  },
  "geometry": {
    "type": "Polygon",
    "coordinates": [
      [
        [
          77.1294383,
          28.6696676
        ],
        [
          77.129339,
          28.6694337
        ],
        [
          77.1294896,
          28.6693844
        ],
        [
          77.129589,
          28.6696183
        ],
        [
          77.1294383,
          28.6696676
        ]
      ]
    ]
  }
},
{
  "type": "Feature",
  "id": "way/349993953",
  "properties": {
    "building": "yes",
    "id": "way/349993953"
  },
  "geometry": {
    "type": "Polygon",
    "coordinates": [
      [
        [
          77.1275279,
          28.6656651
        ],
        [
          77.1274884,
          28.6654283
        ],
        [
          77.1277424,
          28.6653956
        ],
        [
          77.1277819,
          28.6656325
        ],
        [
          77.1275279,
          28.6656651
        ]
      ]
    ]
  }
},
{
  "type": "Feature",
  "id": "way/349993954",
  "properties": {
    "building": "yes",
    "id": "way/349993954"
  },
  "geometry": {
    "type": "Polygon",
    "coordinates": [
      [
        [
          77.1275528,
          28.6658534
        ],
        [
          77.1275336,
          28.6656978
        ],
        [
          77.1277683,
          28.6656755
        ],
        [
          77.1277875,
          28.6658311
        ],
        [
          77.1275528,
          28.6658534
        ]
      ]
    ]
  }
},
{
  "type": "Feature",
  "id": "way/349993955",
  "properties": {
    "building": "yes",
    "id": "way/349993955"
  },
  "geometry": {
    "type": "Polygon",
    "coordinates": [
      [
        [
          77.1270451,
          28.6669782
        ],
        [
          77.1270284,
          28.6668689
        ],
        [
          77.1272783,
          28.6668395
        ],
        [
          77.127295,
          28.6669487
        ],
        [
          77.1270451,
          28.6669782
        ]
      ]
    ]
  }
},
{
  "type": "Feature",
  "id": "way/349993956",
  "properties": {
    "building": "yes",
    "id": "way/349993956"
  },
  "geometry": {
    "type": "Polygon",
    "coordinates": [
      [
        [
          77.1290753,
          28.669234
        ],
        [
          77.1289996,
          28.6689566
        ],
        [
          77.1291992,
          28.6689147
        ],
        [
          77.1292748,
          28.6691921
        ],
        [
          77.1290753,
          28.669234
        ]
      ]
    ]
  }
},
{
  "type": "Feature",
  "id": "way/349993958",
  "properties": {
    "building": "yes",
    "id": "way/349993958"
  },
  "geometry": {
    "type": "Polygon",
    "coordinates": [
      [
        [
          77.1284036,
          28.6631009
        ],
        [
          77.1286849,
          28.6629592
        ],
        [
          77.1287983,
          28.6631325
        ],
        [
          77.1285171,
          28.6632742
        ],
        [
          77.1284036,
          28.6631009
        ]
      ]
    ]
  }
},
{
  "type": "Feature",
  "id": "way/349993960",
  "properties": {
    "building": "yes",
    "id": "way/349993960"
  },
  "geometry": {
    "type": "Polygon",
    "coordinates": [
      [
        [
          77.1260396,
          28.6682687
        ],
        [
          77.1260159,
          28.6680883
        ],
        [
          77.1262297,
          28.6680667
        ],
        [
          77.1262534,
          28.668247
        ],
        [
          77.1260396,
          28.6682687
        ]
      ]
    ]
  }
},
{
  "type": "Feature",
  "id": "way/349993961",
  "properties": {
    "building": "yes",
    "id": "way/349993961"
  },
  "geometry": {
    "type": "Polygon",
    "coordinates": [
      [
        [
          77.1269852,
          28.6665678
        ],
        [
          77.1269518,
          28.6662977
        ],
        [
          77.1272229,
          28.6662719
        ],
        [
          77.1272563,
          28.666542
        ],
        [
          77.1269852,
          28.6665678
        ]
      ]
    ]
  }
},
{
  "type": "Feature",
  "id": "way/349993962",
  "properties": {
    "building": "yes",
    "id": "way/349993962"
  },
  "geometry": {
    "type": "Polygon",
    "coordinates": [
      [
        [
          77.1249152,
          28.6673683
        ],
        [
          77.1248982,
          28.6671998
        ],
        [
          77.1250046,
          28.6671916
        ],
        [
          77.1250215,
          28.66736
        ],
        [
          77.1249152,
          28.6673683
        ]
      ]
    ]
  }
},
{
  "type": "Feature",
  "id": "way/349993963",
  "properties": {
    "building": "yes",
    "id": "way/349993963"
  },
  "geometry": {
    "type": "Polygon",
    "coordinates": [
      [
        [
          77.1280089,
          28.6704054
        ],
        [
          77.1282293,
          28.6703738
        ],
        [
          77.1282486,
          28.6704775
        ],
        [
          77.1280281,
          28.6705091
        ],
        [
          77.1280089,
          28.6704054
        ]
      ]
    ]
  }
},
{
  "type": "Feature",
  "id": "way/349993964",
  "properties": {
    "building": "yes",
    "id": "way/349993964"
  },
  "geometry": {
    "type": "Polygon",
    "coordinates": [
      [
        [
          77.1252147,
          28.6666862
        ],
        [
          77.1251796,
          28.6664711
        ],
        [
          77.1253315,
          28.666452
        ],
        [
          77.1253666,
          28.6666671
        ],
        [
          77.1252147,
          28.6666862
        ]
      ]
    ]
  }
},
{
  "type": "Feature",
  "id": "way/349993965",
  "properties": {
    "building": "yes",
    "id": "way/349993965"
  },
  "geometry": {
    "type": "Polygon",
    "coordinates": [
      [
        [
          77.1292428,
          28.6705384
        ],
        [
          77.1292134,
          28.6702728
        ],
        [
          77.1294243,
          28.6702549
        ],
        [
          77.1294537,
          28.6705204
        ],
        [
          77.1292428,
          28.6705384
        ]
      ]
    ]
  }
},
{
  "type": "Feature",
  "id": "way/349993966",
  "properties": {
    "building": "yes",
    "id": "way/349993966"
  },
  "geometry": {
    "type": "Polygon",
    "coordinates": [
      [
        [
          77.1282185,
          28.6658108
        ],
        [
          77.128052,
          28.6653375
        ],
        [
          77.1282682,
          28.665279
        ],
        [
          77.1284347,
          28.6657523
        ],
        [
          77.1282185,
          28.6658108
        ]
      ]
    ]
  }
},
{
  "type": "Feature",
  "id": "way/349993967",
  "properties": {
    "building": "yes",
    "id": "way/349993967"
  },
  "geometry": {
    "type": "Polygon",
    "coordinates": [
      [
        [
          77.1286083,
          28.6703068
        ],
        [
          77.1285721,
          28.6700293
        ],
        [
          77.1287462,
          28.6700118
        ],
        [
          77.1287824,
          28.6702893
        ],
        [
          77.1286083,
          28.6703068
        ]
      ]
    ]
  }
},
{
  "type": "Feature",
  "id": "way/349993968",
  "properties": {
    "building": "yes",
    "id": "way/349993968"
  },
  "geometry": {
    "type": "Polygon",
    "coordinates": [
      [
        [
          77.1280849,
          28.6640375
        ],
        [
          77.1283676,
          28.6639072
        ],
        [
          77.1284483,
          28.664042
        ],
        [
          77.1281656,
          28.6641723
        ],
        [
          77.1280849,
          28.6640375
        ]
      ]
    ]
  }
},
{
  "type": "Feature",
  "id": "way/349993970",
  "properties": {
    "building": "yes",
    "id": "way/349993970"
  },
  "geometry": {
    "type": "Polygon",
    "coordinates": [
      [
        [
          77.1278194,
          28.6691389
        ],
        [
          77.1277959,
          28.6689785
        ],
        [
          77.1280562,
          28.668949
        ],
        [
          77.1280798,
          28.6691095
        ],
        [
          77.1278194,
          28.6691389
        ]
      ]
    ]
  }
},
{
  "type": "Feature",
  "id": "way/349993971",
  "properties": {
    "building": "yes",
    "id": "way/349993971"
  },
  "geometry": {
    "type": "Polygon",
    "coordinates": [
      [
        [
          77.130212,
          28.669353
        ],
        [
          77.1300708,
          28.6690775
        ],
        [
          77.1302386,
          28.6690113
        ],
        [
          77.1303797,
          28.6692868
        ],
        [
          77.130212,
          28.669353
        ]
      ]
    ]
  }
},
{
  "type": "Feature",
  "id": "way/349993974",
  "properties": {
    "building": "yes",
    "id": "way/349993974"
  },
  "geometry": {
    "type": "Polygon",
    "coordinates": [
      [
        [
          77.1278875,
          28.6652807
        ],
        [
          77.1278107,
          28.6649824
        ],
        [
          77.1279849,
          28.6649479
        ],
        [
          77.1281023,
          28.6652333
        ],
        [
          77.1278875,
          28.6652807
        ]
      ]
    ]
  }
},
{
  "type": "Feature",
  "id": "way/349993975",
  "properties": {
    "building": "yes",
    "id": "way/349993975"
  },
  "geometry": {
    "type": "Polygon",
    "coordinates": [
      [
        [
          77.1294607,
          28.6702986
        ],
        [
          77.1294427,
          28.6701083
        ],
        [
          77.1296626,
          28.6700922
        ],
        [
          77.1296807,
          28.6702825
        ],
        [
          77.1294607,
          28.6702986
        ]
      ]
    ]
  }
},
{
  "type": "Feature",
  "id": "way/349993977",
  "properties": {
    "building": "yes",
    "id": "way/349993977"
  },
  "geometry": {
    "type": "Polygon",
    "coordinates": [
      [
        [
          77.1274731,
          28.667839
        ],
        [
          77.1274412,
          28.6676517
        ],
        [
          77.1278581,
          28.667597
        ],
        [
          77.12789,
          28.6677843
        ],
        [
          77.1274731,
          28.667839
        ]
      ]
    ]
  }
},
{
  "type": "Feature",
  "id": "way/349993978",
  "properties": {
    "building": "yes",
    "id": "way/349993978"
  },
  "geometry": {
    "type": "Polygon",
    "coordinates": [
      [
        [
          77.1286049,
          28.6705403
        ],
        [
          77.1285801,
          28.6703596
        ],
        [
          77.1287055,
          28.6703463
        ],
        [
          77.1287302,
          28.6705271
        ],
        [
          77.1286049,
          28.6705403
        ]
      ]
    ]
  }
},
{
  "type": "Feature",
  "id": "way/349993979",
  "properties": {
    "building": "yes",
    "id": "way/349993979"
  },
  "geometry": {
    "type": "Polygon",
    "coordinates": [
      [
        [
          77.1267824,
          28.6682413
        ],
        [
          77.1267682,
          28.6681196
        ],
        [
          77.1270313,
          28.6680958
        ],
        [
          77.1270456,
          28.6682175
        ],
        [
          77.1267824,
          28.6682413
        ]
      ]
    ]
  }
},
{
  "type": "Feature",
  "id": "way/349993980",
  "properties": {
    "building": "yes",
    "id": "way/349993980"
  },
  "geometry": {
    "type": "Polygon",
    "coordinates": [
      [
        [
          77.1271673,
          28.6679291
        ],
        [
          77.1271536,
          28.6678186
        ],
        [
          77.1274439,
          28.6677909
        ],
        [
          77.1274576,
          28.6679014
        ],
        [
          77.1271673,
          28.6679291
        ]
      ]
    ]
  }
},
{
  "type": "Feature",
  "id": "way/349993981",
  "properties": {
    "building": "yes",
    "id": "way/349993981"
  },
  "geometry": {
    "type": "Polygon",
    "coordinates": [
      [
        [
          77.1285495,
          28.6644077
        ],
        [
          77.128414,
          28.6641897
        ],
        [
          77.1285711,
          28.6641144
        ],
        [
          77.1287067,
          28.6643325
        ],
        [
          77.1285495,
          28.6644077
        ]
      ]
    ]
  }
},
{
  "type": "Feature",
  "id": "way/349993982",
  "properties": {
    "building": "yes",
    "id": "way/349993982"
  },
  "geometry": {
    "type": "Polygon",
    "coordinates": [
      [
        [
          77.128034,
          28.6706483
        ],
        [
          77.1280184,
          28.6705172
        ],
        [
          77.1282725,
          28.6704939
        ],
        [
          77.1282881,
          28.670625
        ],
        [
          77.128034,
          28.6706483
        ]
      ]
    ]
  }
},
{
  "type": "Feature",
  "id": "way/349993983",
  "properties": {
    "building": "yes",
    "id": "way/349993983"
  },
  "geometry": {
    "type": "Polygon",
    "coordinates": [
      [
        [
          77.1264544,
          28.6682726
        ],
        [
          77.12644,
          28.6681337
        ],
        [
          77.1266637,
          28.6681159
        ],
        [
          77.1266781,
          28.6682548
        ],
        [
          77.1264544,
          28.6682726
        ]
      ]
    ]
  }
},
{
  "type": "Feature",
  "id": "way/349993984",
  "properties": {
    "building": "yes",
    "id": "way/349993984"
  },
  "geometry": {
    "type": "Polygon",
    "coordinates": [
      [
        [
          77.1278515,
          28.669484
        ],
        [
          77.1278263,
          28.6692896
        ],
        [
          77.1281041,
          28.6692619
        ],
        [
          77.1281294,
          28.6694563
        ],
        [
          77.1278515,
          28.669484
        ]
      ]
    ]
  }
},
{
  "type": "Feature",
  "id": "way/349993985",
  "properties": {
    "building": "yes",
    "id": "way/349993985"
  },
  "geometry": {
    "type": "Polygon",
    "coordinates": [
      [
        [
          77.1306516,
          28.6692228
        ],
        [
          77.130511,
          28.6689727
        ],
        [
          77.1305824,
          28.6689418
        ],
        [
          77.130723,
          28.6691919
        ],
        [
          77.1306516,
          28.6692228
        ]
      ]
    ]
  }
},
{
  "type": "Feature",
  "id": "way/349993987",
  "properties": {
    "building": "yes",
    "id": "way/349993987"
  },
  "geometry": {
    "type": "Polygon",
    "coordinates": [
      [
        [
          77.127097,
          28.6672402
        ],
        [
          77.1270816,
          28.6671247
        ],
        [
          77.1272996,
          28.6671023
        ],
        [
          77.127315,
          28.6672178
        ],
        [
          77.127097,
          28.6672402
        ]
      ]
    ]
  }
},
{
  "type": "Feature",
  "id": "way/349993990",
  "properties": {
    "building": "yes",
    "id": "way/349993990"
  },
  "geometry": {
    "type": "Polygon",
    "coordinates": [
      [
        [
          77.1273977,
          28.6652099
        ],
        [
          77.1273553,
          28.66498
        ],
        [
          77.1276031,
          28.6649641
        ],
        [
          77.1276318,
          28.6651996
        ],
        [
          77.1273977,
          28.6652099
        ]
      ]
    ]
  }
},
{
  "type": "Feature",
  "id": "way/349993991",
  "properties": {
    "building": "yes",
    "id": "way/349993991"
  },
  "geometry": {
    "type": "Polygon",
    "coordinates": [
      [
        [
          77.1297837,
          28.6698655
        ],
        [
          77.1297756,
          28.66977
        ],
        [
          77.1299385,
          28.6697244
        ],
        [
          77.129965,
          28.6698536
        ],
        [
          77.1297837,
          28.6698655
        ]
      ]
    ]
  }
},
{
  "type": "Feature",
  "id": "way/349993992",
  "properties": {
    "building": "yes",
    "id": "way/349993992"
  },
  "geometry": {
    "type": "Polygon",
    "coordinates": [
      [
        [
          77.1287703,
          28.6692364
        ],
        [
          77.1287416,
          28.6689925
        ],
        [
          77.1289344,
          28.668975
        ],
        [
          77.1289631,
          28.6692189
        ],
        [
          77.1287703,
          28.6692364
        ]
      ]
    ]
  }
},
{
  "type": "Feature",
  "id": "way/349993993",
  "properties": {
    "building": "yes",
    "id": "way/349993993"
  },
  "geometry": {
    "type": "Polygon",
    "coordinates": [
      [
        [
          77.1272046,
          28.6681689
        ],
        [
          77.1271938,
          28.6680673
        ],
        [
          77.1274728,
          28.6680445
        ],
        [
          77.1274836,
          28.6681461
        ],
        [
          77.1272046,
          28.6681689
        ]
      ]
    ]
  }
},
{
  "type": "Feature",
  "id": "way/349993994",
  "properties": {
    "building": "yes",
    "id": "way/349993994"
  },
  "geometry": {
    "type": "Polygon",
    "coordinates": [
      [
        [
          77.1275587,
          28.6691996
        ],
        [
          77.1275523,
          28.6691238
        ],
        [
          77.1277442,
          28.6691114
        ],
        [
          77.1277506,
          28.6691872
        ],
        [
          77.1275587,
          28.6691996
        ]
      ]
    ]
  }
},
{
  "type": "Feature",
  "id": "way/349993995",
  "properties": {
    "building": "yes",
    "id": "way/349993995"
  },
  "geometry": {
    "type": "Polygon",
    "coordinates": [
      [
        [
          77.1260121,
          28.6666298
        ],
        [
          77.1259839,
          28.6663959
        ],
        [
          77.1262647,
          28.6663698
        ],
        [
          77.1262929,
          28.6666037
        ],
        [
          77.1260121,
          28.6666298
        ]
      ]
    ]
  }
},
{
  "type": "Feature",
  "id": "way/349993996",
  "properties": {
    "building": "yes",
    "id": "way/349993996"
  },
  "geometry": {
    "type": "Polygon",
    "coordinates": [
      [
        [
          77.1260102,
          28.6680774
        ],
        [
          77.1259699,
          28.667746
        ],
        [
          77.1261769,
          28.6677266
        ],
        [
          77.1262173,
          28.668058
        ],
        [
          77.1260102,
          28.6680774
        ]
      ]
    ]
  }
},
{
  "type": "Feature",
  "id": "way/349993997",
  "properties": {
    "building": "yes",
    "id": "way/349993997"
  },
  "geometry": {
    "type": "Polygon",
    "coordinates": [
      [
        [
          77.1279043,
          28.6698022
        ],
        [
          77.1278814,
          28.6696747
        ],
        [
          77.128175,
          28.669634
        ],
        [
          77.128198,
          28.6697616
        ],
        [
          77.1279043,
          28.6698022
        ]
      ]
    ]
  }
},
{
  "type": "Feature",
  "id": "way/349993998",
  "properties": {
    "building": "yes",
    "id": "way/349993998"
  },
  "geometry": {
    "type": "Polygon",
    "coordinates": [
      [
        [
          77.1267124,
          28.6678558
        ],
        [
          77.1266902,
          28.6677105
        ],
        [
          77.1269341,
          28.6676818
        ],
        [
          77.1269564,
          28.6678271
        ],
        [
          77.1267124,
          28.6678558
        ]
      ]
    ]
  }
},
{
  "type": "Feature",
  "id": "way/349994000",
  "properties": {
    "building": "yes",
    "id": "way/349994000"
  },
  "geometry": {
    "type": "Polygon",
    "coordinates": [
      [
        [
          77.1279885,
          28.6702547
        ],
        [
          77.1282025,
          28.6702253
        ],
        [
          77.1282265,
          28.6703598
        ],
        [
          77.1280125,
          28.6703892
        ],
        [
          77.1279885,
          28.6702547
        ]
      ]
    ]
  }
},
{
  "type": "Feature",
  "id": "way/349994001",
  "properties": {
    "building": "yes",
    "id": "way/349994001"
  },
  "geometry": {
    "type": "Polygon",
    "coordinates": [
      [
        [
          77.1250887,
          28.6667246
        ],
        [
          77.1250512,
          28.6665025
        ],
        [
          77.1251748,
          28.6664864
        ],
        [
          77.1252124,
          28.6667086
        ],
        [
          77.1250887,
          28.6667246
        ]
      ]
    ]
  }
},
{
  "type": "Feature",
  "id": "way/349994003",
  "properties": {
    "building": "yes",
    "id": "way/349994003"
  },
  "geometry": {
    "type": "Polygon",
    "coordinates": [
      [
        [
          77.12678,
          28.6675341
        ],
        [
          77.1267624,
          28.6673225
        ],
        [
          77.1269239,
          28.6673121
        ],
        [
          77.1269415,
          28.6675238
        ],
        [
          77.12678,
          28.6675341
        ]
      ]
    ]
  }
},
{
  "type": "Feature",
  "id": "way/349994007",
  "properties": {
    "building": "yes",
    "id": "way/349994007"
  },
  "geometry": {
    "type": "Polygon",
    "coordinates": [
      [
        [
          77.1279029,
          28.6658692
        ],
        [
          77.1277764,
          28.6654223
        ],
        [
          77.1280218,
          28.6653689
        ],
        [
          77.1281483,
          28.6658158
        ],
        [
          77.1279029,
          28.6658692
        ]
      ]
    ]
  }
},
{
  "type": "Feature",
  "id": "way/349994008",
  "properties": {
    "building": "yes",
    "id": "way/349994008"
  },
  "geometry": {
    "type": "Polygon",
    "coordinates": [
      [
        [
          77.1293494,
          28.6690548
        ],
        [
          77.1292599,
          28.6688803
        ],
        [
          77.1293392,
          28.668849
        ],
        [
          77.1294286,
          28.6690235
        ],
        [
          77.1293494,
          28.6690548
        ]
      ]
    ]
  }
},
{
  "type": "Feature",
  "id": "way/349994009",
  "properties": {
    "building": "yes",
    "id": "way/349994009"
  },
  "geometry": {
    "type": "Polygon",
    "coordinates": [
      [
        [
          77.1285129,
          28.6633951
        ],
        [
          77.1287672,
          28.663263
        ],
        [
          77.1288781,
          28.6634273
        ],
        [
          77.1286238,
          28.6635594
        ],
        [
          77.1285129,
          28.6633951
        ]
      ]
    ]
  }
},
{
  "type": "Feature",
  "id": "way/349994012",
  "properties": {
    "building": "yes",
    "id": "way/349994012"
  },
  "geometry": {
    "type": "Polygon",
    "coordinates": [
      [
        [
          77.1266416,
          28.6665288
        ],
        [
          77.1266145,
          28.6662989
        ],
        [
          77.1267652,
          28.6662852
        ],
        [
          77.1267923,
          28.6665151
        ],
        [
          77.1266416,
          28.6665288
        ]
      ]
    ]
  }
},
{
  "type": "Feature",
  "id": "way/349994014",
  "properties": {
    "building": "yes",
    "id": "way/349994014"
  },
  "geometry": {
    "type": "Polygon",
    "coordinates": [
      [
        [
          77.1260843,
          28.6685516
        ],
        [
          77.1260481,
          28.668286
        ],
        [
          77.1262616,
          28.6682637
        ],
        [
          77.1262977,
          28.6685292
        ],
        [
          77.1260843,
          28.6685516
        ]
      ]
    ]
  }
},
{
  "type": "Feature",
  "id": "way/349994015",
  "properties": {
    "building": "yes",
    "id": "way/349994015"
  },
  "geometry": {
    "type": "Polygon",
    "coordinates": [
      [
        [
          77.1291072,
          28.664636
        ],
        [
          77.1288982,
          28.6644497
        ],
        [
          77.1290128,
          28.6643508
        ],
        [
          77.1292217,
          28.6645371
        ],
        [
          77.1291072,
          28.664636
        ]
      ]
    ]
  }
},
{
  "type": "Feature",
  "id": "way/349994016",
  "properties": {
    "building": "yes",
    "id": "way/349994016"
  },
  "geometry": {
    "type": "Polygon",
    "coordinates": [
      [
        [
          77.1271233,
          28.6676437
        ],
        [
          77.1271055,
          28.6675351
        ],
        [
          77.127389,
          28.6674994
        ],
        [
          77.1274068,
          28.667608
        ],
        [
          77.1271233,
          28.6676437
        ]
      ]
    ]
  }
},
{
  "type": "Feature",
  "id": "way/349994017",
  "properties": {
    "building": "yes",
    "id": "way/349994017"
  },
  "geometry": {
    "type": "Polygon",
    "coordinates": [
      [
        [
          77.1254058,
          28.6666854
        ],
        [
          77.1253818,
          28.666499
        ],
        [
          77.1256581,
          28.6664717
        ],
        [
          77.125682,
          28.6666581
        ],
        [
          77.1254058,
          28.6666854
        ]
      ]
    ]
  }
},
{
  "type": "Feature",
  "id": "way/349994018",
  "properties": {
    "building": "yes",
    "id": "way/349994018"
  },
  "geometry": {
    "type": "Polygon",
    "coordinates": [
      [
        [
          77.1283507,
          28.6647929
        ],
        [
          77.1285269,
          28.6650674
        ],
        [
          77.1283867,
          28.6651366
        ],
        [
          77.1282106,
          28.6648621
        ],
        [
          77.1283507,
          28.6647929
        ]
      ]
    ]
  }
},
{
  "type": "Feature",
  "id": "way/349994020",
  "properties": {
    "building": "yes",
    "id": "way/349994020"
  },
  "geometry": {
    "type": "Polygon",
    "coordinates": [
      [
        [
          77.1287992,
          28.670279
        ],
        [
          77.1287833,
          28.6700124
        ],
        [
          77.1290013,
          28.6700025
        ],
        [
          77.1290171,
          28.6702691
        ],
        [
          77.1287992,
          28.670279
        ]
      ]
    ]
  }
},
{
  "type": "Feature",
  "id": "way/349994021",
  "properties": {
    "building": "yes",
    "id": "way/349994021"
  },
  "geometry": {
    "type": "Polygon",
    "coordinates": [
      [
        [
          77.1267576,
          28.6681115
        ],
        [
          77.1267203,
          28.6678816
        ],
        [
          77.1269469,
          28.6678533
        ],
        [
          77.1269842,
          28.6680832
        ],
        [
          77.1267576,
          28.6681115
        ]
      ]
    ]
  }
},
{
  "type": "Feature",
  "id": "way/349994022",
  "properties": {
    "building": "yes",
    "id": "way/349994022"
  },
  "geometry": {
    "type": "Polygon",
    "coordinates": [
      [
        [
          77.1285183,
          28.6698017
        ],
        [
          77.1284864,
          28.6695733
        ],
        [
          77.1286839,
          28.669552
        ],
        [
          77.1287159,
          28.6697804
        ],
        [
          77.1285183,
          28.6698017
        ]
      ]
    ]
  }
},
{
  "type": "Feature",
  "id": "way/349994023",
  "properties": {
    "building": "yes",
    "id": "way/349994023"
  },
  "geometry": {
    "type": "Polygon",
    "coordinates": [
      [
        [
          77.1281318,
          28.6643255
        ],
        [
          77.1283936,
          28.6642035
        ],
        [
          77.1285421,
          28.664449
        ],
        [
          77.1282803,
          28.664571
        ],
        [
          77.1281318,
          28.6643255
        ]
      ]
    ]
  }
},
{
  "type": "Feature",
  "id": "way/349994025",
  "properties": {
    "building": "yes",
    "id": "way/349994025"
  },
  "geometry": {
    "type": "Polygon",
    "coordinates": [
      [
        [
          77.1257983,
          28.6683168
        ],
        [
          77.1257689,
          28.668076
        ],
        [
          77.125978,
          28.6680564
        ],
        [
          77.1260074,
          28.6682972
        ],
        [
          77.1257983,
          28.6683168
        ]
      ]
    ]
  }
},
{
  "type": "Feature",
  "id": "way/349994027",
  "properties": {
    "building": "yes",
    "id": "way/349994027"
  },
  "geometry": {
    "type": "Polygon",
    "coordinates": [
      [
        [
          77.1278414,
          28.6692801
        ],
        [
          77.1278223,
          28.6691511
        ],
        [
          77.1280627,
          28.6691237
        ],
        [
          77.1280817,
          28.6692528
        ],
        [
          77.1278414,
          28.6692801
        ]
      ]
    ]
  }
},
{
  "type": "Feature",
  "id": "way/349994028",
  "properties": {
    "building": "yes",
    "id": "way/349994028"
  },
  "geometry": {
    "type": "Polygon",
    "coordinates": [
      [
        [
          77.1298612,
          28.6704732
        ],
        [
          77.129842,
          28.670274
        ],
        [
          77.130049,
          28.6702586
        ],
        [
          77.1300682,
          28.6704578
        ],
        [
          77.1298612,
          28.6704732
        ]
      ]
    ]
  }
},
{
  "type": "Feature",
  "id": "way/349994029",
  "properties": {
    "building": "yes",
    "id": "way/349994029"
  },
  "geometry": {
    "type": "Polygon",
    "coordinates": [
      [
        [
          77.1274115,
          28.6674013
        ],
        [
          77.1273863,
          28.6672578
        ],
        [
          77.1278189,
          28.6671993
        ],
        [
          77.1278441,
          28.6673428
        ],
        [
          77.1274115,
          28.6674013
        ]
      ]
    ]
  }
},
{
  "type": "Feature",
  "id": "way/349994031",
  "properties": {
    "building": "yes",
    "id": "way/349994031"
  },
  "geometry": {
    "type": "Polygon",
    "coordinates": [
      [
        [
          77.1272783,
          28.6686034
        ],
        [
          77.1272632,
          28.6684955
        ],
        [
          77.1275478,
          28.6684648
        ],
        [
          77.127563,
          28.6685727
        ],
        [
          77.1272783,
          28.6686034
        ]
      ]
    ]
  }
},
{
  "type": "Feature",
  "id": "way/349994032",
  "properties": {
    "building": "yes",
    "id": "way/349994032"
  },
  "geometry": {
    "type": "Polygon",
    "coordinates": [
      [
        [
          77.1254162,
          28.6669717
        ],
        [
          77.1253868,
          28.6667349
        ],
        [
          77.1256795,
          28.6667069
        ],
        [
          77.1257089,
          28.6669438
        ],
        [
          77.1254162,
          28.6669717
        ]
      ]
    ]
  }
},
{
  "type": "Feature",
  "id": "way/349994033",
  "properties": {
    "building": "yes",
    "id": "way/349994033"
  },
  "geometry": {
    "type": "Polygon",
    "coordinates": [
      [
        [
          77.1292342,
          28.6644905
        ],
        [
          77.1289891,
          28.6642705
        ],
        [
          77.1291125,
          28.6641646
        ],
        [
          77.1293576,
          28.6643846
        ],
        [
          77.1292342,
          28.6644905
        ]
      ]
    ]
  }
},
{
  "type": "Feature",
  "id": "way/349994034",
  "properties": {
    "building": "yes",
    "id": "way/349994034"
  },
  "geometry": {
    "type": "Polygon",
    "coordinates": [
      [
        [
          77.1295172,
          28.6705027
        ],
        [
          77.1294946,
          28.6703749
        ],
        [
          77.1296998,
          28.670347
        ],
        [
          77.1297224,
          28.6704748
        ],
        [
          77.1295172,
          28.6705027
        ]
      ]
    ]
  }
},
{
  "type": "Feature",
  "id": "way/349994035",
  "properties": {
    "building": "yes",
    "id": "way/349994035"
  },
  "geometry": {
    "type": "Polygon",
    "coordinates": [
      [
        [
          77.128763,
          28.67056
        ],
        [
          77.1287367,
          28.6703476
        ],
        [
          77.1288817,
          28.6703338
        ],
        [
          77.128908,
          28.6705461
        ],
        [
          77.128763,
          28.67056
        ]
      ]
    ]
  }
},
{
  "type": "Feature",
  "id": "way/349994036",
  "properties": {
    "building": "yes",
    "id": "way/349994036"
  },
  "geometry": {
    "type": "Polygon",
    "coordinates": [
      [
        [
          77.1267983,
          28.668502
        ],
        [
          77.1267702,
          28.6682572
        ],
        [
          77.1270515,
          28.6682324
        ],
        [
          77.1270795,
          28.6684772
        ],
        [
          77.1267983,
          28.668502
        ]
      ]
    ]
  }
},
{
  "type": "Feature",
  "id": "way/349994037",
  "properties": {
    "building": "yes",
    "id": "way/349994037"
  },
  "geometry": {
    "type": "Polygon",
    "coordinates": [
      [
        [
          77.1285097,
          28.6646473
        ],
        [
          77.1286743,
          28.6645388
        ],
        [
          77.1289018,
          28.6648046
        ],
        [
          77.1287372,
          28.6649131
        ],
        [
          77.1285097,
          28.6646473
        ]
      ]
    ]
  }
},
{
  "type": "Feature",
  "id": "way/349994038",
  "properties": {
    "building": "yes",
    "id": "way/349994038"
  },
  "geometry": {
    "type": "Polygon",
    "coordinates": [
      [
        [
          77.1257094,
          28.6666655
        ],
        [
          77.1256868,
          28.6664494
        ],
        [
          77.1259569,
          28.6664277
        ],
        [
          77.1259795,
          28.6666437
        ],
        [
          77.1257094,
          28.6666655
        ]
      ]
    ]
  }
},
{
  "type": "Feature",
  "id": "way/349994039",
  "properties": {
    "building": "yes",
    "id": "way/349994039"
  },
  "geometry": {
    "type": "Polygon",
    "coordinates": [
      [
        [
          77.1298472,
          28.6695333
        ],
        [
          77.1297049,
          28.6692569
        ],
        [
          77.1298648,
          28.6691935
        ],
        [
          77.1300071,
          28.66947
        ],
        [
          77.1298472,
          28.6695333
        ]
      ]
    ]
  }
},
{
  "type": "Feature",
  "id": "way/349994040",
  "properties": {
    "building": "yes",
    "id": "way/349994040"
  },
  "geometry": {
    "type": "Polygon",
    "coordinates": [
      [
        [
          77.1278685,
          28.6696584
        ],
        [
          77.1278494,
          28.669526
        ],
        [
          77.1281092,
          28.6694972
        ],
        [
          77.1281282,
          28.6696297
        ],
        [
          77.1278685,
          28.6696584
        ]
      ]
    ]
  }
},
{
  "type": "Feature",
  "id": "way/349994041",
  "properties": {
    "building": "yes",
    "id": "way/349994041"
  },
  "geometry": {
    "type": "Polygon",
    "coordinates": [
      [
        [
          77.1300873,
          28.6702239
        ],
        [
          77.1305763,
          28.6701575
        ],
        [
          77.1306114,
          28.6703564
        ],
        [
          77.1301224,
          28.6704228
        ],
        [
          77.1300873,
          28.6702239
        ]
      ]
    ]
  }
},
{
  "type": "Feature",
  "id": "way/349994042",
  "properties": {
    "building": "yes",
    "id": "way/349994042"
  },
  "geometry": {
    "type": "Polygon",
    "coordinates": [
      [
        [
          77.1264673,
          28.6675615
        ],
        [
          77.1264504,
          28.6673375
        ],
        [
          77.1266005,
          28.6673288
        ],
        [
          77.1266175,
          28.6675528
        ],
        [
          77.1264673,
          28.6675615
        ]
      ]
    ]
  }
},
{
  "type": "Feature",
  "id": "way/349994043",
  "properties": {
    "building": "yes",
    "id": "way/349994043"
  },
  "geometry": {
    "type": "Polygon",
    "coordinates": [
      [
        [
          77.1274629,
          28.6670177
        ],
        [
          77.127442,
          28.6668696
        ],
        [
          77.1276973,
          28.6668418
        ],
        [
          77.1277182,
          28.6669899
        ],
        [
          77.1274629,
          28.6670177
        ]
      ]
    ]
  }
},
{
  "type": "Feature",
  "id": "way/349994044",
  "properties": {
    "building": "yes",
    "id": "way/349994044"
  },
  "geometry": {
    "type": "Polygon",
    "coordinates": [
      [
        [
          77.1287667,
          28.6698059
        ],
        [
          77.1287132,
          28.6695039
        ],
        [
          77.1287863,
          28.6694939
        ],
        [
          77.1288398,
          28.6697959
        ],
        [
          77.1287667,
          28.6698059
        ]
      ]
    ]
  }
},
{
  "type": "Feature",
  "id": "way/349994045",
  "properties": {
    "building": "yes",
    "id": "way/349994045"
  },
  "geometry": {
    "type": "Polygon",
    "coordinates": [
      [
        [
          77.1272233,
          28.6682104
        ],
        [
          77.1275068,
          28.6681807
        ],
        [
          77.1275238,
          28.6683054
        ],
        [
          77.1272403,
          28.6683352
        ],
        [
          77.1272233,
          28.6682104
        ]
      ]
    ]
  }
},
{
  "type": "Feature",
  "id": "way/349994047",
  "properties": {
    "building": "yes",
    "id": "way/349994047"
  },
  "geometry": {
    "type": "Polygon",
    "coordinates": [
      [
        [
          77.1275338,
          28.6682356
        ],
        [
          77.1275072,
          28.6680507
        ],
        [
          77.1279624,
          28.6680003
        ],
        [
          77.127989,
          28.6681851
        ],
        [
          77.1275338,
          28.6682356
        ]
      ]
    ]
  }
},
{
  "type": "Feature",
  "id": "way/349994048",
  "properties": {
    "building": "yes",
    "id": "way/349994048"
  },
  "geometry": {
    "type": "Polygon",
    "coordinates": [
      [
        [
          77.1260453,
          28.6669172
        ],
        [
          77.1260216,
          28.6666596
        ],
        [
          77.1263396,
          28.666637
        ],
        [
          77.1263633,
          28.6668947
        ],
        [
          77.1260453,
          28.6669172
        ]
      ]
    ]
  }
},
{
  "type": "Feature",
  "id": "way/349994049",
  "properties": {
    "building": "yes",
    "id": "way/349994049"
  },
  "geometry": {
    "type": "Polygon",
    "coordinates": [
      [
        [
          77.1258333,
          28.6685745
        ],
        [
          77.1258096,
          28.6683376
        ],
        [
          77.126034,
          28.6683203
        ],
        [
          77.1260577,
          28.6685572
        ],
        [
          77.1258333,
          28.6685745
        ]
      ]
    ]
  }
},
{
  "type": "Feature",
  "id": "way/349994050",
  "properties": {
    "building": "yes",
    "id": "way/349994050"
  },
  "geometry": {
    "type": "Polygon",
    "coordinates": [
      [
        [
          77.1297921,
          28.664744
        ],
        [
          77.1295158,
          28.66451
        ],
        [
          77.1296396,
          28.6643974
        ],
        [
          77.129916,
          28.6646315
        ],
        [
          77.1297921,
          28.664744
        ]
      ]
    ]
  }
},
{
  "type": "Feature",
  "id": "way/349994051",
  "properties": {
    "building": "yes",
    "id": "way/349994051"
  },
  "geometry": {
    "type": "Polygon",
    "coordinates": [
      [
        [
          77.1298035,
          28.6700533
        ],
        [
          77.1297875,
          28.6698746
        ],
        [
          77.1299662,
          28.6698623
        ],
        [
          77.1299821,
          28.670041
        ],
        [
          77.1298035,
          28.6700533
        ]
      ]
    ]
  }
},
{
  "type": "Feature",
  "id": "way/349994052",
  "properties": {
    "building": "yes",
    "id": "way/349994052"
  },
  "geometry": {
    "type": "Polygon",
    "coordinates": [
      [
        [
          77.1291987,
          28.6702371
        ],
        [
          77.1291569,
          28.669925
        ],
        [
          77.1293596,
          28.6699041
        ],
        [
          77.1294013,
          28.6702163
        ],
        [
          77.1291987,
          28.6702371
        ]
      ]
    ]
  }
},
{
  "type": "Feature",
  "id": "way/349994053",
  "properties": {
    "building": "yes",
    "id": "way/349994053"
  },
  "geometry": {
    "type": "Polygon",
    "coordinates": [
      [
        [
          77.1268789,
          28.6689103
        ],
        [
          77.1268531,
          28.668694
        ],
        [
          77.1270903,
          28.6686722
        ],
        [
          77.1271161,
          28.6688885
        ],
        [
          77.1268789,
          28.6689103
        ]
      ]
    ]
  }
},
{
  "type": "Feature",
  "id": "way/349994054",
  "properties": {
    "building": "yes",
    "id": "way/349994054"
  },
  "geometry": {
    "type": "Polygon",
    "coordinates": [
      [
        [
          77.1271913,
          28.6680589
        ],
        [
          77.1271786,
          28.6679493
        ],
        [
          77.1274541,
          28.6679248
        ],
        [
          77.1274668,
          28.6680344
        ],
        [
          77.1271913,
          28.6680589
        ]
      ]
    ]
  }
},
{
  "type": "Feature",
  "id": "way/349994055",
  "properties": {
    "building": "yes",
    "id": "way/349994055"
  },
  "geometry": {
    "type": "Polygon",
    "coordinates": [
      [
        [
          77.1275905,
          28.6693774
        ],
        [
          77.1275718,
          28.6692072
        ],
        [
          77.1277787,
          28.6691897
        ],
        [
          77.1277974,
          28.6693599
        ],
        [
          77.1275905,
          28.6693774
        ]
      ]
    ]
  }
},
{
  "type": "Feature",
  "id": "way/349994056",
  "properties": {
    "building": "yes",
    "id": "way/349994056"
  },
  "geometry": {
    "type": "Polygon",
    "coordinates": [
      [
        [
          77.1263566,
          28.6665921
        ],
        [
          77.1263272,
          28.6663771
        ],
        [
          77.1265815,
          28.6663504
        ],
        [
          77.1266108,
          28.6665654
        ],
        [
          77.1263566,
          28.6665921
        ]
      ]
    ]
  }
},
{
  "type": "Feature",
  "id": "way/349994057",
  "properties": {
    "building": "yes",
    "id": "way/349994057"
  },
  "geometry": {
    "type": "Polygon",
    "coordinates": [
      [
        [
          77.1279258,
          28.6699568
        ],
        [
          77.1279078,
          28.6698155
        ],
        [
          77.1282015,
          28.6697868
        ],
        [
          77.1282194,
          28.6699281
        ],
        [
          77.1279258,
          28.6699568
        ]
      ]
    ]
  }
},
{
  "type": "Feature",
  "id": "way/349994058",
  "properties": {
    "building": "yes",
    "id": "way/349994058"
  },
  "geometry": {
    "type": "Polygon",
    "coordinates": [
      [
        [
          77.127112,
          28.6675208
        ],
        [
          77.1270936,
          28.6673951
        ],
        [
          77.1273658,
          28.6673644
        ],
        [
          77.1273842,
          28.6674901
        ],
        [
          77.127112,
          28.6675208
        ]
      ]
    ]
  }
},
{
  "type": "Feature",
  "id": "way/349994059",
  "properties": {
    "building": "yes",
    "id": "way/349994059"
  },
  "geometry": {
    "type": "Polygon",
    "coordinates": [
      [
        [
          77.1274144,
          28.666655
        ],
        [
          77.1273864,
          28.666518
        ],
        [
          77.1276506,
          28.6664764
        ],
        [
          77.1276787,
          28.6666134
        ],
        [
          77.1274144,
          28.666655
        ]
      ]
    ]
  }
},
{
  "type": "Feature",
  "id": "way/349994060",
  "properties": {
    "building": "yes",
    "id": "way/349994060"
  },
  "geometry": {
    "type": "Polygon",
    "coordinates": [
      [
        [
          77.1289723,
          28.6697615
        ],
        [
          77.1289108,
          28.6694609
        ],
        [
          77.1289904,
          28.6694484
        ],
        [
          77.1290519,
          28.669749
        ],
        [
          77.1289723,
          28.6697615
        ]
      ]
    ]
  }
},
{
  "type": "Feature",
  "id": "way/349994061",
  "properties": {
    "building": "yes",
    "id": "way/349994061"
  },
  "geometry": {
    "type": "Polygon",
    "coordinates": [
      [
        [
          77.1285394,
          28.6647245
        ],
        [
          77.1287393,
          28.6649604
        ],
        [
          77.1286117,
          28.6650436
        ],
        [
          77.1284118,
          28.6648078
        ],
        [
          77.1285394,
          28.6647245
        ]
      ]
    ]
  }
},
{
  "type": "Feature",
  "id": "way/349994063",
  "properties": {
    "building": "yes",
    "id": "way/349994063"
  },
  "geometry": {
    "type": "Polygon",
    "coordinates": [
      [
        [
          77.1244066,
          28.6675076
        ],
        [
          77.1243852,
          28.6672708
        ],
        [
          77.1246765,
          28.6672505
        ],
        [
          77.124698,
          28.6674873
        ],
        [
          77.1244066,
          28.6675076
        ]
      ]
    ]
  }
},
{
  "type": "Feature",
  "id": "way/349994064",
  "properties": {
    "building": "yes",
    "id": "way/349994064"
  },
  "geometry": {
    "type": "Polygon",
    "coordinates": [
      [
        [
          77.1276817,
          28.6688394
        ],
        [
          77.1276549,
          28.6686232
        ],
        [
          77.1280287,
          28.6685875
        ],
        [
          77.1280555,
          28.6688037
        ],
        [
          77.1276817,
          28.6688394
        ]
      ]
    ]
  }
},
{
  "type": "Feature",
  "id": "way/349994065",
  "properties": {
    "building": "yes",
    "id": "way/349994065"
  },
  "geometry": {
    "type": "Polygon",
    "coordinates": [
      [
        [
          77.1293481,
          28.6652065
        ],
        [
          77.1290941,
          28.6648772
        ],
        [
          77.129276,
          28.6647692
        ],
        [
          77.12953,
          28.6650986
        ],
        [
          77.1293481,
          28.6652065
        ]
      ]
    ]
  }
},
{
  "type": "Feature",
  "id": "way/349994066",
  "properties": {
    "building": "yes",
    "id": "way/349994066"
  },
  "geometry": {
    "type": "Polygon",
    "coordinates": [
      [
        [
          77.1286712,
          28.6639988
        ],
        [
          77.1289638,
          28.6637154
        ],
        [
          77.1290662,
          28.6637968
        ],
        [
          77.1290202,
          28.6638414
        ],
        [
          77.1290836,
          28.6638917
        ],
        [
          77.128837,
          28.6641305
        ],
        [
          77.1286712,
          28.6639988
        ]
      ]
    ]
  }
},
{
  "type": "Feature",
  "id": "way/349994071",
  "properties": {
    "building": "yes",
    "id": "way/349994071"
  },
  "geometry": {
    "type": "Polygon",
    "coordinates": [
      [
        [
          77.1285176,
          28.6656511
        ],
        [
          77.1284217,
          28.6655002
        ],
        [
          77.1285157,
          28.6654542
        ],
        [
          77.1285482,
          28.6655053
        ],
        [
          77.1286,
          28.6654799
        ],
        [
          77.1285675,
          28.6654288
        ],
        [
          77.1286261,
          28.6654001
        ],
        [
          77.128722,
          28.665551
        ],
        [
          77.1285176,
          28.6656511
        ]
      ]
    ]
  }
},
{
  "type": "Feature",
  "id": "way/350001992",
  "properties": {
    "building": "yes",
    "id": "way/350001992"
  },
  "geometry": {
    "type": "Polygon",
    "coordinates": [
      [
        [
          77.1321144,
          28.6718183
        ],
        [
          77.1320851,
          28.6716215
        ],
        [
          77.1323005,
          28.6715969
        ],
        [
          77.1323297,
          28.6717936
        ],
        [
          77.1321144,
          28.6718183
        ]
      ]
    ]
  }
},
{
  "type": "Feature",
  "id": "way/350001993",
  "properties": {
    "building": "yes",
    "id": "way/350001993"
  },
  "geometry": {
    "type": "Polygon",
    "coordinates": [
      [
        [
          77.1305734,
          28.6708159
        ],
        [
          77.1305305,
          28.6705781
        ],
        [
          77.1306728,
          28.6705583
        ],
        [
          77.1307157,
          28.6707961
        ],
        [
          77.1305734,
          28.6708159
        ]
      ]
    ]
  }
},
{
  "type": "Feature",
  "id": "way/350001994",
  "properties": {
    "building": "yes",
    "id": "way/350001994"
  },
  "geometry": {
    "type": "Polygon",
    "coordinates": [
      [
        [
          77.1343009,
          28.6688773
        ],
        [
          77.1344335,
          28.66874
        ],
        [
          77.1345924,
          28.6688581
        ],
        [
          77.1344598,
          28.6689954
        ],
        [
          77.1343009,
          28.6688773
        ]
      ]
    ]
  }
},
{
  "type": "Feature",
  "id": "way/350001995",
  "properties": {
    "building": "yes",
    "id": "way/350001995"
  },
  "geometry": {
    "type": "Polygon",
    "coordinates": [
      [
        [
          77.1330565,
          28.6676628
        ],
        [
          77.1327776,
          28.6674418
        ],
        [
          77.1329963,
          28.6672292
        ],
        [
          77.1332753,
          28.6674502
        ],
        [
          77.1330565,
          28.6676628
        ]
      ]
    ]
  }
},
{
  "type": "Feature",
  "id": "way/350001996",
  "properties": {
    "building": "yes",
    "id": "way/350001996"
  },
  "geometry": {
    "type": "Polygon",
    "coordinates": [
      [
        [
          77.1301815,
          28.671574
        ],
        [
          77.1301521,
          28.6713461
        ],
        [
          77.1303416,
          28.6713273
        ],
        [
          77.130371,
          28.6715552
        ],
        [
          77.1301815,
          28.671574
        ]
      ]
    ]
  }
},
{
  "type": "Feature",
  "id": "way/350001997",
  "properties": {
    "building": "yes",
    "id": "way/350001997"
  },
  "geometry": {
    "type": "Polygon",
    "coordinates": [
      [
        [
          77.131486,
          28.6715583
        ],
        [
          77.1314599,
          28.6713829
        ],
        [
          77.1318237,
          28.6713413
        ],
        [
          77.1318498,
          28.6715167
        ],
        [
          77.131486,
          28.6715583
        ]
      ]
    ]
  }
},
{
  "type": "Feature",
  "id": "way/350001998",
  "properties": {
    "building": "yes",
    "id": "way/350001998"
  },
  "geometry": {
    "type": "Polygon",
    "coordinates": [
      [
        [
          77.1310556,
          28.6717269
        ],
        [
          77.1310314,
          28.6715422
        ],
        [
          77.1313172,
          28.6715134
        ],
        [
          77.1313413,
          28.6716981
        ],
        [
          77.1310556,
          28.6717269
        ]
      ]
    ]
  }
},
{
  "type": "Feature",
  "id": "way/350001999",
  "properties": {
    "building": "yes",
    "id": "way/350001999"
  },
  "geometry": {
    "type": "Polygon",
    "coordinates": [
      [
        [
          77.1328421,
          28.6691978
        ],
        [
          77.1330019,
          28.669059
        ],
        [
          77.1330788,
          28.6691271
        ],
        [
          77.1329189,
          28.6692659
        ],
        [
          77.1328421,
          28.6691978
        ]
      ]
    ]
  }
},
{
  "type": "Feature",
  "id": "way/350002000",
  "properties": {
    "building": "yes",
    "id": "way/350002000"
  },
  "geometry": {
    "type": "Polygon",
    "coordinates": [
      [
        [
          77.1316092,
          28.6706738
        ],
        [
          77.1315674,
          28.6704459
        ],
        [
          77.1316972,
          28.6704276
        ],
        [
          77.131739,
          28.6706555
        ],
        [
          77.1316092,
          28.6706738
        ]
      ]
    ]
  }
},
{
  "type": "Feature",
  "id": "way/350002001",
  "properties": {
    "building": "yes",
    "id": "way/350002001"
  },
  "geometry": {
    "type": "Polygon",
    "coordinates": [
      [
        [
          77.1290617,
          28.6713558
        ],
        [
          77.1289991,
          28.6710857
        ],
        [
          77.1292852,
          28.6710347
        ],
        [
          77.1293478,
          28.6713048
        ],
        [
          77.1290617,
          28.6713558
        ]
      ]
    ]
  }
},
{
  "type": "Feature",
  "id": "way/350002002",
  "properties": {
    "building": "yes",
    "id": "way/350002002"
  },
  "geometry": {
    "type": "Polygon",
    "coordinates": [
      [
        [
          77.1300083,
          28.6725039
        ],
        [
          77.129918,
          28.6722944
        ],
        [
          77.1300718,
          28.6722434
        ],
        [
          77.130162,
          28.6724529
        ],
        [
          77.1300083,
          28.6725039
        ]
      ]
    ]
  }
},
{
  "type": "Feature",
  "id": "way/350002003",
  "properties": {
    "building": "yes",
    "id": "way/350002003"
  },
  "geometry": {
    "type": "Polygon",
    "coordinates": [
      [
        [
          77.1321228,
          28.6692072
        ],
        [
          77.1322725,
          28.6690526
        ],
        [
          77.1323607,
          28.6691183
        ],
        [
          77.1322111,
          28.6692729
        ],
        [
          77.1321228,
          28.6692072
        ]
      ]
    ]
  }
},
{
  "type": "Feature",
  "id": "way/350002004",
  "properties": {
    "building": "yes",
    "id": "way/350002004"
  },
  "geometry": {
    "type": "Polygon",
    "coordinates": [
      [
        [
          77.1305914,
          28.6723115
        ],
        [
          77.1305547,
          28.6721896
        ],
        [
          77.1306166,
          28.6721752
        ],
        [
          77.1306533,
          28.6722971
        ],
        [
          77.1305914,
          28.6723115
        ]
      ]
    ]
  }
},
{
  "type": "Feature",
  "id": "way/350002005",
  "properties": {
    "building": "yes",
    "id": "way/350002005"
  },
  "geometry": {
    "type": "Polygon",
    "coordinates": [
      [
        [
          77.1325318,
          28.6685807
        ],
        [
          77.1326915,
          28.668444
        ],
        [
          77.1327679,
          28.6685128
        ],
        [
          77.1326082,
          28.6686494
        ],
        [
          77.1325318,
          28.6685807
        ]
      ]
    ]
  }
},
{
  "type": "Feature",
  "id": "way/350002006",
  "properties": {
    "building": "yes",
    "id": "way/350002006"
  },
  "geometry": {
    "type": "Polygon",
    "coordinates": [
      [
        [
          77.1311254,
          28.670724
        ],
        [
          77.1311062,
          28.6705288
        ],
        [
          77.1312385,
          28.6705188
        ],
        [
          77.1312577,
          28.670714
        ],
        [
          77.1311254,
          28.670724
        ]
      ]
    ]
  }
},
{
  "type": "Feature",
  "id": "way/350002007",
  "properties": {
    "building": "yes",
    "id": "way/350002007"
  },
  "geometry": {
    "type": "Polygon",
    "coordinates": [
      [
        [
          77.1302342,
          28.6718461
        ],
        [
          77.130219,
          28.6717474
        ],
        [
          77.1304075,
          28.671725
        ],
        [
          77.1304227,
          28.6718237
        ],
        [
          77.1302342,
          28.6718461
        ]
      ]
    ]
  }
},
{
  "type": "Feature",
  "id": "way/350002008",
  "properties": {
    "building": "yes",
    "id": "way/350002008"
  },
  "geometry": {
    "type": "Polygon",
    "coordinates": [
      [
        [
          77.1336378,
          28.668892
        ],
        [
          77.1338513,
          28.6687166
        ],
        [
          77.1339498,
          28.6688089
        ],
        [
          77.1337364,
          28.6689843
        ],
        [
          77.1336378,
          28.668892
        ]
      ]
    ]
  }
},
{
  "type": "Feature",
  "id": "way/350002009",
  "properties": {
    "building": "yes",
    "id": "way/350002009"
  },
  "geometry": {
    "type": "Polygon",
    "coordinates": [
      [
        [
          77.1331543,
          28.6694673
        ],
        [
          77.1333172,
          28.6693153
        ],
        [
          77.1334193,
          28.6693995
        ],
        [
          77.1332564,
          28.6695515
        ],
        [
          77.1331543,
          28.6694673
        ]
      ]
    ]
  }
},
{
  "type": "Feature",
  "id": "way/350002010",
  "properties": {
    "building": "yes",
    "id": "way/350002010"
  },
  "geometry": {
    "type": "Polygon",
    "coordinates": [
      [
        [
          77.1308553,
          28.6717546
        ],
        [
          77.1308448,
          28.6716775
        ],
        [
          77.1310053,
          28.6716606
        ],
        [
          77.1310158,
          28.6717378
        ],
        [
          77.1308553,
          28.6717546
        ]
      ]
    ]
  }
},
{
  "type": "Feature",
  "id": "way/350002011",
  "properties": {
    "building": "yes",
    "id": "way/350002011"
  },
  "geometry": {
    "type": "Polygon",
    "coordinates": [
      [
        [
          77.1318788,
          28.6718484
        ],
        [
          77.1318479,
          28.6716408
        ],
        [
          77.1320729,
          28.6716151
        ],
        [
          77.1321037,
          28.6718227
        ],
        [
          77.1318788,
          28.6718484
        ]
      ]
    ]
  }
},
{
  "type": "Feature",
  "id": "way/350002012",
  "properties": {
    "building": "yes",
    "id": "way/350002012"
  },
  "geometry": {
    "type": "Polygon",
    "coordinates": [
      [
        [
          77.1330492,
          28.6693757
        ],
        [
          77.133215,
          28.669222
        ],
        [
          77.1333128,
          28.6693032
        ],
        [
          77.133147,
          28.6694569
        ],
        [
          77.1330492,
          28.6693757
        ]
      ]
    ]
  }
},
{
  "type": "Feature",
  "id": "way/350002013",
  "properties": {
    "building": "yes",
    "id": "way/350002013"
  },
  "geometry": {
    "type": "Polygon",
    "coordinates": [
      [
        [
          77.1309505,
          28.672146
        ],
        [
          77.1309325,
          28.6720455
        ],
        [
          77.131155,
          28.6720148
        ],
        [
          77.131173,
          28.6721153
        ],
        [
          77.1309505,
          28.672146
        ]
      ]
    ]
  }
},
{
  "type": "Feature",
  "id": "way/350002014",
  "properties": {
    "building": "yes",
    "id": "way/350002014"
  },
  "geometry": {
    "type": "Polygon",
    "coordinates": [
      [
        [
          77.1296678,
          28.6712512
        ],
        [
          77.1296452,
          28.6710332
        ],
        [
          77.1299335,
          28.6710102
        ],
        [
          77.1299561,
          28.6712282
        ],
        [
          77.1296678,
          28.6712512
        ]
      ]
    ]
  }
},
{
  "type": "Feature",
  "id": "way/350002015",
  "properties": {
    "building": "yes",
    "id": "way/350002015"
  },
  "geometry": {
    "type": "Polygon",
    "coordinates": [
      [
        [
          77.1322947,
          28.6714761
        ],
        [
          77.1322693,
          28.6713056
        ],
        [
          77.1324765,
          28.6712818
        ],
        [
          77.1325019,
          28.6714524
        ],
        [
          77.1322947,
          28.6714761
        ]
      ]
    ]
  }
},
{
  "type": "Feature",
  "id": "way/350002016",
  "properties": {
    "building": "yes",
    "id": "way/350002016"
  },
  "geometry": {
    "type": "Polygon",
    "coordinates": [
      [
        [
          77.1335971,
          28.6694875
        ],
        [
          77.1337561,
          28.6693488
        ],
        [
          77.1338461,
          28.6694282
        ],
        [
          77.1336872,
          28.6695669
        ],
        [
          77.1335971,
          28.6694875
        ]
      ]
    ]
  }
},
{
  "type": "Feature",
  "id": "way/350002017",
  "properties": {
    "building": "yes",
    "id": "way/350002017"
  },
  "geometry": {
    "type": "Polygon",
    "coordinates": [
      [
        [
          77.1322258,
          28.6692704
        ],
        [
          77.1323732,
          28.6691188
        ],
        [
          77.1324305,
          28.6691617
        ],
        [
          77.1322831,
          28.6693133
        ],
        [
          77.1322258,
          28.6692704
        ]
      ]
    ]
  }
},
{
  "type": "Feature",
  "id": "way/350002018",
  "properties": {
    "building": "yes",
    "id": "way/350002018"
  },
  "geometry": {
    "type": "Polygon",
    "coordinates": [
      [
        [
          77.1306644,
          28.6723074
        ],
        [
          77.1306384,
          28.672223
        ],
        [
          77.1308138,
          28.6721814
        ],
        [
          77.1308399,
          28.6722658
        ],
        [
          77.1306644,
          28.6723074
        ]
      ]
    ]
  }
},
{
  "type": "Feature",
  "id": "way/350002019",
  "properties": {
    "building": "yes",
    "id": "way/350002019"
  },
  "geometry": {
    "type": "Polygon",
    "coordinates": [
      [
        [
          77.1327426,
          28.6687587
        ],
        [
          77.1329471,
          28.66858
        ],
        [
          77.1330428,
          28.6686643
        ],
        [
          77.1328384,
          28.668843
        ],
        [
          77.1327426,
          28.6687587
        ]
      ]
    ]
  }
},
{
  "type": "Feature",
  "id": "way/350002020",
  "properties": {
    "building": "yes",
    "id": "way/350002020"
  },
  "geometry": {
    "type": "Polygon",
    "coordinates": [
      [
        [
          77.1302574,
          28.6720271
        ],
        [
          77.1302474,
          28.6719433
        ],
        [
          77.1304455,
          28.6719251
        ],
        [
          77.1304555,
          28.6720089
        ],
        [
          77.1302574,
          28.6720271
        ]
      ]
    ]
  }
},
{
  "type": "Feature",
  "id": "way/350002021",
  "properties": {
    "building": "yes",
    "id": "way/350002021"
  },
  "geometry": {
    "type": "Polygon",
    "coordinates": [
      [
        [
          77.1330778,
          28.6684671
        ],
        [
          77.1333669,
          28.6682359
        ],
        [
          77.1335175,
          28.6683808
        ],
        [
          77.1332284,
          28.6686121
        ],
        [
          77.1330778,
          28.6684671
        ]
      ]
    ]
  }
},
{
  "type": "Feature",
  "id": "way/350002022",
  "properties": {
    "building": "yes",
    "id": "way/350002022"
  },
  "geometry": {
    "type": "Polygon",
    "coordinates": [
      [
        [
          77.1316451,
          28.6684724
        ],
        [
          77.1315652,
          28.6683708
        ],
        [
          77.1317189,
          28.6682778
        ],
        [
          77.1317987,
          28.6683794
        ],
        [
          77.1316451,
          28.6684724
        ]
      ]
    ]
  }
},
{
  "type": "Feature",
  "id": "way/350002023",
  "properties": {
    "building": "yes",
    "id": "way/350002023"
  },
  "geometry": {
    "type": "Polygon",
    "coordinates": [
      [
        [
          77.1298369,
          28.6725467
        ],
        [
          77.1297601,
          28.6723599
        ],
        [
          77.1299057,
          28.6723138
        ],
        [
          77.1299825,
          28.6725006
        ],
        [
          77.1298369,
          28.6725467
        ]
      ]
    ]
  }
},
{
  "type": "Feature",
  "id": "way/350002024",
  "properties": {
    "building": "yes",
    "id": "way/350002024"
  },
  "geometry": {
    "type": "Polygon",
    "coordinates": [
      [
        [
          77.131936,
          28.6690125
        ],
        [
          77.1320552,
          28.6688926
        ],
        [
          77.1321434,
          28.6689601
        ],
        [
          77.1320243,
          28.6690801
        ],
        [
          77.131936,
          28.6690125
        ]
      ]
    ]
  }
},
{
  "type": "Feature",
  "id": "way/350002025",
  "properties": {
    "building": "yes",
    "id": "way/350002025"
  },
  "geometry": {
    "type": "Polygon",
    "coordinates": [
      [
        [
          77.1321923,
          28.6709255
        ],
        [
          77.1321539,
          28.6706817
        ],
        [
          77.1323706,
          28.6706554
        ],
        [
          77.132409,
          28.6708992
        ],
        [
          77.1321923,
          28.6709255
        ]
      ]
    ]
  }
},
{
  "type": "Feature",
  "id": "way/350002026",
  "properties": {
    "building": "yes",
    "id": "way/350002026"
  },
  "geometry": {
    "type": "Polygon",
    "coordinates": [
      [
        [
          77.1314522,
          28.6688956
        ],
        [
          77.1312398,
          28.6685789
        ],
        [
          77.1314434,
          28.6684738
        ],
        [
          77.1316558,
          28.6687905
        ],
        [
          77.1314522,
          28.6688956
        ]
      ]
    ]
  }
},
{
  "type": "Feature",
  "id": "way/350002027",
  "properties": {
    "building": "yes",
    "id": "way/350002027"
  },
  "geometry": {
    "type": "Polygon",
    "coordinates": [
      [
        [
          77.1308928,
          28.6719368
        ],
        [
          77.1308821,
          28.6718441
        ],
        [
          77.1310937,
          28.6718252
        ],
        [
          77.1311045,
          28.6719179
        ],
        [
          77.1308928,
          28.6719368
        ]
      ]
    ]
  }
},
{
  "type": "Feature",
  "id": "way/350002028",
  "properties": {
    "building": "yes",
    "id": "way/350002028"
  },
  "geometry": {
    "type": "Polygon",
    "coordinates": [
      [
        [
          77.133578,
          28.6698309
        ],
        [
          77.1337266,
          28.6696942
        ],
        [
          77.1338349,
          28.6697849
        ],
        [
          77.1336864,
          28.6699216
        ],
        [
          77.133578,
          28.6698309
        ]
      ]
    ]
  }
},
{
  "type": "Feature",
  "id": "way/350002029",
  "properties": {
    "building": "yes",
    "id": "way/350002029"
  },
  "geometry": {
    "type": "Polygon",
    "coordinates": [
      [
        [
          77.131305,
          28.6707012
        ],
        [
          77.1312802,
          28.6704921
        ],
        [
          77.131391,
          28.670482
        ],
        [
          77.1314159,
          28.6706911
        ],
        [
          77.131305,
          28.6707012
        ]
      ]
    ]
  }
},
{
  "type": "Feature",
  "id": "way/350002030",
  "properties": {
    "building": "yes",
    "id": "way/350002030"
  },
  "geometry": {
    "type": "Polygon",
    "coordinates": [
      [
        [
          77.1324436,
          28.6670345
        ],
        [
          77.1325735,
          28.6669097
        ],
        [
          77.1327485,
          28.6670498
        ],
        [
          77.1327741,
          28.6670251
        ],
        [
          77.1329097,
          28.6671338
        ],
        [
          77.1327774,
          28.667261
        ],
        [
          77.1326984,
          28.6671977
        ],
        [
          77.1326751,
          28.66722
        ],
        [
          77.1324436,
          28.6670345
        ]
      ]
    ]
  }
},
{
  "type": "Feature",
  "id": "way/350002031",
  "properties": {
    "building": "yes",
    "id": "way/350002031"
  },
  "geometry": {
    "type": "Polygon",
    "coordinates": [
      [
        [
          77.1339371,
          28.6691556
        ],
        [
          77.1341404,
          28.6689713
        ],
        [
          77.1342625,
          28.6690749
        ],
        [
          77.1340592,
          28.6692592
        ],
        [
          77.1339371,
          28.6691556
        ]
      ]
    ]
  }
},
{
  "type": "Feature",
  "id": "way/350002032",
  "properties": {
    "building": "yes",
    "id": "way/350002032"
  },
  "geometry": {
    "type": "Polygon",
    "coordinates": [
      [
        [
          77.1303824,
          28.6709626
        ],
        [
          77.1306953,
          28.670916
        ],
        [
          77.1307292,
          28.6710913
        ],
        [
          77.1304163,
          28.6711379
        ],
        [
          77.1303824,
          28.6709626
        ]
      ]
    ]
  }
},
{
  "type": "Feature",
  "id": "way/350002033",
  "properties": {
    "building": "yes",
    "id": "way/350002033"
  },
  "geometry": {
    "type": "Polygon",
    "coordinates": [
      [
        [
          77.1323388,
          28.6717741
        ],
        [
          77.1323132,
          28.671602
        ],
        [
          77.1324131,
          28.6715905
        ],
        [
          77.1324387,
          28.6717627
        ],
        [
          77.1323388,
          28.6717741
        ]
      ]
    ]
  }
},
{
  "type": "Feature",
  "id": "way/350002034",
  "properties": {
    "building": "yes",
    "id": "way/350002034"
  },
  "geometry": {
    "type": "Polygon",
    "coordinates": [
      [
        [
          77.1330779,
          28.669039
        ],
        [
          77.1332434,
          28.6688864
        ],
        [
          77.1333339,
          28.6689619
        ],
        [
          77.1331684,
          28.6691145
        ],
        [
          77.1330779,
          28.669039
        ]
      ]
    ]
  }
},
{
  "type": "Feature",
  "id": "way/350002035",
  "properties": {
    "building": "yes",
    "id": "way/350002035"
  },
  "geometry": {
    "type": "Polygon",
    "coordinates": [
      [
        [
          77.1329323,
          28.6677985
        ],
        [
          77.1326759,
          28.6675686
        ],
        [
          77.1327865,
          28.6674737
        ],
        [
          77.1330429,
          28.6677036
        ],
        [
          77.1329323,
          28.6677985
        ]
      ]
    ]
  }
},
{
  "type": "Feature",
  "id": "way/350002036",
  "properties": {
    "building": "yes",
    "id": "way/350002036"
  },
  "geometry": {
    "type": "Polygon",
    "coordinates": [
      [
        [
          77.1302998,
          28.6722195
        ],
        [
          77.1302844,
          28.6721347
        ],
        [
          77.1304697,
          28.6721088
        ],
        [
          77.1304851,
          28.6721936
        ],
        [
          77.1302998,
          28.6722195
        ]
      ]
    ]
  }
},
{
  "type": "Feature",
  "id": "way/350002037",
  "properties": {
    "building": "yes",
    "id": "way/350002037"
  },
  "geometry": {
    "type": "Polygon",
    "coordinates": [
      [
        [
          77.1327853,
          28.668195
        ],
        [
          77.1329754,
          28.6680184
        ],
        [
          77.133123,
          28.6681408
        ],
        [
          77.1329329,
          28.6683174
        ],
        [
          77.1327853,
          28.668195
        ]
      ]
    ]
  }
},
{
  "type": "Feature",
  "id": "way/350002038",
  "properties": {
    "building": "yes",
    "id": "way/350002038"
  },
  "geometry": {
    "type": "Polygon",
    "coordinates": [
      [
        [
          77.1296263,
          28.6690507
        ],
        [
          77.1298208,
          28.6689667
        ],
        [
          77.1298928,
          28.669095
        ],
        [
          77.1296984,
          28.6691791
        ],
        [
          77.1296263,
          28.6690507
        ]
      ]
    ]
  }
},
{
  "type": "Feature",
  "id": "way/350002039",
  "properties": {
    "building": "yes",
    "id": "way/350002039"
  },
  "geometry": {
    "type": "Polygon",
    "coordinates": [
      [
        [
          77.1319577,
          28.6685069
        ],
        [
          77.1318132,
          28.6683444
        ],
        [
          77.1319435,
          28.6682552
        ],
        [
          77.132088,
          28.6684178
        ],
        [
          77.1319577,
          28.6685069
        ]
      ]
    ]
  }
},
{
  "type": "Feature",
  "id": "way/350002040",
  "properties": {
    "building": "yes",
    "id": "way/350002040"
  },
  "geometry": {
    "type": "Polygon",
    "coordinates": [
      [
        [
          77.1318854,
          28.6706415
        ],
        [
          77.1318571,
          28.6704066
        ],
        [
          77.1321017,
          28.670384
        ],
        [
          77.1321299,
          28.6706188
        ],
        [
          77.1318854,
          28.6706415
        ]
      ]
    ]
  }
},
{
  "type": "Feature",
  "id": "way/350002041",
  "properties": {
    "building": "yes",
    "id": "way/350002041"
  },
  "geometry": {
    "type": "Polygon",
    "coordinates": [
      [
        [
          77.1325635,
          28.6695702
        ],
        [
          77.1327064,
          28.6694334
        ],
        [
          77.1328112,
          28.6695177
        ],
        [
          77.1326684,
          28.6696545
        ],
        [
          77.1325635,
          28.6695702
        ]
      ]
    ]
  }
},
{
  "type": "Feature",
  "id": "way/350002042",
  "properties": {
    "building": "yes",
    "id": "way/350002042"
  },
  "geometry": {
    "type": "Polygon",
    "coordinates": [
      [
        [
          77.1313661,
          28.6710121
        ],
        [
          77.1313323,
          28.670807
        ],
        [
          77.1316248,
          28.6707698
        ],
        [
          77.1316586,
          28.6709749
        ],
        [
          77.1313661,
          28.6710121
        ]
      ]
    ]
  }
},
{
  "type": "Feature",
  "id": "way/350002043",
  "properties": {
    "building": "yes",
    "id": "way/350002043"
  },
  "geometry": {
    "type": "Polygon",
    "coordinates": [
      [
        [
          77.1321341,
          28.6672585
        ],
        [
          77.1324698,
          28.6675598
        ],
        [
          77.132289,
          28.6677149
        ],
        [
          77.1319533,
          28.6674136
        ],
        [
          77.1321341,
          28.6672585
        ]
      ]
    ]
  }
},
{
  "type": "Feature",
  "id": "way/350002044",
  "properties": {
    "building": "yes",
    "id": "way/350002044"
  },
  "geometry": {
    "type": "Polygon",
    "coordinates": [
      [
        [
          77.1335314,
          28.6682758
        ],
        [
          77.1333242,
          28.6681094
        ],
        [
          77.1336653,
          28.6677824
        ],
        [
          77.1338725,
          28.6679488
        ],
        [
          77.1335314,
          28.6682758
        ]
      ]
    ]
  }
},
{
  "type": "Feature",
  "id": "way/350002045",
  "properties": {
    "building": "yes",
    "id": "way/350002045"
  },
  "geometry": {
    "type": "Polygon",
    "coordinates": [
      [
        [
          77.1301682,
          28.6724198
        ],
        [
          77.13011,
          28.6722825
        ],
        [
          77.1301746,
          28.6722615
        ],
        [
          77.1302328,
          28.6723987
        ],
        [
          77.1301682,
          28.6724198
        ]
      ]
    ]
  }
},
{
  "type": "Feature",
  "id": "way/350002046",
  "properties": {
    "building": "yes",
    "id": "way/350002046"
  },
  "geometry": {
    "type": "Polygon",
    "coordinates": [
      [
        [
          77.1320309,
          28.6691409
        ],
        [
          77.1321929,
          28.6689736
        ],
        [
          77.1322777,
          28.6690368
        ],
        [
          77.1321157,
          28.6692041
        ],
        [
          77.1320309,
          28.6691409
        ]
      ]
    ]
  }
},
{
  "type": "Feature",
  "id": "way/350002047",
  "properties": {
    "building": "yes",
    "id": "way/350002047"
  },
  "geometry": {
    "type": "Polygon",
    "coordinates": [
      [
        [
          77.1309607,
          28.6710745
        ],
        [
          77.1309324,
          28.6708773
        ],
        [
          77.1310445,
          28.670865
        ],
        [
          77.1310727,
          28.6710622
        ],
        [
          77.1309607,
          28.6710745
        ]
      ]
    ]
  }
},
{
  "type": "Feature",
  "id": "way/350002049",
  "properties": {
    "building": "yes",
    "id": "way/350002049"
  },
  "geometry": {
    "type": "Polygon",
    "coordinates": [
      [
        [
          77.1308682,
          28.6707673
        ],
        [
          77.1308433,
          28.6705463
        ],
        [
          77.1309752,
          28.6705349
        ],
        [
          77.1310001,
          28.6707559
        ],
        [
          77.1308682,
          28.6707673
        ]
      ]
    ]
  }
},
{
  "type": "Feature",
  "id": "way/350002050",
  "properties": {
    "building": "yes",
    "id": "way/350002050"
  },
  "geometry": {
    "type": "Polygon",
    "coordinates": [
      [
        [
          77.1332784,
          28.6692169
        ],
        [
          77.1334715,
          28.6690583
        ],
        [
          77.1335614,
          28.6691427
        ],
        [
          77.1333683,
          28.6693012
        ],
        [
          77.1332784,
          28.6692169
        ]
      ]
    ]
  }
},
{
  "type": "Feature",
  "id": "way/350002051",
  "properties": {
    "building": "yes",
    "id": "way/350002051"
  },
  "geometry": {
    "type": "Polygon",
    "coordinates": [
      [
        [
          77.1324601,
          28.6681874
        ],
        [
          77.1322261,
          28.6679491
        ],
        [
          77.1322841,
          28.6679053
        ],
        [
          77.1325181,
          28.6681435
        ],
        [
          77.1324601,
          28.6681874
        ]
      ]
    ]
  }
},
{
  "type": "Feature",
  "id": "way/350002052",
  "properties": {
    "building": "yes",
    "id": "way/350002052"
  },
  "geometry": {
    "type": "Polygon",
    "coordinates": [
      [
        [
          77.1308489,
          28.6716691
        ],
        [
          77.130825,
          28.6715234
        ],
        [
          77.1309998,
          28.6715012
        ],
        [
          77.1310238,
          28.671647
        ],
        [
          77.1308489,
          28.6716691
        ]
      ]
    ]
  }
},
{
  "type": "Feature",
  "id": "way/350002053",
  "properties": {
    "building": "yes",
    "id": "way/350002053"
  },
  "geometry": {
    "type": "Polygon",
    "coordinates": [
      [
        [
          77.1314455,
          28.6707016
        ],
        [
          77.1314127,
          28.6704756
        ],
        [
          77.1315507,
          28.6704602
        ],
        [
          77.1315835,
          28.6706862
        ],
        [
          77.1314455,
          28.6707016
        ]
      ]
    ]
  }
},
{
  "type": "Feature",
  "id": "way/350002054",
  "properties": {
    "building": "yes",
    "id": "way/350002054"
  },
  "geometry": {
    "type": "Polygon",
    "coordinates": [
      [
        [
          77.1329921,
          28.6699404
        ],
        [
          77.1331869,
          28.6697624
        ],
        [
          77.1332758,
          28.6698373
        ],
        [
          77.1330809,
          28.6700153
        ],
        [
          77.1329921,
          28.6699404
        ]
      ]
    ]
  }
},
{
  "type": "Feature",
  "id": "way/350002055",
  "properties": {
    "building": "yes",
    "id": "way/350002055"
  },
  "geometry": {
    "type": "Polygon",
    "coordinates": [
      [
        [
          77.1318744,
          28.6709527
        ],
        [
          77.1318439,
          28.6707337
        ],
        [
          77.1320379,
          28.6707129
        ],
        [
          77.1320684,
          28.6709319
        ],
        [
          77.1318744,
          28.6709527
        ]
      ]
    ]
  }
},
{
  "type": "Feature",
  "id": "way/350002056",
  "properties": {
    "building": "yes",
    "id": "way/350002056"
  },
  "geometry": {
    "type": "Polygon",
    "coordinates": [
      [
        [
          77.1326666,
          28.6696671
        ],
        [
          77.1328431,
          28.6695193
        ],
        [
          77.1330244,
          28.6696858
        ],
        [
          77.1328479,
          28.6698337
        ],
        [
          77.1326666,
          28.6696671
        ]
      ]
    ]
  }
},
{
  "type": "Feature",
  "id": "way/350002057",
  "properties": {
    "building": "yes",
    "id": "way/350002057"
  },
  "geometry": {
    "type": "Polygon",
    "coordinates": [
      [
        [
          77.1315808,
          28.6720695
        ],
        [
          77.1315652,
          28.6719884
        ],
        [
          77.1318995,
          28.6719388
        ],
        [
          77.1319151,
          28.67202
        ],
        [
          77.1315808,
          28.6720695
        ]
      ]
    ]
  }
},
{
  "type": "Feature",
  "id": "way/350002058",
  "properties": {
    "building": "yes",
    "id": "way/350002058"
  },
  "geometry": {
    "type": "Polygon",
    "coordinates": [
      [
        [
          77.1332934,
          28.6686199
        ],
        [
          77.1335426,
          28.6683844
        ],
        [
          77.1337044,
          28.6685163
        ],
        [
          77.1334552,
          28.6687517
        ],
        [
          77.1332934,
          28.6686199
        ]
      ]
    ]
  }
},
{
  "type": "Feature",
  "id": "way/350002059",
  "properties": {
    "building": "yes",
    "id": "way/350002059"
  },
  "geometry": {
    "type": "Polygon",
    "coordinates": [
      [
        [
          77.1326185,
          28.6680429
        ],
        [
          77.1324965,
          28.66792
        ],
        [
          77.1326037,
          28.6678381
        ],
        [
          77.1327257,
          28.667961
        ],
        [
          77.1326185,
          28.6680429
        ]
      ]
    ]
  }
},
{
  "type": "Feature",
  "id": "way/350002060",
  "properties": {
    "building": "yes",
    "id": "way/350002060"
  },
  "geometry": {
    "type": "Polygon",
    "coordinates": [
      [
        [
          77.1308817,
          28.6718352
        ],
        [
          77.1308713,
          28.6717642
        ],
        [
          77.1310654,
          28.6717425
        ],
        [
          77.1310757,
          28.6718135
        ],
        [
          77.1308817,
          28.6718352
        ]
      ]
    ]
  }
},
{
  "type": "Feature",
  "id": "way/350002061",
  "properties": {
    "building": "yes",
    "id": "way/350002061"
  },
  "geometry": {
    "type": "Polygon",
    "coordinates": [
      [
        [
          77.1323966,
          28.6719192
        ],
        [
          77.1323786,
          28.6717983
        ],
        [
          77.1325344,
          28.6717804
        ],
        [
          77.1325524,
          28.6719014
        ],
        [
          77.1323966,
          28.6719192
        ]
      ]
    ]
  }
},
{
  "type": "Feature",
  "id": "way/350002062",
  "properties": {
    "building": "yes",
    "id": "way/350002062"
  },
  "geometry": {
    "type": "Polygon",
    "coordinates": [
      [
        [
          77.1336589,
          28.6699644
        ],
        [
          77.1338362,
          28.669813
        ],
        [
          77.1340006,
          28.6699612
        ],
        [
          77.1337318,
          28.6700174
        ],
        [
          77.1336589,
          28.6699644
        ]
      ]
    ]
  }
},
{
  "type": "Feature",
  "id": "way/350002063",
  "properties": {
    "building": "yes",
    "id": "way/350002063"
  },
  "geometry": {
    "type": "Polygon",
    "coordinates": [
      [
        [
          77.132125,
          28.6712467
        ],
        [
          77.132099,
          28.6710716
        ],
        [
          77.1323071,
          28.6710477
        ],
        [
          77.1323332,
          28.6712229
        ],
        [
          77.132125,
          28.6712467
        ]
      ]
    ]
  }
},
{
  "type": "Feature",
  "id": "way/350002064",
  "properties": {
    "building": "yes",
    "id": "way/350002064"
  },
  "geometry": {
    "type": "Polygon",
    "coordinates": [
      [
        [
          77.1322412,
          28.6694928
        ],
        [
          77.132304,
          28.6694275
        ],
        [
          77.132911,
          28.6699404
        ],
        [
          77.1328657,
          28.6699847
        ],
        [
          77.1322412,
          28.6694928
        ]
      ]
    ]
  }
},
{
  "type": "Feature",
  "id": "way/350002065",
  "properties": {
    "building": "yes",
    "id": "way/350002065"
  },
  "geometry": {
    "type": "Polygon",
    "coordinates": [
      [
        [
          77.1311798,
          28.6721004
        ],
        [
          77.1311623,
          28.6719802
        ],
        [
          77.1313915,
          28.6719544
        ],
        [
          77.1314091,
          28.6720747
        ],
        [
          77.1311798,
          28.6721004
        ]
      ]
    ]
  }
},
{
  "type": "Feature",
  "id": "way/350002066",
  "properties": {
    "building": "yes",
    "id": "way/350002066"
  },
  "geometry": {
    "type": "Polygon",
    "coordinates": [
      [
        [
          77.1340429,
          28.669858
        ],
        [
          77.13421,
          28.6697098
        ],
        [
          77.1343012,
          28.669789
        ],
        [
          77.134134,
          28.6699371
        ],
        [
          77.1340429,
          28.669858
        ]
      ]
    ]
  }
},
{
  "type": "Feature",
  "id": "way/350002067",
  "properties": {
    "building": "yes",
    "id": "way/350002067"
  },
  "geometry": {
    "type": "Polygon",
    "coordinates": [
      [
        [
          77.1304871,
          28.6718586
        ],
        [
          77.1304643,
          28.6717655
        ],
        [
          77.1307206,
          28.6717172
        ],
        [
          77.1307434,
          28.6718102
        ],
        [
          77.1304871,
          28.6718586
        ]
      ]
    ]
  }
},
{
  "type": "Feature",
  "id": "way/350002068",
  "properties": {
    "building": "yes",
    "id": "way/350002068"
  },
  "geometry": {
    "type": "Polygon",
    "coordinates": [
      [
        [
          77.1322671,
          28.6693403
        ],
        [
          77.1324545,
          28.6691584
        ],
        [
          77.1325339,
          28.6692214
        ],
        [
          77.1323465,
          28.6694033
        ],
        [
          77.1322671,
          28.6693403
        ]
      ]
    ]
  }
},
{
  "type": "Feature",
  "id": "way/350002069",
  "properties": {
    "building": "yes",
    "id": "way/350002069"
  },
  "geometry": {
    "type": "Polygon",
    "coordinates": [
      [
        [
          77.1289997,
          28.6709743
        ],
        [
          77.1289613,
          28.6707234
        ],
        [
          77.1292283,
          28.670692
        ],
        [
          77.1292667,
          28.6709429
        ],
        [
          77.1289997,
          28.6709743
        ]
      ]
    ]
  }
},
{
  "type": "Feature",
  "id": "way/350002070",
  "properties": {
    "building": "yes",
    "id": "way/350002070"
  },
  "geometry": {
    "type": "Polygon",
    "coordinates": [
      [
        [
          77.1329533,
          28.6689491
        ],
        [
          77.1331258,
          28.6687886
        ],
        [
          77.1332322,
          28.6688766
        ],
        [
          77.1330597,
          28.6690371
        ],
        [
          77.1329533,
          28.6689491
        ]
      ]
    ]
  }
},
{
  "type": "Feature",
  "id": "way/350002071",
  "properties": {
    "building": "yes",
    "id": "way/350002071"
  },
  "geometry": {
    "type": "Polygon",
    "coordinates": [
      [
        [
          77.1333542,
          28.6696591
        ],
        [
          77.1335171,
          28.6695049
        ],
        [
          77.1336179,
          28.669587
        ],
        [
          77.133455,
          28.6697411
        ],
        [
          77.1333542,
          28.6696591
        ]
      ]
    ]
  }
},
{
  "type": "Feature",
  "id": "way/350002072",
  "properties": {
    "building": "yes",
    "id": "way/350002072"
  },
  "geometry": {
    "type": "Polygon",
    "coordinates": [
      [
        [
          77.1310433,
          28.6690245
        ],
        [
          77.1309411,
          28.6687891
        ],
        [
          77.1310461,
          28.668754
        ],
        [
          77.1311483,
          28.6689895
        ],
        [
          77.1310433,
          28.6690245
        ]
      ]
    ]
  }
},
{
  "type": "Feature",
  "id": "way/350002073",
  "properties": {
    "building": "yes",
    "id": "way/350002073"
  },
  "geometry": {
    "type": "Polygon",
    "coordinates": [
      [
        [
          77.1302798,
          28.6721214
        ],
        [
          77.1302684,
          28.6720399
        ],
        [
          77.1304441,
          28.672021
        ],
        [
          77.1304555,
          28.6721025
        ],
        [
          77.1302798,
          28.6721214
        ]
      ]
    ]
  }
},
{
  "type": "Feature",
  "id": "way/350002074",
  "properties": {
    "building": "yes",
    "id": "way/350002074"
  },
  "geometry": {
    "type": "Polygon",
    "coordinates": [
      [
        [
          77.1329916,
          28.66832
        ],
        [
          77.133212,
          28.6681083
        ],
        [
          77.1333612,
          28.6682267
        ],
        [
          77.1331181,
          28.6684215
        ],
        [
          77.1329916,
          28.66832
        ]
      ]
    ]
  }
},
{
  "type": "Feature",
  "id": "way/350002075",
  "properties": {
    "building": "yes",
    "id": "way/350002075"
  },
  "geometry": {
    "type": "Polygon",
    "coordinates": [
      [
        [
          77.1347774,
          28.669267
        ],
        [
          77.1349988,
          28.6690529
        ],
        [
          77.135105,
          28.6691375
        ],
        [
          77.1348836,
          28.6693515
        ],
        [
          77.1347774,
          28.669267
        ]
      ]
    ]
  }
},
{
  "type": "Feature",
  "id": "way/350002076",
  "properties": {
    "building": "yes",
    "id": "way/350002076"
  },
  "geometry": {
    "type": "Polygon",
    "coordinates": [
      [
        [
          77.1333769,
          28.6693139
        ],
        [
          77.1335862,
          28.6691359
        ],
        [
          77.1336632,
          28.6692057
        ],
        [
          77.133454,
          28.6693837
        ],
        [
          77.1333769,
          28.6693139
        ]
      ]
    ]
  }
},
{
  "type": "Feature",
  "id": "way/350002077",
  "properties": {
    "building": "yes",
    "id": "way/350002077"
  },
  "geometry": {
    "type": "Polygon",
    "coordinates": [
      [
        [
          77.1323792,
          28.6670444
        ],
        [
          77.1327101,
          28.6673209
        ],
        [
          77.1325314,
          28.6674856
        ],
        [
          77.1322005,
          28.6672092
        ],
        [
          77.1323792,
          28.6670444
        ]
      ]
    ]
  }
},
{
  "type": "Feature",
  "id": "way/350002078",
  "properties": {
    "building": "yes",
    "id": "way/350002078"
  },
  "geometry": {
    "type": "Polygon",
    "coordinates": [
      [
        [
          77.1318587,
          28.6715028
        ],
        [
          77.1318317,
          28.671321
        ],
        [
          77.1321309,
          28.6712868
        ],
        [
          77.132158,
          28.6714686
        ],
        [
          77.1318587,
          28.6715028
        ]
      ]
    ]
  }
},
{
  "type": "Feature",
  "id": "way/350002079",
  "properties": {
    "building": "yes",
    "id": "way/350002079"
  },
  "geometry": {
    "type": "Polygon",
    "coordinates": [
      [
        [
          77.1338303,
          28.669676
        ],
        [
          77.1340108,
          28.6695064
        ],
        [
          77.1341044,
          28.6695831
        ],
        [
          77.1339239,
          28.6697527
        ],
        [
          77.1338303,
          28.669676
        ]
      ]
    ]
  }
},
{
  "type": "Feature",
  "id": "way/350002080",
  "properties": {
    "building": "yes",
    "id": "way/350002080"
  },
  "geometry": {
    "type": "Polygon",
    "coordinates": [
      [
        [
          77.1323619,
          28.6688493
        ],
        [
          77.1325616,
          28.668672
        ],
        [
          77.1326758,
          28.668771
        ],
        [
          77.1324761,
          28.6689483
        ],
        [
          77.1323619,
          28.6688493
        ]
      ]
    ]
  }
},
{
  "type": "Feature",
  "id": "way/350002081",
  "properties": {
    "building": "yes",
    "id": "way/350002081"
  },
  "geometry": {
    "type": "Polygon",
    "coordinates": [
      [
        [
          77.1332964,
          28.6680776
        ],
        [
          77.1331207,
          28.6679358
        ],
        [
          77.1334573,
          28.6676147
        ],
        [
          77.133633,
          28.6677565
        ],
        [
          77.1332964,
          28.6680776
        ]
      ]
    ]
  }
},
{
  "type": "Feature",
  "id": "way/350002082",
  "properties": {
    "building": "yes",
    "id": "way/350002082"
  },
  "geometry": {
    "type": "Polygon",
    "coordinates": [
      [
        [
          77.1305302,
          28.6720204
        ],
        [
          77.130519,
          28.6719497
        ],
        [
          77.1307666,
          28.6719196
        ],
        [
          77.1307778,
          28.6719903
        ],
        [
          77.1305302,
          28.6720204
        ]
      ]
    ]
  }
},
{
  "type": "Feature",
  "id": "way/350002083",
  "properties": {
    "building": "yes",
    "id": "way/350002083"
  },
  "geometry": {
    "type": "Polygon",
    "coordinates": [
      [
        [
          77.1307122,
          28.6708922
        ],
        [
          77.1309144,
          28.6708694
        ],
        [
          77.1309441,
          28.6710723
        ],
        [
          77.1307419,
          28.6710951
        ],
        [
          77.1307122,
          28.6708922
        ]
      ]
    ]
  }
},
{
  "type": "Feature",
  "id": "way/350002084",
  "properties": {
    "building": "yes",
    "id": "way/350002084"
  },
  "geometry": {
    "type": "Polygon",
    "coordinates": [
      [
        [
          77.1324709,
          28.6694835
        ],
        [
          77.1326228,
          28.6693388
        ],
        [
          77.1327102,
          28.6694094
        ],
        [
          77.1325583,
          28.6695541
        ],
        [
          77.1324709,
          28.6694835
        ]
      ]
    ]
  }
},
{
  "type": "Feature",
  "id": "way/350002085",
  "properties": {
    "building": "yes",
    "id": "way/350002085"
  },
  "geometry": {
    "type": "Polygon",
    "coordinates": [
      [
        [
          77.1296066,
          28.670935
        ],
        [
          77.1295875,
          28.6706842
        ],
        [
          77.1298649,
          28.6706679
        ],
        [
          77.1298841,
          28.6709187
        ],
        [
          77.1296066,
          28.670935
        ]
      ]
    ]
  }
},
{
  "type": "Feature",
  "id": "way/350002086",
  "properties": {
    "building": "yes",
    "id": "way/350002086"
  },
  "geometry": {
    "type": "Polygon",
    "coordinates": [
      [
        [
          77.1304509,
          28.6715151
        ],
        [
          77.1304116,
          28.6712507
        ],
        [
          77.1305436,
          28.6712356
        ],
        [
          77.1305829,
          28.6715
        ],
        [
          77.1304509,
          28.6715151
        ]
      ]
    ]
  }
},
{
  "type": "Feature",
  "id": "way/350002087",
  "properties": {
    "building": "yes",
    "id": "way/350002087"
  },
  "geometry": {
    "type": "Polygon",
    "coordinates": [
      [
        [
          77.1331728,
          28.6691321
        ],
        [
          77.1333405,
          28.6689795
        ],
        [
          77.1334331,
          28.6690579
        ],
        [
          77.1332654,
          28.6692105
        ],
        [
          77.1331728,
          28.6691321
        ]
      ]
    ]
  }
},
{
  "type": "Feature",
  "id": "way/350002088",
  "properties": {
    "building": "yes",
    "id": "way/350002088"
  },
  "geometry": {
    "type": "Polygon",
    "coordinates": [
      [
        [
          77.1310849,
          28.6686097
        ],
        [
          77.1308165,
          28.6681668
        ],
        [
          77.1310604,
          28.6680531
        ],
        [
          77.1313288,
          28.6684959
        ],
        [
          77.1310849,
          28.6686097
        ]
      ]
    ]
  }
},
{
  "type": "Feature",
  "id": "way/350002089",
  "properties": {
    "building": "yes",
    "id": "way/350002089"
  },
  "geometry": {
    "type": "Polygon",
    "coordinates": [
      [
        [
          77.1304503,
          28.6716582
        ],
        [
          77.1304305,
          28.6715427
        ],
        [
          77.1306685,
          28.6715112
        ],
        [
          77.1306883,
          28.6716266
        ],
        [
          77.1304503,
          28.6716582
        ]
      ]
    ]
  }
},
{
  "type": "Feature",
  "id": "way/350002090",
  "properties": {
    "building": "yes",
    "id": "way/350002090"
  },
  "geometry": {
    "type": "Polygon",
    "coordinates": [
      [
        [
          77.132408,
          28.6684812
        ],
        [
          77.1326133,
          28.6683193
        ],
        [
          77.1327093,
          28.668413
        ],
        [
          77.132504,
          28.6685749
        ],
        [
          77.132408,
          28.6684812
        ]
      ]
    ]
  }
},
{
  "type": "Feature",
  "id": "way/350002091",
  "properties": {
    "building": "yes",
    "id": "way/350002091"
  },
  "geometry": {
    "type": "Polygon",
    "coordinates": [
      [
        [
          77.1321287,
          28.668392
        ],
        [
          77.1319793,
          28.6682189
        ],
        [
          77.132107,
          28.6681341
        ],
        [
          77.1322563,
          28.6683072
        ],
        [
          77.1321287,
          28.668392
        ]
      ]
    ]
  }
},
{
  "type": "Feature",
  "id": "way/350002092",
  "properties": {
    "building": "yes",
    "id": "way/350002092"
  },
  "geometry": {
    "type": "Polygon",
    "coordinates": [
      [
        [
          77.1342568,
          28.6694093
        ],
        [
          77.1345199,
          28.6691992
        ],
        [
          77.1346308,
          28.6693061
        ],
        [
          77.1343676,
          28.6695162
        ],
        [
          77.1342568,
          28.6694093
        ]
      ]
    ]
  }
},
{
  "type": "Feature",
  "id": "way/350002093",
  "properties": {
    "building": "yes",
    "id": "way/350002093"
  },
  "geometry": {
    "type": "Polygon",
    "coordinates": [
      [
        [
          77.1319044,
          28.6674645
        ],
        [
          77.1322526,
          28.6677714
        ],
        [
          77.1320581,
          28.6679413
        ],
        [
          77.1317099,
          28.6676344
        ],
        [
          77.1319044,
          28.6674645
        ]
      ]
    ]
  }
},
{
  "type": "Feature",
  "id": "way/350002094",
  "properties": {
    "building": "yes",
    "id": "way/350002094"
  },
  "geometry": {
    "type": "Polygon",
    "coordinates": [
      [
        [
          77.1328731,
          28.66985
        ],
        [
          77.1330432,
          28.6697007
        ],
        [
          77.1331422,
          28.6697876
        ],
        [
          77.1329721,
          28.6699369
        ],
        [
          77.1328731,
          28.66985
        ]
      ]
    ]
  }
},
{
  "type": "Feature",
  "id": "way/350002095",
  "properties": {
    "building": "yes",
    "id": "way/350002095"
  },
  "geometry": {
    "type": "Polygon",
    "coordinates": [
      [
        [
          77.1305191,
          28.6723328
        ],
        [
          77.1304643,
          28.6722045
        ],
        [
          77.1305299,
          28.6721829
        ],
        [
          77.1305847,
          28.6723112
        ],
        [
          77.1305191,
          28.6723328
        ]
      ]
    ]
  }
},
{
  "type": "Feature",
  "id": "way/350002096",
  "properties": {
    "building": "yes",
    "id": "way/350002096"
  },
  "geometry": {
    "type": "Polygon",
    "coordinates": [
      [
        [
          77.1316677,
          28.6709665
        ],
        [
          77.1316361,
          28.6707644
        ],
        [
          77.131832,
          28.6707408
        ],
        [
          77.1318636,
          28.6709429
        ],
        [
          77.1316677,
          28.6709665
        ]
      ]
    ]
  }
},
{
  "type": "Feature",
  "id": "way/350002097",
  "properties": {
    "building": "yes",
    "id": "way/350002097"
  },
  "geometry": {
    "type": "Polygon",
    "coordinates": [
      [
        [
          77.1326262,
          28.6690371
        ],
        [
          77.1327868,
          28.6688906
        ],
        [
          77.1328736,
          28.6689639
        ],
        [
          77.1327131,
          28.6691103
        ],
        [
          77.1326262,
          28.6690371
        ]
      ]
    ]
  }
},
{
  "type": "Feature",
  "id": "way/350002098",
  "properties": {
    "building": "yes",
    "id": "way/350002098"
  },
  "geometry": {
    "type": "Polygon",
    "coordinates": [
      [
        [
          77.1307236,
          28.6707673
        ],
        [
          77.130701,
          28.6705146
        ],
        [
          77.1308234,
          28.6705062
        ],
        [
          77.130846,
          28.6707589
        ],
        [
          77.1307236,
          28.6707673
        ]
      ]
    ]
  }
},
{
  "type": "Feature",
  "id": "way/350002099",
  "properties": {
    "building": "yes",
    "id": "way/350002099"
  },
  "geometry": {
    "type": "Polygon",
    "coordinates": [
      [
        [
          77.1337166,
          28.6684542
        ],
        [
          77.1335538,
          28.6683081
        ],
        [
          77.1338632,
          28.6680425
        ],
        [
          77.1340261,
          28.6681886
        ],
        [
          77.1337166,
          28.6684542
        ]
      ]
    ]
  }
},
{
  "type": "Feature",
  "id": "way/350002102",
  "properties": {
    "building": "yes",
    "id": "way/350002102"
  },
  "geometry": {
    "type": "Polygon",
    "coordinates": [
      [
        [
          77.1299813,
          28.6711801
        ],
        [
          77.1299657,
          28.6709813
        ],
        [
          77.130229,
          28.6709654
        ],
        [
          77.1302446,
          28.6711643
        ],
        [
          77.1299813,
          28.6711801
        ]
      ]
    ]
  }
},
{
  "type": "Feature",
  "id": "way/350002103",
  "properties": {
    "building": "yes",
    "id": "way/350002103"
  },
  "geometry": {
    "type": "Polygon",
    "coordinates": [
      [
        [
          77.1308626,
          28.6714622
        ],
        [
          77.130825,
          28.6712095
        ],
        [
          77.1310591,
          28.6711827
        ],
        [
          77.1310967,
          28.6714354
        ],
        [
          77.1308626,
          28.6714622
        ]
      ]
    ]
  }
},
{
  "type": "Feature",
  "id": "way/350002104",
  "properties": {
    "building": "yes",
    "id": "way/350002104"
  },
  "geometry": {
    "type": "Polygon",
    "coordinates": [
      [
        [
          77.1325336,
          28.6681404
        ],
        [
          77.1322916,
          28.6678959
        ],
        [
          77.1323643,
          28.6678405
        ],
        [
          77.1326062,
          28.6680851
        ],
        [
          77.1325336,
          28.6681404
        ]
      ]
    ]
  }
},
{
  "type": "Feature",
  "id": "way/350002105",
  "properties": {
    "building": "yes",
    "id": "way/350002105"
  },
  "geometry": {
    "type": "Polygon",
    "coordinates": [
      [
        [
          77.1316636,
          28.6679725
        ],
        [
          77.1315067,
          28.6677802
        ],
        [
          77.1315972,
          28.6677233
        ],
        [
          77.1317542,
          28.6679156
        ],
        [
          77.1316636,
          28.6679725
        ]
      ]
    ]
  }
},
{
  "type": "Feature",
  "id": "way/350002106",
  "properties": {
    "building": "yes",
    "id": "way/350002106"
  },
  "geometry": {
    "type": "Polygon",
    "coordinates": [
      [
        [
          77.1323428,
          28.6712328
        ],
        [
          77.1323127,
          28.6710302
        ],
        [
          77.1324449,
          28.6710151
        ],
        [
          77.132475,
          28.6712177
        ],
        [
          77.1323428,
          28.6712328
        ]
      ]
    ]
  }
},
{
  "type": "Feature",
  "id": "way/350002107",
  "properties": {
    "building": "yes",
    "id": "way/350002107"
  },
  "geometry": {
    "type": "Polygon",
    "coordinates": [
      [
        [
          77.1330887,
          28.6700385
        ],
        [
          77.1333147,
          28.6698584
        ],
        [
          77.1334959,
          28.6700397
        ],
        [
          77.1331309,
          28.6700761
        ],
        [
          77.1330887,
          28.6700385
        ]
      ]
    ]
  }
},
{
  "type": "Feature",
  "id": "way/350002108",
  "properties": {
    "building": "yes",
    "id": "way/350002108"
  },
  "geometry": {
    "type": "Polygon",
    "coordinates": [
      [
        [
          77.1303454,
          28.6723959
        ],
        [
          77.1302799,
          28.6722413
        ],
        [
          77.1303512,
          28.672218
        ],
        [
          77.1304167,
          28.6723726
        ],
        [
          77.1303454,
          28.6723959
        ]
      ]
    ]
  }
},
{
  "type": "Feature",
  "id": "way/350002109",
  "properties": {
    "building": "yes",
    "id": "way/350002109"
  },
  "geometry": {
    "type": "Polygon",
    "coordinates": [
      [
        [
          77.1320708,
          28.6708987
        ],
        [
          77.1320541,
          28.6707515
        ],
        [
          77.1321403,
          28.670744
        ],
        [
          77.1321571,
          28.6708911
        ],
        [
          77.1320708,
          28.6708987
        ]
      ]
    ]
  }
},
{
  "type": "Feature",
  "id": "way/350002110",
  "properties": {
    "building": "yes",
    "id": "way/350002110"
  },
  "geometry": {
    "type": "Polygon",
    "coordinates": [
      [
        [
          77.1304759,
          28.6717556
        ],
        [
          77.1304584,
          28.6716759
        ],
        [
          77.130694,
          28.671636
        ],
        [
          77.1307115,
          28.6717156
        ],
        [
          77.1304759,
          28.6717556
        ]
      ]
    ]
  }
},
{
  "type": "Feature",
  "id": "way/350002111",
  "properties": {
    "building": "yes",
    "id": "way/350002111"
  },
  "geometry": {
    "type": "Polygon",
    "coordinates": [
      [
        [
          77.1303882,
          28.6708426
        ],
        [
          77.1303385,
          28.6705691
        ],
        [
          77.1304911,
          28.6705478
        ],
        [
          77.1305408,
          28.6708213
        ],
        [
          77.1303882,
          28.6708426
        ]
      ]
    ]
  }
},
{
  "type": "Feature",
  "id": "way/350002112",
  "properties": {
    "building": "yes",
    "id": "way/350002112"
  },
  "geometry": {
    "type": "Polygon",
    "coordinates": [
      [
        [
          77.1342294,
          28.6687891
        ],
        [
          77.1340577,
          28.6686284
        ],
        [
          77.1343808,
          28.6683629
        ],
        [
          77.1345524,
          28.6685236
        ],
        [
          77.1342294,
          28.6687891
        ]
      ]
    ]
  }
},
{
  "type": "Feature",
  "id": "way/350002113",
  "properties": {
    "building": "yes",
    "id": "way/350002113"
  },
  "geometry": {
    "type": "Polygon",
    "coordinates": [
      [
        [
          77.1315661,
          28.6719724
        ],
        [
          77.1315246,
          28.6718123
        ],
        [
          77.1318375,
          28.6717498
        ],
        [
          77.131879,
          28.67191
        ],
        [
          77.1315661,
          28.6719724
        ]
      ]
    ]
  }
},
{
  "type": "Feature",
  "id": "way/350002114",
  "properties": {
    "building": "yes",
    "id": "way/350002114"
  },
  "geometry": {
    "type": "Polygon",
    "coordinates": [
      [
        [
          77.1334692,
          28.6697425
        ],
        [
          77.1336257,
          28.6695918
        ],
        [
          77.1337282,
          28.6696738
        ],
        [
          77.1335716,
          28.6698245
        ],
        [
          77.1334692,
          28.6697425
        ]
      ]
    ]
  }
},
{
  "type": "Feature",
  "id": "way/350002115",
  "properties": {
    "building": "yes",
    "id": "way/350002115"
  },
  "geometry": {
    "type": "Polygon",
    "coordinates": [
      [
        [
          77.1313731,
          28.6713671
        ],
        [
          77.1313418,
          28.6711566
        ],
        [
          77.1316328,
          28.6711233
        ],
        [
          77.1316641,
          28.6713338
        ],
        [
          77.1313731,
          28.6713671
        ]
      ]
    ]
  }
},
{
  "type": "Feature",
  "id": "way/350002116",
  "properties": {
    "building": "yes",
    "id": "way/350002116"
  },
  "geometry": {
    "type": "Polygon",
    "coordinates": [
      [
        [
          77.1308616,
          28.6691794
        ],
        [
          77.1306857,
          28.6688339
        ],
        [
          77.1308707,
          28.6687621
        ],
        [
          77.1310479,
          28.6691035
        ],
        [
          77.1308616,
          28.6691794
        ]
      ]
    ]
  }
},
{
  "type": "Feature",
  "id": "way/350002117",
  "properties": {
    "building": "yes",
    "id": "way/350002117"
  },
  "geometry": {
    "type": "Polygon",
    "coordinates": [
      [
        [
          77.131103,
          28.6718428
        ],
        [
          77.1310897,
          28.6717332
        ],
        [
          77.1313337,
          28.6717104
        ],
        [
          77.131347,
          28.67182
        ],
        [
          77.131103,
          28.6718428
        ]
      ]
    ]
  }
},
{
  "type": "Feature",
  "id": "way/350002118",
  "properties": {
    "building": "yes",
    "id": "way/350002118"
  },
  "geometry": {
    "type": "Polygon",
    "coordinates": [
      [
        [
          77.1327229,
          28.6691103
        ],
        [
          77.1328877,
          28.6689586
        ],
        [
          77.1329947,
          28.6690482
        ],
        [
          77.1328299,
          28.6691998
        ],
        [
          77.1327229,
          28.6691103
        ]
      ]
    ]
  }
},
{
  "type": "Feature",
  "id": "way/350002119",
  "properties": {
    "building": "yes",
    "id": "way/350002119"
  },
  "geometry": {
    "type": "Polygon",
    "coordinates": [
      [
        [
          77.1345849,
          28.6689742
        ],
        [
          77.1347837,
          28.6687621
        ],
        [
          77.1349607,
          28.6688899
        ],
        [
          77.134762,
          28.669102
        ],
        [
          77.1345849,
          28.6689742
        ]
      ]
    ]
  }
},
{
  "type": "Feature",
  "id": "way/350002120",
  "properties": {
    "building": "yes",
    "id": "way/350002120"
  },
  "geometry": {
    "type": "Polygon",
    "coordinates": [
      [
        [
          77.1299859,
          28.6690244
        ],
        [
          77.1297815,
          28.6686432
        ],
        [
          77.1299793,
          28.6685615
        ],
        [
          77.1301838,
          28.6689427
        ],
        [
          77.1299859,
          28.6690244
        ]
      ]
    ]
  }
},
{
  "type": "Feature",
  "id": "way/350002121",
  "properties": {
    "building": "yes",
    "id": "way/350002121"
  },
  "geometry": {
    "type": "Polygon",
    "coordinates": [
      [
        [
          77.1317006,
          28.6713066
        ],
        [
          77.1316678,
          28.6710861
        ],
        [
          77.132079,
          28.6710391
        ],
        [
          77.1321118,
          28.6712596
        ],
        [
          77.1317006,
          28.6713066
        ]
      ]
    ]
  }
},
{
  "type": "Feature",
  "id": "way/350002122",
  "properties": {
    "building": "yes",
    "id": "way/350002122"
  },
  "geometry": {
    "type": "Polygon",
    "coordinates": [
      [
        [
          77.1339317,
          28.6697601
        ],
        [
          77.1341112,
          28.6695951
        ],
        [
          77.1342207,
          28.6696869
        ],
        [
          77.1340411,
          28.6698518
        ],
        [
          77.1339317,
          28.6697601
        ]
      ]
    ]
  }
},
{
  "type": "Feature",
  "id": "way/350002123",
  "properties": {
    "building": "yes",
    "id": "way/350002123"
  },
  "geometry": {
    "type": "Polygon",
    "coordinates": [
      [
        [
          77.1322691,
          28.6687289
        ],
        [
          77.1324206,
          28.668597
        ],
        [
          77.1325216,
          28.6686864
        ],
        [
          77.1323702,
          28.6688182
        ],
        [
          77.1322691,
          28.6687289
        ]
      ]
    ]
  }
},
{
  "type": "Feature",
  "id": "way/350002124",
  "properties": {
    "building": "yes",
    "id": "way/350002124"
  },
  "geometry": {
    "type": "Polygon",
    "coordinates": [
      [
        [
          77.1305062,
          28.6719448
        ],
        [
          77.1304911,
          28.6718662
        ],
        [
          77.1307555,
          28.671827
        ],
        [
          77.1307706,
          28.6719055
        ],
        [
          77.1305062,
          28.6719448
        ]
      ]
    ]
  }
},
{
  "type": "Feature",
  "id": "way/350002125",
  "properties": {
    "building": "yes",
    "id": "way/350002125"
  },
  "geometry": {
    "type": "Polygon",
    "coordinates": [
      [
        [
          77.1323512,
          28.6694106
        ],
        [
          77.1325189,
          28.6692471
        ],
        [
          77.1326007,
          28.6693117
        ],
        [
          77.1324329,
          28.6694752
        ],
        [
          77.1323512,
          28.6694106
        ]
      ]
    ]
  }
},
{
  "type": "Feature",
  "id": "way/350002126",
  "properties": {
    "building": "yes",
    "id": "way/350002126"
  },
  "geometry": {
    "type": "Polygon",
    "coordinates": [
      [
        [
          77.1293095,
          28.6709631
        ],
        [
          77.1292776,
          28.6707038
        ],
        [
          77.1295459,
          28.6706783
        ],
        [
          77.1295779,
          28.6709376
        ],
        [
          77.1293095,
          28.6709631
        ]
      ]
    ]
  }
},
{
  "type": "Feature",
  "id": "way/350002127",
  "properties": {
    "building": "yes",
    "id": "way/350002127"
  },
  "geometry": {
    "type": "Polygon",
    "coordinates": [
      [
        [
          77.1302046,
          28.6717369
        ],
        [
          77.1301808,
          28.6715897
        ],
        [
          77.1304033,
          28.6715619
        ],
        [
          77.1304271,
          28.6717091
        ],
        [
          77.1302046,
          28.6717369
        ]
      ]
    ]
  }
},
{
  "type": "Feature",
  "id": "way/350002128",
  "properties": {
    "building": "yes",
    "id": "way/350002128"
  },
  "geometry": {
    "type": "Polygon",
    "coordinates": [
      [
        [
          77.1332591,
          28.6695547
        ],
        [
          77.133438,
          28.6694019
        ],
        [
          77.1335244,
          28.6694798
        ],
        [
          77.1333455,
          28.6696326
        ],
        [
          77.1332591,
          28.6695547
        ]
      ]
    ]
  }
},
{
  "type": "Feature",
  "id": "way/350002129",
  "properties": {
    "building": "yes",
    "id": "way/350002129"
  },
  "geometry": {
    "type": "Polygon",
    "coordinates": [
      [
        [
          77.1308197,
          28.6687218
        ],
        [
          77.1305897,
          28.6682986
        ],
        [
          77.1307974,
          28.6682117
        ],
        [
          77.1310274,
          28.6686349
        ],
        [
          77.1308197,
          28.6687218
        ]
      ]
    ]
  }
},
{
  "type": "Feature",
  "id": "way/350002130",
  "properties": {
    "building": "yes",
    "id": "way/350002130"
  },
  "geometry": {
    "type": "Polygon",
    "coordinates": [
      [
        [
          77.1329228,
          28.6692754
        ],
        [
          77.1330669,
          28.6691438
        ],
        [
          77.1331638,
          28.6692254
        ],
        [
          77.1330197,
          28.669357
        ],
        [
          77.1329228,
          28.6692754
        ]
      ]
    ]
  }
},
{
  "type": "Feature",
  "id": "way/350002131",
  "properties": {
    "building": "yes",
    "id": "way/350002131"
  },
  "geometry": {
    "type": "Polygon",
    "coordinates": [
      [
        [
          77.1343889,
          28.6695292
        ],
        [
          77.1346645,
          28.6693023
        ],
        [
          77.1348099,
          28.6694382
        ],
        [
          77.1345343,
          28.6696651
        ],
        [
          77.1343889,
          28.6695292
        ]
      ]
    ]
  }
},
{
  "type": "Feature",
  "id": "way/350002132",
  "properties": {
    "building": "yes",
    "id": "way/350002132"
  },
  "geometry": {
    "type": "Polygon",
    "coordinates": [
      [
        [
          77.1293233,
          28.6710748
        ],
        [
          77.1296226,
          28.6710431
        ],
        [
          77.1296528,
          28.6712626
        ],
        [
          77.1293535,
          28.6712943
        ],
        [
          77.1293233,
          28.6710748
        ]
      ]
    ]
  }
},
{
  "type": "Feature",
  "id": "way/350002133",
  "properties": {
    "building": "yes",
    "id": "way/350002133"
  },
  "geometry": {
    "type": "Polygon",
    "coordinates": [
      [
        [
          77.132175,
          28.671484
        ],
        [
          77.1321492,
          28.6713105
        ],
        [
          77.1322439,
          28.6712997
        ],
        [
          77.1322697,
          28.6714732
        ],
        [
          77.132175,
          28.671484
        ]
      ]
    ]
  }
},
{
  "type": "Feature",
  "id": "way/350002134",
  "properties": {
    "building": "yes",
    "id": "way/350002134"
  },
  "geometry": {
    "type": "Polygon",
    "coordinates": [
      [
        [
          77.1336946,
          28.6695772
        ],
        [
          77.1338918,
          28.6694027
        ],
        [
          77.1340084,
          28.6695042
        ],
        [
          77.1338112,
          28.6696787
        ],
        [
          77.1336946,
          28.6695772
        ]
      ]
    ]
  }
},
{
  "type": "Feature",
  "id": "way/350002135",
  "properties": {
    "building": "yes",
    "id": "way/350002135"
  },
  "geometry": {
    "type": "Polygon",
    "coordinates": [
      [
        [
          77.1324977,
          28.6689467
        ],
        [
          77.1326766,
          28.6687834
        ],
        [
          77.1327847,
          28.6688746
        ],
        [
          77.1326058,
          28.6690379
        ],
        [
          77.1324977,
          28.6689467
        ]
      ]
    ]
  }
},
{
  "type": "Feature",
  "id": "way/350002136",
  "properties": {
    "building": "yes",
    "id": "way/350002136"
  },
  "geometry": {
    "type": "Polygon",
    "coordinates": [
      [
        [
          77.1305302,
          28.6721255
        ],
        [
          77.1305109,
          28.6720369
        ],
        [
          77.1307617,
          28.6719948
        ],
        [
          77.130781,
          28.6720835
        ],
        [
          77.1305302,
          28.6721255
        ]
      ]
    ]
  }
},
{
  "type": "Feature",
  "id": "way/350002137",
  "properties": {
    "building": "yes",
    "id": "way/350002137"
  },
  "geometry": {
    "type": "Polygon",
    "coordinates": [
      [
        [
          77.1326404,
          28.6686781
        ],
        [
          77.1328017,
          28.6685204
        ],
        [
          77.1328832,
          28.6685846
        ],
        [
          77.1327219,
          28.6687422
        ],
        [
          77.1326404,
          28.6686781
        ]
      ]
    ]
  }
},
{
  "type": "Feature",
  "id": "way/350002138",
  "properties": {
    "building": "yes",
    "id": "way/350002138"
  },
  "geometry": {
    "type": "Polygon",
    "coordinates": [
      [
        [
          77.1302494,
          28.6719353
        ],
        [
          77.1302376,
          28.6718569
        ],
        [
          77.1304181,
          28.6718359
        ],
        [
          77.1304299,
          28.6719143
        ],
        [
          77.1302494,
          28.6719353
        ]
      ]
    ]
  }
},
{
  "type": "Feature",
  "id": "way/350002139",
  "properties": {
    "building": "yes",
    "id": "way/350002139"
  },
  "geometry": {
    "type": "Polygon",
    "coordinates": [
      [
        [
          77.1299133,
          28.6708888
        ],
        [
          77.1298957,
          28.6706421
        ],
        [
          77.1301817,
          28.6706264
        ],
        [
          77.1301993,
          28.6708731
        ],
        [
          77.1299133,
          28.6708888
        ]
      ]
    ]
  }
},
{
  "type": "Feature",
  "id": "way/350002140",
  "properties": {
    "building": "yes",
    "id": "way/350002140"
  },
  "geometry": {
    "type": "Polygon",
    "coordinates": [
      [
        [
          77.1305921,
          28.6714705
        ],
        [
          77.1305562,
          28.6712286
        ],
        [
          77.1308067,
          28.6712
        ],
        [
          77.1308427,
          28.6714418
        ],
        [
          77.1305921,
          28.6714705
        ]
      ]
    ]
  }
},
{
  "type": "Feature",
  "id": "way/350002141",
  "properties": {
    "building": "yes",
    "id": "way/350002141"
  },
  "geometry": {
    "type": "Polygon",
    "coordinates": [
      [
        [
          77.1318,
          28.6689162
        ],
        [
          77.1319334,
          28.6687901
        ],
        [
          77.1320523,
          28.6688868
        ],
        [
          77.1319189,
          28.669013
        ],
        [
          77.1318,
          28.6689162
        ]
      ]
    ]
  }
},
{
  "type": "Feature",
  "id": "way/350002142",
  "properties": {
    "building": "yes",
    "id": "way/350002142"
  },
  "geometry": {
    "type": "Polygon",
    "coordinates": [
      [
        [
          77.1312638,
          28.6689937
        ],
        [
          77.1310721,
          28.6686742
        ],
        [
          77.1312128,
          28.6686092
        ],
        [
          77.1314045,
          28.6689287
        ],
        [
          77.1312638,
          28.6689937
        ]
      ]
    ]
  }
},
{
  "type": "Feature",
  "id": "way/350002143",
  "properties": {
    "building": "yes",
    "id": "way/350002143"
  },
  "geometry": {
    "type": "Polygon",
    "coordinates": [
      [
        [
          77.1341111,
          28.6692735
        ],
        [
          77.1343166,
          28.6690991
        ],
        [
          77.1344382,
          28.6692094
        ],
        [
          77.1342326,
          28.6693838
        ],
        [
          77.1341111,
          28.6692735
        ]
      ]
    ]
  }
},
{
  "type": "Feature",
  "id": "way/350002144",
  "properties": {
    "building": "yes",
    "id": "way/350002144"
  },
  "geometry": {
    "type": "Polygon",
    "coordinates": [
      [
        [
          77.1317727,
          28.667908
        ],
        [
          77.1316194,
          28.6677349
        ],
        [
          77.1317149,
          28.6676697
        ],
        [
          77.1318683,
          28.6678428
        ],
        [
          77.1317727,
          28.667908
        ]
      ]
    ]
  }
},
{
  "type": "Feature",
  "id": "way/350002145",
  "properties": {
    "building": "yes",
    "id": "way/350002145"
  },
  "geometry": {
    "type": "Polygon",
    "coordinates": [
      [
        [
          77.1304267,
          28.6723739
        ],
        [
          77.1303742,
          28.6722307
        ],
        [
          77.1304526,
          28.6722086
        ],
        [
          77.1305051,
          28.6723518
        ],
        [
          77.1304267,
          28.6723739
        ]
      ]
    ]
  }
},
{
  "type": "Feature",
  "id": "way/350002146",
  "properties": {
    "building": "yes",
    "id": "way/350002146"
  },
  "geometry": {
    "type": "Polygon",
    "coordinates": [
      [
        [
          77.1324474,
          28.6717657
        ],
        [
          77.1324186,
          28.6715719
        ],
        [
          77.1325496,
          28.6715569
        ],
        [
          77.1325785,
          28.6717507
        ],
        [
          77.1324474,
          28.6717657
        ]
      ]
    ]
  }
},
{
  "type": "Feature",
  "id": "way/350002147",
  "properties": {
    "building": "yes",
    "id": "way/350002147"
  },
  "geometry": {
    "type": "Polygon",
    "coordinates": [
      [
        [
          77.1334745,
          28.6693885
        ],
        [
          77.1336868,
          28.6691913
        ],
        [
          77.1338055,
          28.6692897
        ],
        [
          77.1335932,
          28.6694869
        ],
        [
          77.1334745,
          28.6693885
        ]
      ]
    ]
  }
},
{
  "type": "Feature",
  "id": "way/350002148",
  "properties": {
    "building": "yes",
    "id": "way/350002148"
  },
  "geometry": {
    "type": "Polygon",
    "coordinates": [
      [
        [
          77.134017,
          28.6686425
        ],
        [
          77.1338162,
          28.6684838
        ],
        [
          77.134164,
          28.6681448
        ],
        [
          77.1343649,
          28.6683036
        ],
        [
          77.134017,
          28.6686425
        ]
      ]
    ]
  }
},
{
  "type": "Feature",
  "id": "way/350002149",
  "properties": {
    "building": "yes",
    "id": "way/350002149"
  },
  "geometry": {
    "type": "Polygon",
    "coordinates": [
      [
        [
          77.1327719,
          28.6679194
        ],
        [
          77.1325494,
          28.6677143
        ],
        [
          77.1326706,
          28.6676131
        ],
        [
          77.1328931,
          28.6678182
        ],
        [
          77.1327719,
          28.6679194
        ]
      ]
    ]
  }
},
{
  "type": "Feature",
  "id": "way/350002150",
  "properties": {
    "building": "yes",
    "id": "way/350002150"
  },
  "geometry": {
    "type": "Polygon",
    "coordinates": [
      [
        [
          77.1316256,
          28.6685012
        ],
        [
          77.1318077,
          28.6683849
        ],
        [
          77.1319434,
          28.6685484
        ],
        [
          77.1317613,
          28.6686647
        ],
        [
          77.1316256,
          28.6685012
        ]
      ]
    ]
  }
},
{
  "type": "Feature",
  "id": "way/350002151",
  "properties": {
    "building": "yes",
    "id": "way/350002151"
  },
  "geometry": {
    "type": "Polygon",
    "coordinates": [
      [
        [
          77.1287612,
          28.6713918
        ],
        [
          77.128698,
          28.6711381
        ],
        [
          77.1289727,
          28.6710854
        ],
        [
          77.129036,
          28.6713391
        ],
        [
          77.1287612,
          28.6713918
        ]
      ]
    ]
  }
},
{
  "type": "Feature",
  "id": "way/350002152",
  "properties": {
    "building": "yes",
    "id": "way/350002152"
  },
  "geometry": {
    "type": "Polygon",
    "coordinates": [
      [
        [
          77.1311223,
          28.6714622
        ],
        [
          77.1310823,
          28.6711927
        ],
        [
          77.1313166,
          28.6711659
        ],
        [
          77.1313567,
          28.6714354
        ],
        [
          77.1311223,
          28.6714622
        ]
      ]
    ]
  }
},
{
  "type": "Feature",
  "id": "way/350002153",
  "properties": {
    "building": "yes",
    "id": "way/350002153"
  },
  "geometry": {
    "type": "Polygon",
    "coordinates": [
      [
        [
          77.1311471,
          28.6719696
        ],
        [
          77.1311306,
          28.6718621
        ],
        [
          77.1313667,
          28.6718343
        ],
        [
          77.1313831,
          28.6719419
        ],
        [
          77.1311471,
          28.6719696
        ]
      ]
    ]
  }
},
{
  "type": "Feature",
  "id": "way/350002154",
  "properties": {
    "building": "yes",
    "id": "way/350002154"
  },
  "geometry": {
    "type": "Polygon",
    "coordinates": [
      [
        [
          77.1321605,
          28.670615
        ],
        [
          77.132127,
          28.6703935
        ],
        [
          77.132286,
          28.670375
        ],
        [
          77.1323195,
          28.6705964
        ],
        [
          77.1321605,
          28.670615
        ]
      ]
    ]
  }
},
{
  "type": "Feature",
  "id": "way/350002155",
  "properties": {
    "building": "yes",
    "id": "way/350002155"
  },
  "geometry": {
    "type": "Polygon",
    "coordinates": [
      [
        [
          77.1286726,
          28.6710383
        ],
        [
          77.1286249,
          28.6707819
        ],
        [
          77.1289281,
          28.6707384
        ],
        [
          77.1289758,
          28.6709949
        ],
        [
          77.1286726,
          28.6710383
        ]
      ]
    ]
  }
},
{
  "type": "Feature",
  "id": "way/350002156",
  "properties": {
    "building": "yes",
    "id": "way/350002156"
  },
  "geometry": {
    "type": "Polygon",
    "coordinates": [
      [
        [
          77.1311482,
          28.6710339
        ],
        [
          77.1311256,
          28.6708318
        ],
        [
          77.1313176,
          28.6708152
        ],
        [
          77.1313402,
          28.6710174
        ],
        [
          77.1311482,
          28.6710339
        ]
      ]
    ]
  }
},
{
  "type": "Feature",
  "id": "way/350002157",
  "properties": {
    "building": "yes",
    "id": "way/350002157"
  },
  "geometry": {
    "type": "Polygon",
    "coordinates": [
      [
        [
          77.1337745,
          28.669007
        ],
        [
          77.1339676,
          28.6688444
        ],
        [
          77.1340947,
          28.6689607
        ],
        [
          77.1339016,
          28.6691232
        ],
        [
          77.1337745,
          28.669007
        ]
      ]
    ]
  }
},
{
  "type": "Feature",
  "id": "way/350002158",
  "properties": {
    "building": "yes",
    "id": "way/350002158"
  },
  "geometry": {
    "type": "Polygon",
    "coordinates": [
      [
        [
          77.1317989,
          28.6680848
        ],
        [
          77.1316993,
          28.6679755
        ],
        [
          77.1317865,
          28.6679144
        ],
        [
          77.131886,
          28.6680238
        ],
        [
          77.1317989,
          28.6680848
        ]
      ]
    ]
  }
},
{
  "type": "Feature",
  "id": "way/350002159",
  "properties": {
    "building": "yes",
    "id": "way/350002159"
  },
  "geometry": {
    "type": "Polygon",
    "coordinates": [
      [
        [
          77.1302544,
          28.6724207
        ],
        [
          77.1301861,
          28.6722512
        ],
        [
          77.1302608,
          28.672228
        ],
        [
          77.1303291,
          28.6723975
        ],
        [
          77.1302544,
          28.6724207
        ]
      ]
    ]
  }
},
{
  "type": "Feature",
  "id": "way/350002160",
  "properties": {
    "building": "yes",
    "id": "way/350002160"
  },
  "geometry": {
    "type": "Polygon",
    "coordinates": [
      [
        [
          77.1323344,
          28.67213
        ],
        [
          77.1323073,
          28.6719478
        ],
        [
          77.1326201,
          28.671912
        ],
        [
          77.1326509,
          28.6721189
        ],
        [
          77.1324479,
          28.6721421
        ],
        [
          77.1324443,
          28.6721175
        ],
        [
          77.1323344,
          28.67213
        ]
      ]
    ]
  }
},
{
  "type": "Feature",
  "id": "way/350002161",
  "properties": {
    "building": "yes",
    "id": "way/350002161"
  },
  "geometry": {
    "type": "Polygon",
    "coordinates": [
      [
        [
          77.1321807,
          28.6686422
        ],
        [
          77.1323284,
          28.6685231
        ],
        [
          77.1323698,
          28.6685625
        ],
        [
          77.1323278,
          28.6685963
        ],
        [
          77.1323676,
          28.6686343
        ],
        [
          77.1322618,
          28.6687196
        ],
        [
          77.1321807,
          28.6686422
        ]
      ]
    ]
  }
},
{
  "type": "Feature",
  "id": "way/350002162",
  "properties": {
    "building": "yes",
    "id": "way/350002162"
  },
  "geometry": {
    "type": "Polygon",
    "coordinates": [
      [
        [
          77.1296792,
          28.6690121
        ],
        [
          77.1296261,
          28.6689271
        ],
        [
          77.1296141,
          28.6689329
        ],
        [
          77.1295333,
          28.6688039
        ],
        [
          77.1297025,
          28.6687224
        ],
        [
          77.1298364,
          28.6689365
        ],
        [
          77.1296792,
          28.6690121
        ]
      ]
    ]
  }
},
{
  "type": "Feature",
  "id": "way/350002163",
  "properties": {
    "building": "yes",
    "id": "way/350002163"
  },
  "geometry": {
    "type": "Polygon",
    "coordinates": [
      [
        [
          77.1315524,
          28.6683241
        ],
        [
          77.1312531,
          28.6679673
        ],
        [
          77.1314923,
          28.6678128
        ],
        [
          77.1318052,
          28.6681858
        ],
        [
          77.131736,
          28.6682306
        ],
        [
          77.1317223,
          28.6682143
        ],
        [
          77.1315524,
          28.6683241
        ]
      ]
    ]
  }
},
{
  "type": "Feature",
  "id": "way/350044944",
  "properties": {
    "building": "yes",
    "id": "way/350044944"
  },
  "geometry": {
    "type": "Polygon",
    "coordinates": [
      [
        [
          77.1356133,
          28.6699554
        ],
        [
          77.1354559,
          28.6698199
        ],
        [
          77.1355891,
          28.6697009
        ],
        [
          77.1356378,
          28.6697428
        ],
        [
          77.1355673,
          28.6698058
        ],
        [
          77.1356194,
          28.6698507
        ],
        [
          77.1357701,
          28.669716
        ],
        [
          77.1356896,
          28.6696467
        ],
        [
          77.1357654,
          28.6695789
        ],
        [
          77.1359024,
          28.6696968
        ],
        [
          77.1356133,
          28.6699554
        ]
      ]
    ]
  }
},
{
  "type": "Feature",
  "id": "way/350044945",
  "properties": {
    "building": "yes",
    "id": "way/350044945"
  },
  "geometry": {
    "type": "Polygon",
    "coordinates": [
      [
        [
          77.1341529,
          28.6703101
        ],
        [
          77.1340315,
          28.6701917
        ],
        [
          77.1342679,
          28.6701031
        ],
        [
          77.13436,
          28.6701809
        ],
        [
          77.1342834,
          28.6702414
        ],
        [
          77.1342639,
          28.6702224
        ],
        [
          77.1342564,
          28.6702284
        ],
        [
          77.1342284,
          28.6702011
        ],
        [
          77.1341979,
          28.6702251
        ],
        [
          77.1342259,
          28.6702524
        ],
        [
          77.1341529,
          28.6703101
        ]
      ]
    ]
  }
},
{
  "type": "Feature",
  "id": "way/350044946",
  "properties": {
    "building": "yes",
    "id": "way/350044946"
  },
  "geometry": {
    "type": "Polygon",
    "coordinates": [
      [
        [
          77.1357338,
          28.672778
        ],
        [
          77.1359077,
          28.67272
        ],
        [
          77.1359411,
          28.6727971
        ],
        [
          77.1357671,
          28.672855
        ],
        [
          77.1357338,
          28.672778
        ]
      ]
    ]
  }
},
{
  "type": "Feature",
  "id": "way/350044947",
  "properties": {
    "building": "yes",
    "id": "way/350044947"
  },
  "geometry": {
    "type": "Polygon",
    "coordinates": [
      [
        [
          77.1363682,
          28.6732339
        ],
        [
          77.1366014,
          28.6731624
        ],
        [
          77.1366384,
          28.6732554
        ],
        [
          77.1364052,
          28.6733269
        ],
        [
          77.1363682,
          28.6732339
        ]
      ]
    ]
  }
},
{
  "type": "Feature",
  "id": "way/350044948",
  "properties": {
    "building": "yes",
    "id": "way/350044948"
  },
  "geometry": {
    "type": "Polygon",
    "coordinates": [
      [
        [
          77.124842,
          28.6749476
        ],
        [
          77.124829,
          28.6747931
        ],
        [
          77.1249095,
          28.6747878
        ],
        [
          77.1249225,
          28.6749424
        ],
        [
          77.124842,
          28.6749476
        ]
      ]
    ]
  }
},
{
  "type": "Feature",
  "id": "way/350044949",
  "properties": {
    "building": "yes",
    "id": "way/350044949"
  },
  "geometry": {
    "type": "Polygon",
    "coordinates": [
      [
        [
          77.1341207,
          28.6719224
        ],
        [
          77.1342805,
          28.6717843
        ],
        [
          77.1343438,
          28.6718408
        ],
        [
          77.1341841,
          28.6719788
        ],
        [
          77.1341207,
          28.6719224
        ]
      ]
    ]
  }
},
{
  "type": "Feature",
  "id": "way/350044950",
  "properties": {
    "building": "yes",
    "id": "way/350044950"
  },
  "geometry": {
    "type": "Polygon",
    "coordinates": [
      [
        [
          77.1344497,
          28.6722288
        ],
        [
          77.1346043,
          28.6721227
        ],
        [
          77.1346704,
          28.6721968
        ],
        [
          77.1345158,
          28.6723029
        ],
        [
          77.1344497,
          28.6722288
        ]
      ]
    ]
  }
},
{
  "type": "Feature",
  "id": "way/350044951",
  "properties": {
    "building": "yes",
    "id": "way/350044951"
  },
  "geometry": {
    "type": "Polygon",
    "coordinates": [
      [
        [
          77.1347583,
          28.6713954
        ],
        [
          77.1349029,
          28.6712468
        ],
        [
          77.1349927,
          28.671314
        ],
        [
          77.1348481,
          28.6714626
        ],
        [
          77.1347583,
          28.6713954
        ]
      ]
    ]
  }
},
{
  "type": "Feature",
  "id": "way/350044952",
  "properties": {
    "building": "yes",
    "id": "way/350044952"
  },
  "geometry": {
    "type": "Polygon",
    "coordinates": [
      [
        [
          77.1261043,
          28.6716725
        ],
        [
          77.1260767,
          28.6714419
        ],
        [
          77.1262195,
          28.6714288
        ],
        [
          77.1262471,
          28.6716594
        ],
        [
          77.1261043,
          28.6716725
        ]
      ]
    ]
  }
},
{
  "type": "Feature",
  "id": "way/350044953",
  "properties": {
    "building": "yes",
    "id": "way/350044953"
  },
  "geometry": {
    "type": "Polygon",
    "coordinates": [
      [
        [
          77.1363181,
          28.6702922
        ],
        [
          77.1364706,
          28.6701624
        ],
        [
          77.1365785,
          28.6702599
        ],
        [
          77.136426,
          28.6703897
        ],
        [
          77.1363181,
          28.6702922
        ]
      ]
    ]
  }
},
{
  "type": "Feature",
  "id": "way/350044954",
  "properties": {
    "building": "yes",
    "id": "way/350044954"
  },
  "geometry": {
    "type": "Polygon",
    "coordinates": [
      [
        [
          77.1261814,
          28.6706528
        ],
        [
          77.1261705,
          28.6705619
        ],
        [
          77.1263547,
          28.6705449
        ],
        [
          77.1263656,
          28.6706359
        ],
        [
          77.1261814,
          28.6706528
        ]
      ]
    ]
  }
},
{
  "type": "Feature",
  "id": "way/350044955",
  "properties": {
    "building": "yes",
    "id": "way/350044955"
  },
  "geometry": {
    "type": "Polygon",
    "coordinates": [
      [
        [
          77.1346299,
          28.672507
        ],
        [
          77.1348207,
          28.6724047
        ],
        [
          77.1348718,
          28.672478
        ],
        [
          77.1346809,
          28.6725803
        ],
        [
          77.1346299,
          28.672507
        ]
      ]
    ]
  }
},
{
  "type": "Feature",
  "id": "way/350044956",
  "properties": {
    "building": "yes",
    "id": "way/350044956"
  },
  "geometry": {
    "type": "Polygon",
    "coordinates": [
      [
        [
          77.1366305,
          28.6709752
        ],
        [
          77.1371241,
          28.6707089
        ],
        [
          77.137255,
          28.6708957
        ],
        [
          77.1367614,
          28.671162
        ],
        [
          77.1366305,
          28.6709752
        ]
      ]
    ]
  }
},
{
  "type": "Feature",
  "id": "way/350044957",
  "properties": {
    "building": "yes",
    "id": "way/350044957"
  },
  "geometry": {
    "type": "Polygon",
    "coordinates": [
      [
        [
          77.1357838,
          28.6706968
        ],
        [
          77.1360099,
          28.6705219
        ],
        [
          77.1361305,
          28.6706419
        ],
        [
          77.1359044,
          28.6708168
        ],
        [
          77.1357838,
          28.6706968
        ]
      ]
    ]
  }
},
{
  "type": "Feature",
  "id": "way/350044958",
  "properties": {
    "building": "yes",
    "id": "way/350044958"
  },
  "geometry": {
    "type": "Polygon",
    "coordinates": [
      [
        [
          77.1345804,
          28.6715218
        ],
        [
          77.1346985,
          28.6714103
        ],
        [
          77.1347702,
          28.6714688
        ],
        [
          77.1346522,
          28.6715802
        ],
        [
          77.1345804,
          28.6715218
        ]
      ]
    ]
  }
},
{
  "type": "Feature",
  "id": "way/350044960",
  "properties": {
    "building": "yes",
    "id": "way/350044960"
  },
  "geometry": {
    "type": "Polygon",
    "coordinates": [
      [
        [
          77.1261079,
          28.6750827
        ],
        [
          77.1260932,
          28.6749365
        ],
        [
          77.1261801,
          28.6749298
        ],
        [
          77.1261948,
          28.675076
        ],
        [
          77.1261079,
          28.6750827
        ]
      ]
    ]
  }
},
{
  "type": "Feature",
  "id": "way/350044961",
  "properties": {
    "building": "yes",
    "id": "way/350044961"
  },
  "geometry": {
    "type": "Polygon",
    "coordinates": [
      [
        [
          77.1242076,
          28.6739636
        ],
        [
          77.1241834,
          28.6738229
        ],
        [
          77.1243849,
          28.6737961
        ],
        [
          77.1244091,
          28.6739369
        ],
        [
          77.1242076,
          28.6739636
        ]
      ]
    ]
  }
},
{
  "type": "Feature",
  "id": "way/350044962",
  "properties": {
    "building": "yes",
    "id": "way/350044962"
  },
  "geometry": {
    "type": "Polygon",
    "coordinates": [
      [
        [
          77.1367503,
          28.6719953
        ],
        [
          77.137019,
          28.6718907
        ],
        [
          77.1371038,
          28.6720583
        ],
        [
          77.136835,
          28.6721629
        ],
        [
          77.1367503,
          28.6719953
        ]
      ]
    ]
  }
},
{
  "type": "Feature",
  "id": "way/350044963",
  "properties": {
    "building": "yes",
    "id": "way/350044963"
  },
  "geometry": {
    "type": "Polygon",
    "coordinates": [
      [
        [
          77.1252231,
          28.6752139
        ],
        [
          77.1251887,
          28.6750316
        ],
        [
          77.1254261,
          28.6749971
        ],
        [
          77.1254605,
          28.6751794
        ],
        [
          77.1252231,
          28.6752139
        ]
      ]
    ]
  }
},
{
  "type": "Feature",
  "id": "way/350044964",
  "properties": {
    "building": "yes",
    "id": "way/350044964"
  },
  "geometry": {
    "type": "Polygon",
    "coordinates": [
      [
        [
          77.135194,
          28.673089
        ],
        [
          77.1353673,
          28.6730428
        ],
        [
          77.135426,
          28.673212
        ],
        [
          77.1352527,
          28.6732582
        ],
        [
          77.135194,
          28.673089
        ]
      ]
    ]
  }
},
{
  "type": "Feature",
  "id": "way/350044966",
  "properties": {
    "building": "yes",
    "id": "way/350044966"
  },
  "geometry": {
    "type": "Polygon",
    "coordinates": [
      [
        [
          77.1372279,
          28.6732571
        ],
        [
          77.1371742,
          28.673106
        ],
        [
          77.137504,
          28.6730158
        ],
        [
          77.1375577,
          28.673167
        ],
        [
          77.1372279,
          28.6732571
        ]
      ]
    ]
  }
},
{
  "type": "Feature",
  "id": "way/350044968",
  "properties": {
    "building": "yes",
    "id": "way/350044968"
  },
  "geometry": {
    "type": "Polygon",
    "coordinates": [
      [
        [
          77.1307049,
          28.6725779
        ],
        [
          77.1306728,
          28.6723631
        ],
        [
          77.1308646,
          28.672341
        ],
        [
          77.1308967,
          28.6725558
        ],
        [
          77.1307049,
          28.6725779
        ]
      ]
    ]
  }
},
{
  "type": "Feature",
  "id": "way/350044970",
  "properties": {
    "building": "yes",
    "id": "way/350044970"
  },
  "geometry": {
    "type": "Polygon",
    "coordinates": [
      [
        [
          77.1363293,
          28.6713122
        ],
        [
          77.1366219,
          28.6711546
        ],
        [
          77.1367164,
          28.6712898
        ],
        [
          77.1364239,
          28.6714473
        ],
        [
          77.1363293,
          28.6713122
        ]
      ]
    ]
  }
},
{
  "type": "Feature",
  "id": "way/350044971",
  "properties": {
    "building": "yes",
    "id": "way/350044971"
  },
  "geometry": {
    "type": "Polygon",
    "coordinates": [
      [
        [
          77.1363872,
          28.6723899
        ],
        [
          77.1365995,
          28.6723255
        ],
        [
          77.1366464,
          28.6724445
        ],
        [
          77.1364341,
          28.6725089
        ],
        [
          77.1363872,
          28.6723899
        ]
      ]
    ]
  }
},
{
  "type": "Feature",
  "id": "way/350044972",
  "properties": {
    "building": "yes",
    "id": "way/350044972"
  },
  "geometry": {
    "type": "Polygon",
    "coordinates": [
      [
        [
          77.131719,
          28.6727205
        ],
        [
          77.131693,
          28.6725446
        ],
        [
          77.1319924,
          28.6725105
        ],
        [
          77.1320185,
          28.6726864
        ],
        [
          77.131719,
          28.6727205
        ]
      ]
    ]
  }
},
{
  "type": "Feature",
  "id": "way/350044973",
  "properties": {
    "building": "yes",
    "id": "way/350044973"
  },
  "geometry": {
    "type": "Polygon",
    "coordinates": [
      [
        [
          77.1357655,
          28.6711961
        ],
        [
          77.1359383,
          28.6710742
        ],
        [
          77.1360216,
          28.6711651
        ],
        [
          77.1358488,
          28.671287
        ],
        [
          77.1357655,
          28.6711961
        ]
      ]
    ]
  }
},
{
  "type": "Feature",
  "id": "way/350044974",
  "properties": {
    "building": "yes",
    "id": "way/350044974"
  },
  "geometry": {
    "type": "Polygon",
    "coordinates": [
      [
        [
          77.1342619,
          28.6720298
        ],
        [
          77.1344192,
          28.6718931
        ],
        [
          77.1344825,
          28.6719493
        ],
        [
          77.1343252,
          28.6720859
        ],
        [
          77.1342619,
          28.6720298
        ]
      ]
    ]
  }
},
{
  "type": "Feature",
  "id": "way/350044975",
  "properties": {
    "building": "yes",
    "id": "way/350044975"
  },
  "geometry": {
    "type": "Polygon",
    "coordinates": [
      [
        [
          77.1351015,
          28.6706404
        ],
        [
          77.1352371,
          28.6705007
        ],
        [
          77.1353452,
          28.6705814
        ],
        [
          77.1352097,
          28.6707212
        ],
        [
          77.1351015,
          28.6706404
        ]
      ]
    ]
  }
},
{
  "type": "Feature",
  "id": "way/350044976",
  "properties": {
    "building": "yes",
    "id": "way/350044976"
  },
  "geometry": {
    "type": "Polygon",
    "coordinates": [
      [
        [
          77.1353166,
          28.6720097
        ],
        [
          77.1354675,
          28.6719284
        ],
        [
          77.1355054,
          28.6719826
        ],
        [
          77.1353545,
          28.6720639
        ],
        [
          77.1353166,
          28.6720097
        ]
      ]
    ]
  }
},
{
  "type": "Feature",
  "id": "way/350044977",
  "properties": {
    "building": "yes",
    "id": "way/350044977"
  },
  "geometry": {
    "type": "Polygon",
    "coordinates": [
      [
        [
          77.1276607,
          28.6714942
        ],
        [
          77.1276325,
          28.6712587
        ],
        [
          77.1277555,
          28.6712474
        ],
        [
          77.1277837,
          28.6714829
        ],
        [
          77.1276607,
          28.6714942
        ]
      ]
    ]
  }
},
{
  "type": "Feature",
  "id": "way/350044978",
  "properties": {
    "building": "yes",
    "id": "way/350044978"
  },
  "geometry": {
    "type": "Polygon",
    "coordinates": [
      [
        [
          77.1376396,
          28.6731803
        ],
        [
          77.1379303,
          28.6730808
        ],
        [
          77.1380028,
          28.6732439
        ],
        [
          77.1377121,
          28.6733434
        ],
        [
          77.1376396,
          28.6731803
        ]
      ]
    ]
  }
},
{
  "type": "Feature",
  "id": "way/350044979",
  "properties": {
    "building": "yes",
    "id": "way/350044979"
  },
  "geometry": {
    "type": "Polygon",
    "coordinates": [
      [
        [
          77.1293601,
          28.6730163
        ],
        [
          77.1293228,
          28.6729314
        ],
        [
          77.1294809,
          28.6728779
        ],
        [
          77.1295182,
          28.6729628
        ],
        [
          77.1293601,
          28.6730163
        ]
      ]
    ]
  }
},
{
  "type": "Feature",
  "id": "way/350044980",
  "properties": {
    "building": "yes",
    "id": "way/350044980"
  },
  "geometry": {
    "type": "Polygon",
    "coordinates": [
      [
        [
          77.1264081,
          28.671646
        ],
        [
          77.1263781,
          28.6713941
        ],
        [
          77.1265267,
          28.6713804
        ],
        [
          77.1265568,
          28.6716323
        ],
        [
          77.1264081,
          28.671646
        ]
      ]
    ]
  }
},
{
  "type": "Feature",
  "id": "way/350044981",
  "properties": {
    "building": "yes",
    "id": "way/350044981"
  },
  "geometry": {
    "type": "Polygon",
    "coordinates": [
      [
        [
          77.1245725,
          28.6752877
        ],
        [
          77.1245428,
          28.6751149
        ],
        [
          77.1247194,
          28.6750915
        ],
        [
          77.1247491,
          28.6752643
        ],
        [
          77.1245725,
          28.6752877
        ]
      ]
    ]
  }
},
{
  "type": "Feature",
  "id": "way/350044982",
  "properties": {
    "building": "yes",
    "id": "way/350044982"
  },
  "geometry": {
    "type": "Polygon",
    "coordinates": [
      [
        [
          77.1356009,
          28.6731884
        ],
        [
          77.1357998,
          28.673131
        ],
        [
          77.1358564,
          28.6732819
        ],
        [
          77.1356576,
          28.6733393
        ],
        [
          77.1356009,
          28.6731884
        ]
      ]
    ]
  }
},
{
  "type": "Feature",
  "id": "way/350044983",
  "properties": {
    "building": "yes",
    "id": "way/350044983"
  },
  "geometry": {
    "type": "Polygon",
    "coordinates": [
      [
        [
          77.1261071,
          28.6703676
        ],
        [
          77.1260875,
          28.6702031
        ],
        [
          77.1262948,
          28.670184
        ],
        [
          77.1263145,
          28.6703486
        ],
        [
          77.1261071,
          28.6703676
        ]
      ]
    ]
  }
},
{
  "type": "Feature",
  "id": "way/350044984",
  "properties": {
    "building": "yes",
    "id": "way/350044984"
  },
  "geometry": {
    "type": "Polygon",
    "coordinates": [
      [
        [
          77.1347304,
          28.6716567
        ],
        [
          77.1348855,
          28.6715405
        ],
        [
          77.1350109,
          28.6716693
        ],
        [
          77.1348558,
          28.6717856
        ],
        [
          77.1347304,
          28.6716567
        ]
      ]
    ]
  }
},
{
  "type": "Feature",
  "id": "way/350044985",
  "properties": {
    "building": "yes",
    "id": "way/350044985"
  },
  "geometry": {
    "type": "Polygon",
    "coordinates": [
      [
        [
          77.125516,
          28.6746971
        ],
        [
          77.1254945,
          28.6745374
        ],
        [
          77.1255725,
          28.6745293
        ],
        [
          77.1255941,
          28.674689
        ],
        [
          77.125516,
          28.6746971
        ]
      ]
    ]
  }
},
{
  "type": "Feature",
  "id": "way/350044986",
  "properties": {
    "building": "yes",
    "id": "way/350044986"
  },
  "geometry": {
    "type": "Polygon",
    "coordinates": [
      [
        [
          77.1364457,
          28.6734399
        ],
        [
          77.1366557,
          28.6733747
        ],
        [
          77.136698,
          28.6734797
        ],
        [
          77.136488,
          28.6735449
        ],
        [
          77.1364457,
          28.6734399
        ]
      ]
    ]
  }
},
{
  "type": "Feature",
  "id": "way/350044987",
  "properties": {
    "building": "yes",
    "id": "way/350044987"
  },
  "geometry": {
    "type": "Polygon",
    "coordinates": [
      [
        [
          77.1346089,
          28.6701893
        ],
        [
          77.1347734,
          28.6700295
        ],
        [
          77.1349402,
          28.6701618
        ],
        [
          77.1347757,
          28.6703215
        ],
        [
          77.1346089,
          28.6701893
        ]
      ]
    ]
  }
},
{
  "type": "Feature",
  "id": "way/350044988",
  "properties": {
    "building": "yes",
    "id": "way/350044988"
  },
  "geometry": {
    "type": "Polygon",
    "coordinates": [
      [
        [
          77.1251876,
          28.6749169
        ],
        [
          77.1251723,
          28.6747747
        ],
        [
          77.1252514,
          28.6747682
        ],
        [
          77.1252667,
          28.6749104
        ],
        [
          77.1251876,
          28.6749169
        ]
      ]
    ]
  }
},
{
  "type": "Feature",
  "id": "way/350044989",
  "properties": {
    "building": "yes",
    "id": "way/350044989"
  },
  "geometry": {
    "type": "Polygon",
    "coordinates": [
      [
        [
          77.1347408,
          28.6722299
        ],
        [
          77.1349313,
          28.6721094
        ],
        [
          77.1350138,
          28.6722097
        ],
        [
          77.1348233,
          28.6723302
        ],
        [
          77.1347408,
          28.6722299
        ]
      ]
    ]
  }
},
{
  "type": "Feature",
  "id": "way/350044990",
  "properties": {
    "building": "yes",
    "id": "way/350044990"
  },
  "geometry": {
    "type": "Polygon",
    "coordinates": [
      [
        [
          77.1241804,
          28.6737198
        ],
        [
          77.1241576,
          28.6735869
        ],
        [
          77.1243498,
          28.6735614
        ],
        [
          77.1243726,
          28.6736943
        ],
        [
          77.1241804,
          28.6737198
        ]
      ]
    ]
  }
},
{
  "type": "Feature",
  "id": "way/350044991",
  "properties": {
    "building": "yes",
    "id": "way/350044991"
  },
  "geometry": {
    "type": "Polygon",
    "coordinates": [
      [
        [
          77.1250834,
          28.6742624
        ],
        [
          77.1250599,
          28.6741259
        ],
        [
          77.1252302,
          28.6741033
        ],
        [
          77.1252537,
          28.6742398
        ],
        [
          77.1250834,
          28.6742624
        ]
      ]
    ]
  }
},
{
  "type": "Feature",
  "id": "way/350044992",
  "properties": {
    "building": "yes",
    "id": "way/350044992"
  },
  "geometry": {
    "type": "Polygon",
    "coordinates": [
      [
        [
          77.1350057,
          28.6710237
        ],
        [
          77.1351607,
          28.6708668
        ],
        [
          77.135243,
          28.6709293
        ],
        [
          77.1350881,
          28.6710863
        ],
        [
          77.1350057,
          28.6710237
        ]
      ]
    ]
  }
},
{
  "type": "Feature",
  "id": "way/350044993",
  "properties": {
    "building": "yes",
    "id": "way/350044993"
  },
  "geometry": {
    "type": "Polygon",
    "coordinates": [
      [
        [
          77.1360604,
          28.6724381
        ],
        [
          77.1362952,
          28.6723702
        ],
        [
          77.1363452,
          28.6725031
        ],
        [
          77.1361104,
          28.672571
        ],
        [
          77.1360604,
          28.6724381
        ]
      ]
    ]
  }
},
{
  "type": "Feature",
  "id": "way/350044995",
  "properties": {
    "building": "yes",
    "id": "way/350044995"
  },
  "geometry": {
    "type": "Polygon",
    "coordinates": [
      [
        [
          77.1367521,
          28.6712274
        ],
        [
          77.1372163,
          28.6709776
        ],
        [
          77.13736,
          28.6711832
        ],
        [
          77.1368766,
          28.6714182
        ],
        [
          77.1367521,
          28.6712274
        ]
      ]
    ]
  }
},
{
  "type": "Feature",
  "id": "way/350044996",
  "properties": {
    "building": "yes",
    "id": "way/350044996"
  },
  "geometry": {
    "type": "Polygon",
    "coordinates": [
      [
        [
          77.1364911,
          28.6726654
        ],
        [
          77.1367181,
          28.6726
        ],
        [
          77.1367539,
          28.6726957
        ],
        [
          77.1365269,
          28.6727611
        ],
        [
          77.1364911,
          28.6726654
        ]
      ]
    ]
  }
},
{
  "type": "Feature",
  "id": "way/350044997",
  "properties": {
    "building": "yes",
    "id": "way/350044997"
  },
  "geometry": {
    "type": "Polygon",
    "coordinates": [
      [
        [
          77.1240902,
          28.6743866
        ],
        [
          77.124077,
          28.6743097
        ],
        [
          77.1242478,
          28.674287
        ],
        [
          77.124261,
          28.674364
        ],
        [
          77.1240902,
          28.6743866
        ]
      ]
    ]
  }
},
{
  "type": "Feature",
  "id": "way/350044998",
  "properties": {
    "building": "yes",
    "id": "way/350044998"
  },
  "geometry": {
    "type": "Polygon",
    "coordinates": [
      [
        [
          77.1343921,
          28.6713765
        ],
        [
          77.1345175,
          28.6712525
        ],
        [
          77.1346087,
          28.6713235
        ],
        [
          77.1344833,
          28.6714475
        ],
        [
          77.1343921,
          28.6713765
        ]
      ]
    ]
  }
},
{
  "type": "Feature",
  "id": "way/350044999",
  "properties": {
    "building": "yes",
    "id": "way/350044999"
  },
  "geometry": {
    "type": "Polygon",
    "coordinates": [
      [
        [
          77.1310129,
          28.6724421
        ],
        [
          77.1309882,
          28.6723381
        ],
        [
          77.1311723,
          28.6723044
        ],
        [
          77.131197,
          28.6724084
        ],
        [
          77.1310129,
          28.6724421
        ]
      ]
    ]
  }
},
{
  "type": "Feature",
  "id": "way/350045000",
  "properties": {
    "building": "yes",
    "id": "way/350045000"
  },
  "geometry": {
    "type": "Polygon",
    "coordinates": [
      [
        [
          77.1298844,
          28.6720956
        ],
        [
          77.1298695,
          28.6719961
        ],
        [
          77.1300953,
          28.6719702
        ],
        [
          77.1301101,
          28.6720696
        ],
        [
          77.1298844,
          28.6720956
        ]
      ]
    ]
  }
},
{
  "type": "Feature",
  "id": "way/350045001",
  "properties": {
    "building": "yes",
    "id": "way/350045001"
  },
  "geometry": {
    "type": "Polygon",
    "coordinates": [
      [
        [
          77.1262056,
          28.6750747
        ],
        [
          77.1261896,
          28.6749166
        ],
        [
          77.1263361,
          28.6749052
        ],
        [
          77.126352,
          28.6750633
        ],
        [
          77.1262056,
          28.6750747
        ]
      ]
    ]
  }
},
{
  "type": "Feature",
  "id": "way/350045002",
  "properties": {
    "building": "yes",
    "id": "way/350045002"
  },
  "geometry": {
    "type": "Polygon",
    "coordinates": [
      [
        [
          77.1359374,
          28.671592
        ],
        [
          77.136109,
          28.671479
        ],
        [
          77.136161,
          28.6715657
        ],
        [
          77.1359965,
          28.6716611
        ],
        [
          77.1359374,
          28.671592
        ]
      ]
    ]
  }
},
{
  "type": "Feature",
  "id": "way/350045003",
  "properties": {
    "building": "yes",
    "id": "way/350045003"
  },
  "geometry": {
    "type": "Polygon",
    "coordinates": [
      [
        [
          77.1292211,
          28.6748782
        ],
        [
          77.1292116,
          28.6746739
        ],
        [
          77.1295039,
          28.6746634
        ],
        [
          77.1295135,
          28.6748676
        ],
        [
          77.1292211,
          28.6748782
        ]
      ]
    ]
  }
},
{
  "type": "Feature",
  "id": "way/350045004",
  "properties": {
    "building": "yes",
    "id": "way/350045004"
  },
  "geometry": {
    "type": "Polygon",
    "coordinates": [
      [
        [
          77.1354316,
          28.6727157
        ],
        [
          77.1356217,
          28.6726568
        ],
        [
          77.1356519,
          28.672732
        ],
        [
          77.1354619,
          28.6727908
        ],
        [
          77.1354316,
          28.6727157
        ]
      ]
    ]
  }
},
{
  "type": "Feature",
  "id": "way/350045005",
  "properties": {
    "building": "yes",
    "id": "way/350045005"
  },
  "geometry": {
    "type": "Polygon",
    "coordinates": [
      [
        [
          77.1369115,
          28.671423
        ],
        [
          77.137096,
          28.6713326
        ],
        [
          77.1371476,
          28.6714137
        ],
        [
          77.1369631,
          28.6715041
        ],
        [
          77.1369115,
          28.671423
        ]
      ]
    ]
  }
},
{
  "type": "Feature",
  "id": "way/350045006",
  "properties": {
    "building": "yes",
    "id": "way/350045006"
  },
  "geometry": {
    "type": "Polygon",
    "coordinates": [
      [
        [
          77.1335579,
          28.6710267
        ],
        [
          77.1336505,
          28.6708672
        ],
        [
          77.134047,
          28.6711976
        ],
        [
          77.1338923,
          28.6713155
        ],
        [
          77.1335579,
          28.6710267
        ]
      ]
    ]
  }
},
{
  "type": "Feature",
  "id": "way/350045007",
  "properties": {
    "building": "yes",
    "id": "way/350045007"
  },
  "geometry": {
    "type": "Polygon",
    "coordinates": [
      [
        [
          77.1354023,
          28.6709003
        ],
        [
          77.1355774,
          28.6707407
        ],
        [
          77.1356847,
          28.6708314
        ],
        [
          77.1355097,
          28.6709909
        ],
        [
          77.1354023,
          28.6709003
        ]
      ]
    ]
  }
},
{
  "type": "Feature",
  "id": "way/350045008",
  "properties": {
    "building": "yes",
    "id": "way/350045008"
  },
  "geometry": {
    "type": "Polygon",
    "coordinates": [
      [
        [
          77.1354133,
          28.6721445
        ],
        [
          77.1355674,
          28.6720642
        ],
        [
          77.1356127,
          28.6721311
        ],
        [
          77.1354585,
          28.6722114
        ],
        [
          77.1354133,
          28.6721445
        ]
      ]
    ]
  }
},
{
  "type": "Feature",
  "id": "way/350045009",
  "properties": {
    "building": "yes",
    "id": "way/350045009"
  },
  "geometry": {
    "type": "Polygon",
    "coordinates": [
      [
        [
          77.1350263,
          28.6734201
        ],
        [
          77.1352315,
          28.6733605
        ],
        [
          77.135275,
          28.6734759
        ],
        [
          77.1350698,
          28.6735354
        ],
        [
          77.1350263,
          28.6734201
        ]
      ]
    ]
  }
},
{
  "type": "Feature",
  "id": "way/350045010",
  "properties": {
    "building": "yes",
    "id": "way/350045010"
  },
  "geometry": {
    "type": "Polygon",
    "coordinates": [
      [
        [
          77.1372889,
          28.6734137
        ],
        [
          77.1372415,
          28.673272
        ],
        [
          77.137345,
          28.6732453
        ],
        [
          77.1373924,
          28.673387
        ],
        [
          77.1372889,
          28.6734137
        ]
      ]
    ]
  }
},
{
  "type": "Feature",
  "id": "way/350045011",
  "properties": {
    "building": "yes",
    "id": "way/350045011"
  },
  "geometry": {
    "type": "Polygon",
    "coordinates": [
      [
        [
          77.1342368,
          28.6716612
        ],
        [
          77.134347,
          28.6715652
        ],
        [
          77.1344195,
          28.6716293
        ],
        [
          77.1343093,
          28.6717253
        ],
        [
          77.1342368,
          28.6716612
        ]
      ]
    ]
  }
},
{
  "type": "Feature",
  "id": "way/350045012",
  "properties": {
    "building": "yes",
    "id": "way/350045012"
  },
  "geometry": {
    "type": "Polygon",
    "coordinates": [
      [
        [
          77.1294737,
          28.6732905
        ],
        [
          77.1294482,
          28.6732172
        ],
        [
          77.1296183,
          28.6731717
        ],
        [
          77.1296438,
          28.673245
        ],
        [
          77.1294737,
          28.6732905
        ]
      ]
    ]
  }
},
{
  "type": "Feature",
  "id": "way/350045013",
  "properties": {
    "building": "yes",
    "id": "way/350045013"
  },
  "geometry": {
    "type": "Polygon",
    "coordinates": [
      [
        [
          77.1328378,
          28.6710892
        ],
        [
          77.1328073,
          28.6709158
        ],
        [
          77.1329212,
          28.6709004
        ],
        [
          77.1329517,
          28.6710738
        ],
        [
          77.1328378,
          28.6710892
        ]
      ]
    ]
  }
},
{
  "type": "Feature",
  "id": "way/350045015",
  "properties": {
    "building": "yes",
    "id": "way/350045015"
  },
  "geometry": {
    "type": "Polygon",
    "coordinates": [
      [
        [
          77.1355236,
          28.6729845
        ],
        [
          77.1357009,
          28.672925
        ],
        [
          77.1357396,
          28.6730139
        ],
        [
          77.1355623,
          28.6730734
        ],
        [
          77.1355236,
          28.6729845
        ]
      ]
    ]
  }
},
{
  "type": "Feature",
  "id": "way/350045016",
  "properties": {
    "building": "yes",
    "id": "way/350045016"
  },
  "geometry": {
    "type": "Polygon",
    "coordinates": [
      [
        [
          77.126536,
          28.6707137
        ],
        [
          77.1265192,
          28.6705732
        ],
        [
          77.1267356,
          28.6705533
        ],
        [
          77.1267524,
          28.6706938
        ],
        [
          77.126536,
          28.6707137
        ]
      ]
    ]
  }
},
{
  "type": "Feature",
  "id": "way/350045017",
  "properties": {
    "building": "yes",
    "id": "way/350045017"
  },
  "geometry": {
    "type": "Polygon",
    "coordinates": [
      [
        [
          77.1272725,
          28.671849
        ],
        [
          77.1272555,
          28.6717385
        ],
        [
          77.1274357,
          28.6717172
        ],
        [
          77.1274526,
          28.6718277
        ],
        [
          77.1272725,
          28.671849
        ]
      ]
    ]
  }
},
{
  "type": "Feature",
  "id": "way/350045018",
  "properties": {
    "building": "yes",
    "id": "way/350045018"
  },
  "geometry": {
    "type": "Polygon",
    "coordinates": [
      [
        [
          77.1375553,
          28.6723304
        ],
        [
          77.1378308,
          28.6722452
        ],
        [
          77.1379129,
          28.6724495
        ],
        [
          77.1376373,
          28.6725347
        ],
        [
          77.1375553,
          28.6723304
        ]
      ]
    ]
  }
},
{
  "type": "Feature",
  "id": "way/350045019",
  "properties": {
    "building": "yes",
    "id": "way/350045019"
  },
  "geometry": {
    "type": "Polygon",
    "coordinates": [
      [
        [
          77.1349161,
          28.6704613
        ],
        [
          77.1350618,
          28.6703057
        ],
        [
          77.1351387,
          28.6703612
        ],
        [
          77.134993,
          28.6705167
        ],
        [
          77.1349161,
          28.6704613
        ]
      ]
    ]
  }
},
{
  "type": "Feature",
  "id": "way/350045020",
  "properties": {
    "building": "yes",
    "id": "way/350045020"
  },
  "geometry": {
    "type": "Polygon",
    "coordinates": [
      [
        [
          77.1253655,
          28.6748951
        ],
        [
          77.1253435,
          28.6747504
        ],
        [
          77.1254936,
          28.6747328
        ],
        [
          77.1255157,
          28.6748775
        ],
        [
          77.1253655,
          28.6748951
        ]
      ]
    ]
  }
},
{
  "type": "Feature",
  "id": "way/350045021",
  "properties": {
    "building": "yes",
    "id": "way/350045021"
  },
  "geometry": {
    "type": "Polygon",
    "coordinates": [
      [
        [
          77.1357739,
          28.6718698
        ],
        [
          77.1359871,
          28.6717514
        ],
        [
          77.1360416,
          28.6718269
        ],
        [
          77.1358284,
          28.6719453
        ],
        [
          77.1357739,
          28.6718698
        ]
      ]
    ]
  }
},
{
  "type": "Feature",
  "id": "way/350045022",
  "properties": {
    "building": "yes",
    "id": "way/350045022"
  },
  "geometry": {
    "type": "Polygon",
    "coordinates": [
      [
        [
          77.1353194,
          28.6734673
        ],
        [
          77.1352966,
          28.6733869
        ],
        [
          77.1354911,
          28.6733444
        ],
        [
          77.1355139,
          28.6734247
        ],
        [
          77.1353194,
          28.6734673
        ]
      ]
    ]
  }
},
{
  "type": "Feature",
  "id": "way/350045023",
  "properties": {
    "building": "yes",
    "id": "way/350045023"
  },
  "geometry": {
    "type": "Polygon",
    "coordinates": [
      [
        [
          77.1241969,
          28.6734882
        ],
        [
          77.1241828,
          28.673406
        ],
        [
          77.1243654,
          28.6733817
        ],
        [
          77.1243796,
          28.673464
        ],
        [
          77.1241969,
          28.6734882
        ]
      ]
    ]
  }
},
{
  "type": "Feature",
  "id": "way/350045024",
  "properties": {
    "building": "yes",
    "id": "way/350045024"
  },
  "geometry": {
    "type": "Polygon",
    "coordinates": [
      [
        [
          77.1253265,
          28.6753741
        ],
        [
          77.1253163,
          28.6752155
        ],
        [
          77.12539,
          28.6752119
        ],
        [
          77.1254001,
          28.6753704
        ],
        [
          77.1253265,
          28.6753741
        ]
      ]
    ]
  }
},
{
  "type": "Feature",
  "id": "way/350045026",
  "properties": {
    "building": "yes",
    "id": "way/350045026"
  },
  "geometry": {
    "type": "Polygon",
    "coordinates": [
      [
        [
          77.1248512,
          28.6744781
        ],
        [
          77.1248265,
          28.6743345
        ],
        [
          77.1249094,
          28.6743235
        ],
        [
          77.1249341,
          28.6744671
        ],
        [
          77.1248512,
          28.6744781
        ]
      ]
    ]
  }
},
{
  "type": "Feature",
  "id": "way/350045027",
  "properties": {
    "building": "yes",
    "id": "way/350045027"
  },
  "geometry": {
    "type": "Polygon",
    "coordinates": [
      [
        [
          77.1291392,
          28.6738491
        ],
        [
          77.12912,
          28.6737093
        ],
        [
          77.1293811,
          28.6736817
        ],
        [
          77.1294003,
          28.6738215
        ],
        [
          77.1291392,
          28.6738491
        ]
      ]
    ]
  }
},
{
  "type": "Feature",
  "id": "way/350045028",
  "properties": {
    "building": "yes",
    "id": "way/350045028"
  },
  "geometry": {
    "type": "Polygon",
    "coordinates": [
      [
        [
          77.1310655,
          28.6726843
        ],
        [
          77.1310118,
          28.6724566
        ],
        [
          77.1315246,
          28.6723635
        ],
        [
          77.1315783,
          28.6725911
        ],
        [
          77.1310655,
          28.6726843
        ]
      ]
    ]
  }
},
{
  "type": "Feature",
  "id": "way/350045029",
  "properties": {
    "building": "yes",
    "id": "way/350045029"
  },
  "geometry": {
    "type": "Polygon",
    "coordinates": [
      [
        [
          77.1357033,
          28.6727151
        ],
        [
          77.1358829,
          28.6726496
        ],
        [
          77.1359092,
          28.6727053
        ],
        [
          77.1357296,
          28.6727707
        ],
        [
          77.1357033,
          28.6727151
        ]
      ]
    ]
  }
},
{
  "type": "Feature",
  "id": "way/350045030",
  "properties": {
    "building": "yes",
    "id": "way/350045030"
  },
  "geometry": {
    "type": "Polygon",
    "coordinates": [
      [
        [
          77.1364065,
          28.6733362
        ],
        [
          77.1366357,
          28.6732703
        ],
        [
          77.1366698,
          28.6733616
        ],
        [
          77.1364406,
          28.6734275
        ],
        [
          77.1364065,
          28.6733362
        ]
      ]
    ]
  }
},
{
  "type": "Feature",
  "id": "way/350045031",
  "properties": {
    "building": "yes",
    "id": "way/350045031"
  },
  "geometry": {
    "type": "Polygon",
    "coordinates": [
      [
        [
          77.129511,
          28.6715241
        ],
        [
          77.1294939,
          28.6714093
        ],
        [
          77.1297358,
          28.6713814
        ],
        [
          77.129753,
          28.6714963
        ],
        [
          77.129511,
          28.6715241
        ]
      ]
    ]
  }
},
{
  "type": "Feature",
  "id": "way/350045032",
  "properties": {
    "building": "yes",
    "id": "way/350045032"
  },
  "geometry": {
    "type": "Polygon",
    "coordinates": [
      [
        [
          77.1360854,
          28.671825
        ],
        [
          77.1363002,
          28.6717143
        ],
        [
          77.1363536,
          28.6717941
        ],
        [
          77.1361388,
          28.6719049
        ],
        [
          77.1360854,
          28.671825
        ]
      ]
    ]
  }
},
{
  "type": "Feature",
  "id": "way/350045033",
  "properties": {
    "building": "yes",
    "id": "way/350045033"
  },
  "geometry": {
    "type": "Polygon",
    "coordinates": [
      [
        [
          77.1376981,
          28.6728989
        ],
        [
          77.1380304,
          28.6727854
        ],
        [
          77.1381091,
          28.6729628
        ],
        [
          77.1377769,
          28.6730763
        ],
        [
          77.1376981,
          28.6728989
        ]
      ]
    ]
  }
},
{
  "type": "Feature",
  "id": "way/350045034",
  "properties": {
    "building": "yes",
    "id": "way/350045034"
  },
  "geometry": {
    "type": "Polygon",
    "coordinates": [
      [
        [
          77.1296294,
          28.6748632
        ],
        [
          77.1296361,
          28.674448
        ],
        [
          77.1298855,
          28.6744583
        ],
        [
          77.1299002,
          28.6748368
        ],
        [
          77.1296294,
          28.6748632
        ]
      ]
    ]
  }
},
{
  "type": "Feature",
  "id": "way/350045035",
  "properties": {
    "building": "yes",
    "id": "way/350045035"
  },
  "geometry": {
    "type": "Polygon",
    "coordinates": [
      [
        [
          77.1354653,
          28.6728018
        ],
        [
          77.1356477,
          28.6727478
        ],
        [
          77.1356804,
          28.6728328
        ],
        [
          77.135498,
          28.6728868
        ],
        [
          77.1354653,
          28.6728018
        ]
      ]
    ]
  }
},
{
  "type": "Feature",
  "id": "way/350045036",
  "properties": {
    "building": "yes",
    "id": "way/350045036"
  },
  "geometry": {
    "type": "Polygon",
    "coordinates": [
      [
        [
          77.1345474,
          28.6712139
        ],
        [
          77.1347023,
          28.6710696
        ],
        [
          77.1348258,
          28.6711716
        ],
        [
          77.1346708,
          28.6713159
        ],
        [
          77.1345474,
          28.6712139
        ]
      ]
    ]
  }
},
{
  "type": "Feature",
  "id": "way/350045037",
  "properties": {
    "building": "yes",
    "id": "way/350045037"
  },
  "geometry": {
    "type": "Polygon",
    "coordinates": [
      [
        [
          77.1354985,
          28.6722937
        ],
        [
          77.1356679,
          28.6722124
        ],
        [
          77.1357088,
          28.6722781
        ],
        [
          77.1355394,
          28.6723594
        ],
        [
          77.1354985,
          28.6722937
        ]
      ]
    ]
  }
},
{
  "type": "Feature",
  "id": "way/350045038",
  "properties": {
    "building": "yes",
    "id": "way/350045038"
  },
  "geometry": {
    "type": "Polygon",
    "coordinates": [
      [
        [
          77.1258983,
          28.6706129
        ],
        [
          77.1258848,
          28.6705279
        ],
        [
          77.1261061,
          28.6705009
        ],
        [
          77.1261196,
          28.6705858
        ],
        [
          77.1258983,
          28.6706129
        ]
      ]
    ]
  }
},
{
  "type": "Feature",
  "id": "way/350045039",
  "properties": {
    "building": "yes",
    "id": "way/350045039"
  },
  "geometry": {
    "type": "Polygon",
    "coordinates": [
      [
        [
          77.1349688,
          28.6732491
        ],
        [
          77.1351972,
          28.6731924
        ],
        [
          77.1352203,
          28.6732639
        ],
        [
          77.1349919,
          28.6733206
        ],
        [
          77.1349688,
          28.6732491
        ]
      ]
    ]
  }
},
{
  "type": "Feature",
  "id": "way/350045040",
  "properties": {
    "building": "yes",
    "id": "way/350045040"
  },
  "geometry": {
    "type": "Polygon",
    "coordinates": [
      [
        [
          77.1343678,
          28.6717986
        ],
        [
          77.1345036,
          28.6716809
        ],
        [
          77.1345717,
          28.6717413
        ],
        [
          77.1344359,
          28.671859
        ],
        [
          77.1343678,
          28.6717986
        ]
      ]
    ]
  }
},
{
  "type": "Feature",
  "id": "way/350045042",
  "properties": {
    "building": "yes",
    "id": "way/350045042"
  },
  "geometry": {
    "type": "Polygon",
    "coordinates": [
      [
        [
          77.1367986,
          28.6708099
        ],
        [
          77.1366586,
          28.6706623
        ],
        [
          77.1368331,
          28.6705349
        ],
        [
          77.1369731,
          28.6706825
        ],
        [
          77.1367986,
          28.6708099
        ]
      ]
    ]
  }
},
{
  "type": "Feature",
  "id": "way/350045044",
  "properties": {
    "building": "yes",
    "id": "way/350045044"
  },
  "geometry": {
    "type": "Polygon",
    "coordinates": [
      [
        [
          77.1359147,
          28.6708415
        ],
        [
          77.1361994,
          28.6706076
        ],
        [
          77.1363364,
          28.6707628
        ],
        [
          77.1360506,
          28.6709688
        ],
        [
          77.1359147,
          28.6708415
        ]
      ]
    ]
  }
},
{
  "type": "Feature",
  "id": "way/350045045",
  "properties": {
    "building": "yes",
    "id": "way/350045045"
  },
  "geometry": {
    "type": "Polygon",
    "coordinates": [
      [
        [
          77.1298349,
          28.6716156
        ],
        [
          77.1298205,
          28.6715192
        ],
        [
          77.1300114,
          28.6714972
        ],
        [
          77.1300258,
          28.6715936
        ],
        [
          77.1298349,
          28.6716156
        ]
      ]
    ]
  }
},
{
  "type": "Feature",
  "id": "way/350045046",
  "properties": {
    "building": "yes",
    "id": "way/350045046"
  },
  "geometry": {
    "type": "Polygon",
    "coordinates": [
      [
        [
          77.1266841,
          28.6752106
        ],
        [
          77.1266711,
          28.6750461
        ],
        [
          77.1267644,
          28.6750404
        ],
        [
          77.1267774,
          28.6752049
        ],
        [
          77.1266841,
          28.6752106
        ]
      ]
    ]
  }
},
{
  "type": "Feature",
  "id": "way/350045047",
  "properties": {
    "building": "yes",
    "id": "way/350045047"
  },
  "geometry": {
    "type": "Polygon",
    "coordinates": [
      [
        [
          77.1257145,
          28.6748565
        ],
        [
          77.1256964,
          28.6747014
        ],
        [
          77.1257981,
          28.6746923
        ],
        [
          77.1258162,
          28.6748473
        ],
        [
          77.1257145,
          28.6748565
        ]
      ]
    ]
  }
},
{
  "type": "Feature",
  "id": "way/350045048",
  "properties": {
    "building": "yes",
    "id": "way/350045048"
  },
  "geometry": {
    "type": "Polygon",
    "coordinates": [
      [
        [
          77.1291473,
          28.6717368
        ],
        [
          77.1291329,
          28.6716262
        ],
        [
          77.1293374,
          28.6716058
        ],
        [
          77.1293517,
          28.6717164
        ],
        [
          77.1291473,
          28.6717368
        ]
      ]
    ]
  }
},
{
  "type": "Feature",
  "id": "way/350045049",
  "properties": {
    "building": "yes",
    "id": "way/350045049"
  },
  "geometry": {
    "type": "Polygon",
    "coordinates": [
      [
        [
          77.1353412,
          28.6713156
        ],
        [
          77.1355231,
          28.6711709
        ],
        [
          77.1356113,
          28.6712563
        ],
        [
          77.1354295,
          28.671401
        ],
        [
          77.1353412,
          28.6713156
        ]
      ]
    ]
  }
},
{
  "type": "Feature",
  "id": "way/350045050",
  "properties": {
    "building": "yes",
    "id": "way/350045050"
  },
  "geometry": {
    "type": "Polygon",
    "coordinates": [
      [
        [
          77.1351677,
          28.6730183
        ],
        [
          77.1353482,
          28.6729629
        ],
        [
          77.1353716,
          28.6730218
        ],
        [
          77.1351911,
          28.6730771
        ],
        [
          77.1351677,
          28.6730183
        ]
      ]
    ]
  }
},
{
  "type": "Feature",
  "id": "way/350045051",
  "properties": {
    "building": "yes",
    "id": "way/350045051"
  },
  "geometry": {
    "type": "Polygon",
    "coordinates": [
      [
        [
          77.1291347,
          28.6742707
        ],
        [
          77.1291031,
          28.6740141
        ],
        [
          77.1293224,
          28.6739933
        ],
        [
          77.1293913,
          28.67424
        ],
        [
          77.1291347,
          28.6742707
        ]
      ]
    ]
  }
},
{
  "type": "Feature",
  "id": "way/350045052",
  "properties": {
    "building": "yes",
    "id": "way/350045052"
  },
  "geometry": {
    "type": "Polygon",
    "coordinates": [
      [
        [
          77.1255066,
          28.6753448
        ],
        [
          77.125497,
          28.6751922
        ],
        [
          77.1255787,
          28.6751883
        ],
        [
          77.1255883,
          28.6753409
        ],
        [
          77.1255066,
          28.6753448
        ]
      ]
    ]
  }
},
{
  "type": "Feature",
  "id": "way/350045053",
  "properties": {
    "building": "yes",
    "id": "way/350045053"
  },
  "geometry": {
    "type": "Polygon",
    "coordinates": [
      [
        [
          77.1374324,
          28.6734345
        ],
        [
          77.1373601,
          28.6732393
        ],
        [
          77.1374548,
          28.6732123
        ],
        [
          77.1375271,
          28.6734075
        ],
        [
          77.1374324,
          28.6734345
        ]
      ]
    ]
  }
},
{
  "type": "Feature",
  "id": "way/350045055",
  "properties": {
    "building": "yes",
    "id": "way/350045055"
  },
  "geometry": {
    "type": "Polygon",
    "coordinates": [
      [
        [
          77.1246064,
          28.6754987
        ],
        [
          77.1245748,
          28.675315
        ],
        [
          77.1247736,
          28.6752887
        ],
        [
          77.1248052,
          28.6754724
        ],
        [
          77.1246064,
          28.6754987
        ]
      ]
    ]
  }
},
{
  "type": "Feature",
  "id": "way/350045056",
  "properties": {
    "building": "yes",
    "id": "way/350045056"
  },
  "geometry": {
    "type": "Polygon",
    "coordinates": [
      [
        [
          77.1304613,
          28.6726925
        ],
        [
          77.1303906,
          28.672511
        ],
        [
          77.1304692,
          28.6724874
        ],
        [
          77.13054,
          28.6726689
        ],
        [
          77.1304613,
          28.6726925
        ]
      ]
    ]
  }
},
{
  "type": "Feature",
  "id": "way/350045057",
  "properties": {
    "building": "yes",
    "id": "way/350045057"
  },
  "geometry": {
    "type": "Polygon",
    "coordinates": [
      [
        [
          77.1362928,
          28.6730814
        ],
        [
          77.1365292,
          28.6730127
        ],
        [
          77.1365687,
          28.6731173
        ],
        [
          77.1363323,
          28.673186
        ],
        [
          77.1362928,
          28.6730814
        ]
      ]
    ]
  }
},
{
  "type": "Feature",
  "id": "way/350045058",
  "properties": {
    "building": "yes",
    "id": "way/350045058"
  },
  "geometry": {
    "type": "Polygon",
    "coordinates": [
      [
        [
          77.1249307,
          28.6749506
        ],
        [
          77.1249171,
          28.6747985
        ],
        [
          77.1249921,
          28.6747934
        ],
        [
          77.1250057,
          28.6749455
        ],
        [
          77.1249307,
          28.6749506
        ]
      ]
    ]
  }
},
{
  "type": "Feature",
  "id": "way/350045059",
  "properties": {
    "building": "yes",
    "id": "way/350045059"
  },
  "geometry": {
    "type": "Polygon",
    "coordinates": [
      [
        [
          77.1342127,
          28.6719695
        ],
        [
          77.1343492,
          28.6718476
        ],
        [
          77.1343999,
          28.6718912
        ],
        [
          77.1342633,
          28.6720132
        ],
        [
          77.1342127,
          28.6719695
        ]
      ]
    ]
  }
},
{
  "type": "Feature",
  "id": "way/350045060",
  "properties": {
    "building": "yes",
    "id": "way/350045060"
  },
  "geometry": {
    "type": "Polygon",
    "coordinates": [
      [
        [
          77.1350167,
          28.6705475
        ],
        [
          77.1351669,
          28.6704028
        ],
        [
          77.1352464,
          28.6704663
        ],
        [
          77.1350962,
          28.670611
        ],
        [
          77.1350167,
          28.6705475
        ]
      ]
    ]
  }
},
{
  "type": "Feature",
  "id": "way/350045062",
  "properties": {
    "building": "yes",
    "id": "way/350045062"
  },
  "geometry": {
    "type": "Polygon",
    "coordinates": [
      [
        [
          77.1348582,
          28.6714764
        ],
        [
          77.1350132,
          28.6713251
        ],
        [
          77.1351184,
          28.671408
        ],
        [
          77.1349634,
          28.6715593
        ],
        [
          77.1348582,
          28.6714764
        ]
      ]
    ]
  }
},
{
  "type": "Feature",
  "id": "way/350045063",
  "properties": {
    "building": "yes",
    "id": "way/350045063"
  },
  "geometry": {
    "type": "Polygon",
    "coordinates": [
      [
        [
          77.1255823,
          28.6751654
        ],
        [
          77.1255636,
          28.6750108
        ],
        [
          77.1256439,
          28.6750033
        ],
        [
          77.1256625,
          28.6751579
        ],
        [
          77.1255823,
          28.6751654
        ]
      ]
    ]
  }
},
{
  "type": "Feature",
  "id": "way/350045064",
  "properties": {
    "building": "yes",
    "id": "way/350045064"
  },
  "geometry": {
    "type": "Polygon",
    "coordinates": [
      [
        [
          77.1258556,
          28.6703339
        ],
        [
          77.1258448,
          28.6702438
        ],
        [
          77.1260367,
          28.6702262
        ],
        [
          77.1260474,
          28.6703162
        ],
        [
          77.1258556,
          28.6703339
        ]
      ]
    ]
  }
},
{
  "type": "Feature",
  "id": "way/350045065",
  "properties": {
    "building": "yes",
    "id": "way/350045065"
  },
  "geometry": {
    "type": "Polygon",
    "coordinates": [
      [
        [
          77.1345491,
          28.6719226
        ],
        [
          77.1346944,
          28.6718392
        ],
        [
          77.1347385,
          28.6718983
        ],
        [
          77.1345931,
          28.6719817
        ],
        [
          77.1345491,
          28.6719226
        ]
      ]
    ]
  }
},
{
  "type": "Feature",
  "id": "way/350045068",
  "properties": {
    "building": "yes",
    "id": "way/350045068"
  },
  "geometry": {
    "type": "Polygon",
    "coordinates": [
      [
        [
          77.1261399,
          28.6705582
        ],
        [
          77.12612,
          28.6703919
        ],
        [
          77.1263228,
          28.6703732
        ],
        [
          77.1263426,
          28.6705396
        ],
        [
          77.1261399,
          28.6705582
        ]
      ]
    ]
  }
},
{
  "type": "Feature",
  "id": "way/350045069",
  "properties": {
    "building": "yes",
    "id": "way/350045069"
  },
  "geometry": {
    "type": "Polygon",
    "coordinates": [
      [
        [
          77.1345408,
          28.6723704
        ],
        [
          77.1347033,
          28.672269
        ],
        [
          77.1348041,
          28.6723933
        ],
        [
          77.1346416,
          28.6724948
        ],
        [
          77.1345408,
          28.6723704
        ]
      ]
    ]
  }
},
{
  "type": "Feature",
  "id": "way/350045070",
  "properties": {
    "building": "yes",
    "id": "way/350045070"
  },
  "geometry": {
    "type": "Polygon",
    "coordinates": [
      [
        [
          77.1356067,
          28.6705587
        ],
        [
          77.1357818,
          28.6704081
        ],
        [
          77.135933,
          28.6705434
        ],
        [
          77.1357579,
          28.670694
        ],
        [
          77.1356067,
          28.6705587
        ]
      ]
    ]
  }
},
{
  "type": "Feature",
  "id": "way/350045071",
  "properties": {
    "building": "yes",
    "id": "way/350045071"
  },
  "geometry": {
    "type": "Polygon",
    "coordinates": [
      [
        [
          77.12987,
          28.6717992
        ],
        [
          77.1298573,
          28.671714
        ],
        [
          77.1300362,
          28.6716934
        ],
        [
          77.1300489,
          28.6717786
        ],
        [
          77.12987,
          28.6717992
        ]
      ]
    ]
  }
},
{
  "type": "Feature",
  "id": "way/350045072",
  "properties": {
    "building": "yes",
    "id": "way/350045072"
  },
  "geometry": {
    "type": "Polygon",
    "coordinates": [
      [
        [
          77.1346656,
          28.6715771
        ],
        [
          77.1347982,
          28.6714587
        ],
        [
          77.1348712,
          28.6715217
        ],
        [
          77.1347387,
          28.6716401
        ],
        [
          77.1346656,
          28.6715771
        ]
      ]
    ]
  }
},
{
  "type": "Feature",
  "id": "way/350045074",
  "properties": {
    "building": "yes",
    "id": "way/350045074"
  },
  "geometry": {
    "type": "Polygon",
    "coordinates": [
      [
        [
          77.1354971,
          28.6728978
        ],
        [
          77.1357031,
          28.6728327
        ],
        [
          77.1357331,
          28.6729055
        ],
        [
          77.135527,
          28.6729707
        ],
        [
          77.1354971,
          28.6728978
        ]
      ]
    ]
  }
},
{
  "type": "Feature",
  "id": "way/350045075",
  "properties": {
    "building": "yes",
    "id": "way/350045075"
  },
  "geometry": {
    "type": "Polygon",
    "coordinates": [
      [
        [
          77.1259604,
          28.6709151
        ],
        [
          77.1259408,
          28.6707914
        ],
        [
          77.1261192,
          28.6707696
        ],
        [
          77.1261388,
          28.6708933
        ],
        [
          77.1259604,
          28.6709151
        ]
      ]
    ]
  }
},
{
  "type": "Feature",
  "id": "way/350045076",
  "properties": {
    "building": "yes",
    "id": "way/350045076"
  },
  "geometry": {
    "type": "Polygon",
    "coordinates": [
      [
        [
          77.1355375,
          28.6723684
        ],
        [
          77.1357268,
          28.6723026
        ],
        [
          77.1357609,
          28.6723781
        ],
        [
          77.1355716,
          28.672444
        ],
        [
          77.1355375,
          28.6723684
        ]
      ]
    ]
  }
},
{
  "type": "Feature",
  "id": "way/350045077",
  "properties": {
    "building": "yes",
    "id": "way/350045077"
  },
  "geometry": {
    "type": "Polygon",
    "coordinates": [
      [
        [
          77.1250038,
          28.6742708
        ],
        [
          77.1249798,
          28.6741314
        ],
        [
          77.1250529,
          28.6741217
        ],
        [
          77.1250769,
          28.6742611
        ],
        [
          77.1250038,
          28.6742708
        ]
      ]
    ]
  }
},
{
  "type": "Feature",
  "id": "way/350045078",
  "properties": {
    "building": "yes",
    "id": "way/350045078"
  },
  "geometry": {
    "type": "Polygon",
    "coordinates": [
      [
        [
          77.135088,
          28.6710959
        ],
        [
          77.1352717,
          28.6709228
        ],
        [
          77.1353899,
          28.6710194
        ],
        [
          77.1352062,
          28.6711925
        ],
        [
          77.135088,
          28.6710959
        ]
      ]
    ]
  }
},
{
  "type": "Feature",
  "id": "way/350045079",
  "properties": {
    "building": "yes",
    "id": "way/350045079"
  },
  "geometry": {
    "type": "Polygon",
    "coordinates": [
      [
        [
          77.125689,
          28.6753151
        ],
        [
          77.12568,
          28.6751848
        ],
        [
          77.1257633,
          28.6751804
        ],
        [
          77.1257723,
          28.6753107
        ],
        [
          77.125689,
          28.6753151
        ]
      ]
    ]
  }
},
{
  "type": "Feature",
  "id": "way/350045080",
  "properties": {
    "building": "yes",
    "id": "way/350045080"
  },
  "geometry": {
    "type": "Polygon",
    "coordinates": [
      [
        [
          77.1370947,
          28.6729321
        ],
        [
          77.1374154,
          28.6728172
        ],
        [
          77.1374862,
          28.6729692
        ],
        [
          77.1371654,
          28.6730841
        ],
        [
          77.1370947,
          28.6729321
        ]
      ]
    ]
  }
},
{
  "type": "Feature",
  "id": "way/350045081",
  "properties": {
    "building": "yes",
    "id": "way/350045081"
  },
  "geometry": {
    "type": "Polygon",
    "coordinates": [
      [
        [
          77.1361578,
          28.6725699
        ],
        [
          77.1363503,
          28.6725229
        ],
        [
          77.1363834,
          28.6726274
        ],
        [
          77.1361909,
          28.6726743
        ],
        [
          77.1361578,
          28.6725699
        ]
      ]
    ]
  }
},
{
  "type": "Feature",
  "id": "way/350045082",
  "properties": {
    "building": "yes",
    "id": "way/350045082"
  },
  "geometry": {
    "type": "Polygon",
    "coordinates": [
      [
        [
          77.1269028,
          28.6715566
        ],
        [
          77.1268751,
          28.6713246
        ],
        [
          77.1271434,
          28.6712999
        ],
        [
          77.1271711,
          28.6715319
        ],
        [
          77.1269028,
          28.6715566
        ]
      ]
    ]
  }
},
{
  "type": "Feature",
  "id": "way/350045083",
  "properties": {
    "building": "yes",
    "id": "way/350045083"
  },
  "geometry": {
    "type": "Polygon",
    "coordinates": [
      [
        [
          77.1302863,
          28.672754
        ],
        [
          77.1302003,
          28.6725334
        ],
        [
          77.130284,
          28.6725082
        ],
        [
          77.13037,
          28.6727289
        ],
        [
          77.1302863,
          28.672754
        ]
      ]
    ]
  }
},
{
  "type": "Feature",
  "id": "way/350045084",
  "properties": {
    "building": "yes",
    "id": "way/350045084"
  },
  "geometry": {
    "type": "Polygon",
    "coordinates": [
      [
        [
          77.1353558,
          28.6725384
        ],
        [
          77.1355341,
          28.6724764
        ],
        [
          77.135572,
          28.6725602
        ],
        [
          77.1353937,
          28.6726223
        ],
        [
          77.1353558,
          28.6725384
        ]
      ]
    ]
  }
},
{
  "type": "Feature",
  "id": "way/350045086",
  "properties": {
    "building": "yes",
    "id": "way/350045086"
  },
  "geometry": {
    "type": "Polygon",
    "coordinates": [
      [
        [
          77.1241006,
          28.674473
        ],
        [
          77.1240869,
          28.6743932
        ],
        [
          77.1242619,
          28.67437
        ],
        [
          77.1242757,
          28.6744498
        ],
        [
          77.1241006,
          28.674473
        ]
      ]
    ]
  }
},
{
  "type": "Feature",
  "id": "way/350045087",
  "properties": {
    "building": "yes",
    "id": "way/350045087"
  },
  "geometry": {
    "type": "Polygon",
    "coordinates": [
      [
        [
          77.1298812,
          28.6719863
        ],
        [
          77.1298675,
          28.6718948
        ],
        [
          77.1300769,
          28.6718707
        ],
        [
          77.1300906,
          28.6719622
        ],
        [
          77.1298812,
          28.6719863
        ]
      ]
    ]
  }
},
{
  "type": "Feature",
  "id": "way/350045088",
  "properties": {
    "building": "yes",
    "id": "way/350045088"
  },
  "geometry": {
    "type": "Polygon",
    "coordinates": [
      [
        [
          77.1264837,
          28.6703404
        ],
        [
          77.1264747,
          28.6702654
        ],
        [
          77.1266793,
          28.6702465
        ],
        [
          77.1266883,
          28.6703216
        ],
        [
          77.1264837,
          28.6703404
        ]
      ]
    ]
  }
},
{
  "type": "Feature",
  "id": "way/350045089",
  "properties": {
    "building": "yes",
    "id": "way/350045089"
  },
  "geometry": {
    "type": "Polygon",
    "coordinates": [
      [
        [
          77.1358086,
          28.6714444
        ],
        [
          77.1360356,
          28.6713116
        ],
        [
          77.136139,
          28.6714476
        ],
        [
          77.135912,
          28.6715804
        ],
        [
          77.1358086,
          28.6714444
        ]
      ]
    ]
  }
},
{
  "type": "Feature",
  "id": "way/350045090",
  "properties": {
    "building": "yes",
    "id": "way/350045090"
  },
  "geometry": {
    "type": "Polygon",
    "coordinates": [
      [
        [
          77.1251051,
          28.6749293
        ],
        [
          77.1250922,
          28.6747802
        ],
        [
          77.1251593,
          28.6747757
        ],
        [
          77.1251723,
          28.6749248
        ],
        [
          77.1251051,
          28.6749293
        ]
      ]
    ]
  }
},
{
  "type": "Feature",
  "id": "way/350045091",
  "properties": {
    "building": "yes",
    "id": "way/350045091"
  },
  "geometry": {
    "type": "Polygon",
    "coordinates": [
      [
        [
          77.1343382,
          28.6720862
        ],
        [
          77.1344953,
          28.6719753
        ],
        [
          77.1346084,
          28.6720986
        ],
        [
          77.1344513,
          28.6722095
        ],
        [
          77.1343382,
          28.6720862
        ]
      ]
    ]
  }
},
{
  "type": "Feature",
  "id": "way/350045092",
  "properties": {
    "building": "yes",
    "id": "way/350045092"
  },
  "geometry": {
    "type": "Polygon",
    "coordinates": [
      [
        [
          77.1352136,
          28.6707416
        ],
        [
          77.1354,
          28.6705702
        ],
        [
          77.1355664,
          28.6707095
        ],
        [
          77.13538,
          28.6708809
        ],
        [
          77.1352136,
          28.6707416
        ]
      ]
    ]
  }
},
{
  "type": "Feature",
  "id": "way/350045093",
  "properties": {
    "building": "yes",
    "id": "way/350045093"
  },
  "geometry": {
    "type": "Polygon",
    "coordinates": [
      [
        [
          77.1353692,
          28.6720677
        ],
        [
          77.1355223,
          28.6719859
        ],
        [
          77.13557,
          28.6720548
        ],
        [
          77.1354113,
          28.6721395
        ],
        [
          77.1353692,
          28.6720677
        ]
      ]
    ]
  }
},
{
  "type": "Feature",
  "id": "way/350045094",
  "properties": {
    "building": "yes",
    "id": "way/350045094"
  },
  "geometry": {
    "type": "Polygon",
    "coordinates": [
      [
        [
          77.1326898,
          28.6711279
        ],
        [
          77.1326661,
          28.6709574
        ],
        [
          77.1328047,
          28.6709426
        ],
        [
          77.1328284,
          28.671113
        ],
        [
          77.1326898,
          28.6711279
        ]
      ]
    ]
  }
},
{
  "type": "Feature",
  "id": "way/350045095",
  "properties": {
    "building": "yes",
    "id": "way/350045095"
  },
  "geometry": {
    "type": "Polygon",
    "coordinates": [
      [
        [
          77.1351647,
          28.672216
        ],
        [
          77.1353533,
          28.6721223
        ],
        [
          77.1354485,
          28.6722699
        ],
        [
          77.1352599,
          28.6723636
        ],
        [
          77.1351647,
          28.672216
        ]
      ]
    ]
  }
},
{
  "type": "Feature",
  "id": "way/350045096",
  "properties": {
    "building": "yes",
    "id": "way/350045096"
  },
  "geometry": {
    "type": "Polygon",
    "coordinates": [
      [
        [
          77.1265695,
          28.6708455
        ],
        [
          77.1265547,
          28.6707217
        ],
        [
          77.1267476,
          28.6707039
        ],
        [
          77.1267624,
          28.6708277
        ],
        [
          77.1265695,
          28.6708455
        ]
      ]
    ]
  }
},
{
  "type": "Feature",
  "id": "way/350045098",
  "properties": {
    "building": "yes",
    "id": "way/350045098"
  },
  "geometry": {
    "type": "Polygon",
    "coordinates": [
      [
        [
          77.1349917,
          28.6700289
        ],
        [
          77.135195,
          28.6698426
        ],
        [
          77.1353297,
          28.6699558
        ],
        [
          77.1351264,
          28.6701421
        ],
        [
          77.1349917,
          28.6700289
        ]
      ]
    ]
  }
},
{
  "type": "Feature",
  "id": "way/350045099",
  "properties": {
    "building": "yes",
    "id": "way/350045099"
  },
  "geometry": {
    "type": "Polygon",
    "coordinates": [
      [
        [
          77.1342879,
          28.6702897
        ],
        [
          77.1343797,
          28.6702091
        ],
        [
          77.134472,
          28.6702901
        ],
        [
          77.1343801,
          28.6703707
        ],
        [
          77.1342879,
          28.6702897
        ]
      ]
    ]
  }
},
{
  "type": "Feature",
  "id": "way/350045100",
  "properties": {
    "building": "yes",
    "id": "way/350045100"
  },
  "geometry": {
    "type": "Polygon",
    "coordinates": [
      [
        [
          77.1370244,
          28.6716616
        ],
        [
          77.1375688,
          28.6714267
        ],
        [
          77.1376928,
          28.6716479
        ],
        [
          77.1371484,
          28.6718828
        ],
        [
          77.1370244,
          28.6716616
        ]
      ]
    ]
  }
},
{
  "type": "Feature",
  "id": "way/350045101",
  "properties": {
    "building": "yes",
    "id": "way/350045101"
  },
  "geometry": {
    "type": "Polygon",
    "coordinates": [
      [
        [
          77.1362708,
          28.672152
        ],
        [
          77.1364786,
          28.6720678
        ],
        [
          77.1365294,
          28.6721643
        ],
        [
          77.1363216,
          28.6722485
        ],
        [
          77.1362708,
          28.672152
        ]
      ]
    ]
  }
},
{
  "type": "Feature",
  "id": "way/350045102",
  "properties": {
    "building": "yes",
    "id": "way/350045102"
  },
  "geometry": {
    "type": "Polygon",
    "coordinates": [
      [
        [
          77.1252746,
          28.6748916
        ],
        [
          77.1252571,
          28.6747485
        ],
        [
          77.1253337,
          28.6747412
        ],
        [
          77.1253512,
          28.6748844
        ],
        [
          77.1252746,
          28.6748916
        ]
      ]
    ]
  }
},
{
  "type": "Feature",
  "id": "way/350045103",
  "properties": {
    "building": "yes",
    "id": "way/350045103"
  },
  "geometry": {
    "type": "Polygon",
    "coordinates": [
      [
        [
          77.1372064,
          28.6714657
        ],
        [
          77.1374524,
          28.6713626
        ],
        [
          77.1374898,
          28.6714315
        ],
        [
          77.1372439,
          28.6715346
        ],
        [
          77.1372064,
          28.6714657
        ]
      ]
    ]
  }
},
{
  "type": "Feature",
  "id": "way/350045104",
  "properties": {
    "building": "yes",
    "id": "way/350045104"
  },
  "geometry": {
    "type": "Polygon",
    "coordinates": [
      [
        [
          77.1356181,
          28.6725562
        ],
        [
          77.1358218,
          28.6724784
        ],
        [
          77.1358601,
          28.6725556
        ],
        [
          77.1356564,
          28.6726333
        ],
        [
          77.1356181,
          28.6725562
        ]
      ]
    ]
  }
},
{
  "type": "Feature",
  "id": "way/350045105",
  "properties": {
    "building": "yes",
    "id": "way/350045105"
  },
  "geometry": {
    "type": "Polygon",
    "coordinates": [
      [
        [
          77.124761,
          28.6744951
        ],
        [
          77.1247345,
          28.6743412
        ],
        [
          77.1248161,
          28.6743304
        ],
        [
          77.1248426,
          28.6744843
        ],
        [
          77.124761,
          28.6744951
        ]
      ]
    ]
  }
},
{
  "type": "Feature",
  "id": "way/350045106",
  "properties": {
    "building": "yes",
    "id": "way/350045106"
  },
  "geometry": {
    "type": "Polygon",
    "coordinates": [
      [
        [
          77.1348628,
          28.6709116
        ],
        [
          77.1350385,
          28.6707399
        ],
        [
          77.1351739,
          28.6708466
        ],
        [
          77.1349982,
          28.6710183
        ],
        [
          77.1348628,
          28.6709116
        ]
      ]
    ]
  }
},
{
  "type": "Feature",
  "id": "way/350045107",
  "properties": {
    "building": "yes",
    "id": "way/350045107"
  },
  "geometry": {
    "type": "Polygon",
    "coordinates": [
      [
        [
          77.125955,
          28.6752799
        ],
        [
          77.1259415,
          28.6751268
        ],
        [
          77.1261124,
          28.6751152
        ],
        [
          77.126126,
          28.6752683
        ],
        [
          77.125955,
          28.6752799
        ]
      ]
    ]
  }
},
{
  "type": "Feature",
  "id": "way/350045108",
  "properties": {
    "building": "yes",
    "id": "way/350045108"
  },
  "geometry": {
    "type": "Polygon",
    "coordinates": [
      [
        [
          77.1370207,
          28.6727033
        ],
        [
          77.1369564,
          28.6725375
        ],
        [
          77.1372817,
          28.6724404
        ],
        [
          77.137346,
          28.6726062
        ],
        [
          77.1370207,
          28.6727033
        ]
      ]
    ]
  }
},
{
  "type": "Feature",
  "id": "way/350045109",
  "properties": {
    "building": "yes",
    "id": "way/350045109"
  },
  "geometry": {
    "type": "Polygon",
    "coordinates": [
      [
        [
          77.13603,
          28.6723358
        ],
        [
          77.1362576,
          28.672263
        ],
        [
          77.1362898,
          28.6723403
        ],
        [
          77.1360622,
          28.6724132
        ],
        [
          77.13603,
          28.6723358
        ]
      ]
    ]
  }
},
{
  "type": "Feature",
  "id": "way/350045110",
  "properties": {
    "building": "yes",
    "id": "way/350045110"
  },
  "geometry": {
    "type": "Polygon",
    "coordinates": [
      [
        [
          77.1312733,
          28.6730424
        ],
        [
          77.1313253,
          28.6729364
        ],
        [
          77.1315587,
          28.6730134
        ],
        [
          77.131509,
          28.6731313
        ],
        [
          77.1312733,
          28.6730424
        ]
      ]
    ]
  }
},
{
  "type": "Feature",
  "id": "way/350045111",
  "properties": {
    "building": "yes",
    "id": "way/350045111"
  },
  "geometry": {
    "type": "Polygon",
    "coordinates": [
      [
        [
          77.1273489,
          28.6715487
        ],
        [
          77.1273206,
          28.6713115
        ],
        [
          77.1274574,
          28.6712989
        ],
        [
          77.1274857,
          28.6715361
        ],
        [
          77.1273489,
          28.6715487
        ]
      ]
    ]
  }
},
{
  "type": "Feature",
  "id": "way/350045113",
  "properties": {
    "building": "yes",
    "id": "way/350045113"
  },
  "geometry": {
    "type": "Polygon",
    "coordinates": [
      [
        [
          77.124075,
          28.6743029
        ],
        [
          77.1240612,
          28.6742231
        ],
        [
          77.1242331,
          28.6742003
        ],
        [
          77.1242468,
          28.6742801
        ],
        [
          77.124075,
          28.6743029
        ]
      ]
    ]
  }
},
{
  "type": "Feature",
  "id": "way/350045114",
  "properties": {
    "building": "yes",
    "id": "way/350045114"
  },
  "geometry": {
    "type": "Polygon",
    "coordinates": [
      [
        [
          77.1312354,
          28.6723994
        ],
        [
          77.1312091,
          28.6722845
        ],
        [
          77.1314847,
          28.672236
        ],
        [
          77.131511,
          28.6723509
        ],
        [
          77.1312354,
          28.6723994
        ]
      ]
    ]
  }
},
{
  "type": "Feature",
  "id": "way/350045115",
  "properties": {
    "building": "yes",
    "id": "way/350045115"
  },
  "geometry": {
    "type": "Polygon",
    "coordinates": [
      [
        [
          77.1299307,
          28.6722476
        ],
        [
          77.1299095,
          28.672106
        ],
        [
          77.1301336,
          28.6720802
        ],
        [
          77.1301548,
          28.6722218
        ],
        [
          77.1299307,
          28.6722476
        ]
      ]
    ]
  }
},
{
  "type": "Feature",
  "id": "way/350045116",
  "properties": {
    "building": "yes",
    "id": "way/350045116"
  },
  "geometry": {
    "type": "Polygon",
    "coordinates": [
      [
        [
          77.1359905,
          28.6716754
        ],
        [
          77.1361836,
          28.671564
        ],
        [
          77.136287,
          28.6717018
        ],
        [
          77.1360939,
          28.6718133
        ],
        [
          77.1359905,
          28.6716754
        ]
      ]
    ]
  }
},
{
  "type": "Feature",
  "id": "way/350045117",
  "properties": {
    "building": "yes",
    "id": "way/350045117"
  },
  "geometry": {
    "type": "Polygon",
    "coordinates": [
      [
        [
          77.1274303,
          28.6722644
        ],
        [
          77.1274112,
          28.6721174
        ],
        [
          77.1275872,
          28.6720991
        ],
        [
          77.1276064,
          28.672246
        ],
        [
          77.1274303,
          28.6722644
        ]
      ]
    ]
  }
},
{
  "type": "Feature",
  "id": "way/350045118",
  "properties": {
    "building": "yes",
    "id": "way/350045118"
  },
  "geometry": {
    "type": "Polygon",
    "coordinates": [
      [
        [
          77.1295277,
          28.6748622
        ],
        [
          77.1295537,
          28.6743281
        ],
        [
          77.1296073,
          28.674336
        ],
        [
          77.1296073,
          28.6748652
        ],
        [
          77.1295277,
          28.6748622
        ]
      ]
    ]
  }
},
{
  "type": "Feature",
  "id": "way/350045119",
  "properties": {
    "building": "yes",
    "id": "way/350045119"
  },
  "geometry": {
    "type": "Polygon",
    "coordinates": [
      [
        [
          77.1355331,
          28.6710141
        ],
        [
          77.1357003,
          28.6708645
        ],
        [
          77.1357781,
          28.6709314
        ],
        [
          77.1356109,
          28.671081
        ],
        [
          77.1355331,
          28.6710141
        ]
      ]
    ]
  }
},
{
  "type": "Feature",
  "id": "way/350045120",
  "properties": {
    "building": "yes",
    "id": "way/350045120"
  },
  "geometry": {
    "type": "Polygon",
    "coordinates": [
      [
        [
          77.1354551,
          28.6722248
        ],
        [
          77.1356442,
          28.6721291
        ],
        [
          77.1356861,
          28.6721929
        ],
        [
          77.1354969,
          28.6722885
        ],
        [
          77.1354551,
          28.6722248
        ]
      ]
    ]
  }
},
{
  "type": "Feature",
  "id": "way/350045121",
  "properties": {
    "building": "yes",
    "id": "way/350045121"
  },
  "geometry": {
    "type": "Polygon",
    "coordinates": [
      [
        [
          77.1251638,
          28.6747546
        ],
        [
          77.1251431,
          28.6745689
        ],
        [
          77.1252944,
          28.6745559
        ],
        [
          77.1253152,
          28.6747415
        ],
        [
          77.1251638,
          28.6747546
        ]
      ]
    ]
  }
},
{
  "type": "Feature",
  "id": "way/350045122",
  "properties": {
    "building": "yes",
    "id": "way/350045122"
  },
  "geometry": {
    "type": "Polygon",
    "coordinates": [
      [
        [
          77.1259231,
          28.6707804
        ],
        [
          77.1258986,
          28.6706256
        ],
        [
          77.1261163,
          28.670599
        ],
        [
          77.1261408,
          28.6707538
        ],
        [
          77.1259231,
          28.6707804
        ]
      ]
    ]
  }
},
{
  "type": "Feature",
  "id": "way/350045123",
  "properties": {
    "building": "yes",
    "id": "way/350045123"
  },
  "geometry": {
    "type": "Polygon",
    "coordinates": [
      [
        [
          77.1349919,
          28.6733325
        ],
        [
          77.1352227,
          28.6732708
        ],
        [
          77.1352494,
          28.6733478
        ],
        [
          77.1350186,
          28.6734094
        ],
        [
          77.1349919,
          28.6733325
        ]
      ]
    ]
  }
},
{
  "type": "Feature",
  "id": "way/350045124",
  "properties": {
    "building": "yes",
    "id": "way/350045124"
  },
  "geometry": {
    "type": "Polygon",
    "coordinates": [
      [
        [
          77.1353102,
          28.6702766
        ],
        [
          77.1355282,
          28.6700665
        ],
        [
          77.1356754,
          28.6701841
        ],
        [
          77.1354574,
          28.6703942
        ],
        [
          77.1353102,
          28.6702766
        ]
      ]
    ]
  }
},
{
  "type": "Feature",
  "id": "way/350045125",
  "properties": {
    "building": "yes",
    "id": "way/350045125"
  },
  "geometry": {
    "type": "Polygon",
    "coordinates": [
      [
        [
          77.1295392,
          28.6734379
        ],
        [
          77.1294816,
          28.6733124
        ],
        [
          77.1296442,
          28.6732549
        ],
        [
          77.1297019,
          28.6733805
        ],
        [
          77.1295392,
          28.6734379
        ]
      ]
    ]
  }
},
{
  "type": "Feature",
  "id": "way/350045126",
  "properties": {
    "building": "yes",
    "id": "way/350045126"
  },
  "geometry": {
    "type": "Polygon",
    "coordinates": [
      [
        [
          77.1329722,
          28.6710803
        ],
        [
          77.1329395,
          28.6709059
        ],
        [
          77.1331443,
          28.6708763
        ],
        [
          77.133177,
          28.6710507
        ],
        [
          77.1329722,
          28.6710803
        ]
      ]
    ]
  }
},
{
  "type": "Feature",
  "id": "way/350045128",
  "properties": {
    "building": "yes",
    "id": "way/350045128"
  },
  "geometry": {
    "type": "Polygon",
    "coordinates": [
      [
        [
          77.1350176,
          28.6720131
        ],
        [
          77.1351995,
          28.6719151
        ],
        [
          77.1353318,
          28.6721041
        ],
        [
          77.1351499,
          28.6722021
        ],
        [
          77.1350176,
          28.6720131
        ]
      ]
    ]
  }
},
{
  "type": "Feature",
  "id": "way/350045129",
  "properties": {
    "building": "yes",
    "id": "way/350045129"
  },
  "geometry": {
    "type": "Polygon",
    "coordinates": [
      [
        [
          77.1290843,
          28.67357
        ],
        [
          77.129073,
          28.6734461
        ],
        [
          77.1293061,
          28.6734298
        ],
        [
          77.1293174,
          28.6735537
        ],
        [
          77.1290843,
          28.67357
        ]
      ]
    ]
  }
},
{
  "type": "Feature",
  "id": "way/350045130",
  "properties": {
    "building": "yes",
    "id": "way/350045130"
  },
  "geometry": {
    "type": "Polygon",
    "coordinates": [
      [
        [
          77.1265176,
          28.6705617
        ],
        [
          77.1265036,
          28.6704441
        ],
        [
          77.1266957,
          28.6704264
        ],
        [
          77.1267097,
          28.670544
        ],
        [
          77.1265176,
          28.6705617
        ]
      ]
    ]
  }
},
{
  "type": "Feature",
  "id": "way/350045131",
  "properties": {
    "building": "yes",
    "id": "way/350045131"
  },
  "geometry": {
    "type": "Polygon",
    "coordinates": [
      [
        [
          77.134438,
          28.6705378
        ],
        [
          77.1345882,
          28.6704088
        ],
        [
          77.1346675,
          28.67048
        ],
        [
          77.1345174,
          28.6706089
        ],
        [
          77.134438,
          28.6705378
        ]
      ]
    ]
  }
},
{
  "type": "Feature",
  "id": "way/350045132",
  "properties": {
    "building": "yes",
    "id": "way/350045132"
  },
  "geometry": {
    "type": "Polygon",
    "coordinates": [
      [
        [
          77.1357575,
          28.6728711
        ],
        [
          77.1359258,
          28.6728176
        ],
        [
          77.1359508,
          28.6728783
        ],
        [
          77.1357826,
          28.6729318
        ],
        [
          77.1357575,
          28.6728711
        ]
      ]
    ]
  }
},
{
  "type": "Feature",
  "id": "way/350045133",
  "properties": {
    "building": "yes",
    "id": "way/350045133"
  },
  "geometry": {
    "type": "Polygon",
    "coordinates": [
      [
        [
          77.137425,
          28.6726578
        ],
        [
          77.1378946,
          28.6725023
        ],
        [
          77.1379874,
          28.672718
        ],
        [
          77.1375178,
          28.6728735
        ],
        [
          77.137425,
          28.6726578
        ]
      ]
    ]
  }
},
{
  "type": "Feature",
  "id": "way/350045134",
  "properties": {
    "building": "yes",
    "id": "way/350045134"
  },
  "geometry": {
    "type": "Polygon",
    "coordinates": [
      [
        [
          77.1255377,
          28.6748743
        ],
        [
          77.1255174,
          28.6747197
        ],
        [
          77.125684,
          28.6747029
        ],
        [
          77.1257044,
          28.6748574
        ],
        [
          77.1255377,
          28.6748743
        ]
      ]
    ]
  }
},
{
  "type": "Feature",
  "id": "way/350045135",
  "properties": {
    "building": "yes",
    "id": "way/350045135"
  },
  "geometry": {
    "type": "Polygon",
    "coordinates": [
      [
        [
          77.1293754,
          28.6745681
        ],
        [
          77.1293592,
          28.6742761
        ],
        [
          77.129518,
          28.6742692
        ],
        [
          77.1295343,
          28.6745613
        ],
        [
          77.1293754,
          28.6745681
        ]
      ]
    ]
  }
},
{
  "type": "Feature",
  "id": "way/350045136",
  "properties": {
    "building": "yes",
    "id": "way/350045136"
  },
  "geometry": {
    "type": "Polygon",
    "coordinates": [
      [
        [
          77.1249416,
          28.6744702
        ],
        [
          77.1249167,
          28.6743259
        ],
        [
          77.1249941,
          28.6743156
        ],
        [
          77.125019,
          28.6744599
        ],
        [
          77.1249416,
          28.6744702
        ]
      ]
    ]
  }
},
{
  "type": "Feature",
  "id": "way/350045137",
  "properties": {
    "building": "yes",
    "id": "way/350045137"
  },
  "geometry": {
    "type": "Polygon",
    "coordinates": [
      [
        [
          77.1368276,
          28.6722009
        ],
        [
          77.1371506,
          28.6720691
        ],
        [
          77.1372339,
          28.6722263
        ],
        [
          77.1369109,
          28.6723581
        ],
        [
          77.1368276,
          28.6722009
        ]
      ]
    ]
  }
},
{
  "type": "Feature",
  "id": "way/350045138",
  "properties": {
    "building": "yes",
    "id": "way/350045138"
  },
  "geometry": {
    "type": "Polygon",
    "coordinates": [
      [
        [
          77.1359141,
          28.6720821
        ],
        [
          77.1361208,
          28.6719929
        ],
        [
          77.1361847,
          28.6721069
        ],
        [
          77.135978,
          28.6721961
        ],
        [
          77.1359141,
          28.6720821
        ]
      ]
    ]
  }
},
{
  "type": "Feature",
  "id": "way/350045139",
  "properties": {
    "building": "yes",
    "id": "way/350045139"
  },
  "geometry": {
    "type": "Polygon",
    "coordinates": [
      [
        [
          77.1311297,
          28.6732059
        ],
        [
          77.1312107,
          28.6731192
        ],
        [
          77.13141,
          28.6732626
        ],
        [
          77.131329,
          28.6733493
        ],
        [
          77.1311297,
          28.6732059
        ]
      ]
    ]
  }
},
{
  "type": "Feature",
  "id": "way/350045141",
  "properties": {
    "building": "yes",
    "id": "way/350045141"
  },
  "geometry": {
    "type": "Polygon",
    "coordinates": [
      [
        [
          77.1248261,
          28.6743022
        ],
        [
          77.1247956,
          28.6741252
        ],
        [
          77.1248696,
          28.6741154
        ],
        [
          77.1249001,
          28.6742924
        ],
        [
          77.1248261,
          28.6743022
        ]
      ]
    ]
  }
},
{
  "type": "Feature",
  "id": "way/350045142",
  "properties": {
    "building": "yes",
    "id": "way/350045142"
  },
  "geometry": {
    "type": "Polygon",
    "coordinates": [
      [
        [
          77.1362009,
          28.6728277
        ],
        [
          77.1364421,
          28.6727563
        ],
        [
          77.1364897,
          28.6728797
        ],
        [
          77.1362485,
          28.6729512
        ],
        [
          77.1362009,
          28.6728277
        ]
      ]
    ]
  }
},
{
  "type": "Feature",
  "id": "way/350045143",
  "properties": {
    "building": "yes",
    "id": "way/350045143"
  },
  "geometry": {
    "type": "Polygon",
    "coordinates": [
      [
        [
          77.1295314,
          28.6716277
        ],
        [
          77.1295177,
          28.6715362
        ],
        [
          77.1297386,
          28.6715107
        ],
        [
          77.1297523,
          28.6716022
        ],
        [
          77.1295314,
          28.6716277
        ]
      ]
    ]
  }
},
{
  "type": "Feature",
  "id": "way/350045144",
  "properties": {
    "building": "yes",
    "id": "way/350045144"
  },
  "geometry": {
    "type": "Polygon",
    "coordinates": [
      [
        [
          77.1361356,
          28.6719205
        ],
        [
          77.1363617,
          28.6718026
        ],
        [
          77.1364224,
          28.6718922
        ],
        [
          77.1361963,
          28.6720101
        ],
        [
          77.1361356,
          28.6719205
        ]
      ]
    ]
  }
},
{
  "type": "Feature",
  "id": "way/350045145",
  "properties": {
    "building": "yes",
    "id": "way/350045145"
  },
  "geometry": {
    "type": "Polygon",
    "coordinates": [
      [
        [
          77.1282479,
          28.6710825
        ],
        [
          77.1282185,
          28.6708051
        ],
        [
          77.1284032,
          28.67079
        ],
        [
          77.1284325,
          28.6710675
        ],
        [
          77.1282479,
          28.6710825
        ]
      ]
    ]
  }
},
{
  "type": "Feature",
  "id": "way/350045146",
  "properties": {
    "building": "yes",
    "id": "way/350045146"
  },
  "geometry": {
    "type": "Polygon",
    "coordinates": [
      [
        [
          77.135057,
          28.6716469
        ],
        [
          77.1352089,
          28.6715475
        ],
        [
          77.135266,
          28.6716146
        ],
        [
          77.1351141,
          28.6717141
        ],
        [
          77.135057,
          28.6716469
        ]
      ]
    ]
  }
},
{
  "type": "Feature",
  "id": "way/350045149",
  "properties": {
    "building": "yes",
    "id": "way/350045149"
  },
  "geometry": {
    "type": "Polygon",
    "coordinates": [
      [
        [
          77.1254727,
          28.6751703
        ],
        [
          77.1254484,
          28.6749885
        ],
        [
          77.125539,
          28.6749792
        ],
        [
          77.1255633,
          28.675161
        ],
        [
          77.1254727,
          28.6751703
        ]
      ]
    ]
  }
},
{
  "type": "Feature",
  "id": "way/350045150",
  "properties": {
    "building": "yes",
    "id": "way/350045150"
  },
  "geometry": {
    "type": "Polygon",
    "coordinates": [
      [
        [
          77.1258779,
          28.6705138
        ],
        [
          77.1258522,
          28.6703514
        ],
        [
          77.1260722,
          28.6703245
        ],
        [
          77.126098,
          28.6704869
        ],
        [
          77.1258779,
          28.6705138
        ]
      ]
    ]
  }
},
{
  "type": "Feature",
  "id": "way/350045152",
  "properties": {
    "building": "yes",
    "id": "way/350045152"
  },
  "geometry": {
    "type": "Polygon",
    "coordinates": [
      [
        [
          77.1349232,
          28.6731531
        ],
        [
          77.1351612,
          28.6730872
        ],
        [
          77.1351942,
          28.6731788
        ],
        [
          77.1349562,
          28.6732447
        ],
        [
          77.1349232,
          28.6731531
        ]
      ]
    ]
  }
},
{
  "type": "Feature",
  "id": "way/350045153",
  "properties": {
    "building": "yes",
    "id": "way/350045153"
  },
  "geometry": {
    "type": "Polygon",
    "coordinates": [
      [
        [
          77.1344503,
          28.671858
        ],
        [
          77.1345879,
          28.6717603
        ],
        [
          77.1346555,
          28.6718336
        ],
        [
          77.1345179,
          28.6719313
        ],
        [
          77.1344503,
          28.671858
        ]
      ]
    ]
  }
},
{
  "type": "Feature",
  "id": "way/350045154",
  "properties": {
    "building": "yes",
    "id": "way/350045154"
  },
  "geometry": {
    "type": "Polygon",
    "coordinates": [
      [
        [
          77.1261408,
          28.6752665
        ],
        [
          77.1261216,
          28.6751075
        ],
        [
          77.1261965,
          28.6751005
        ],
        [
          77.1262157,
          28.6752596
        ],
        [
          77.1261408,
          28.6752665
        ]
      ]
    ]
  }
},
{
  "type": "Feature",
  "id": "way/350045156",
  "properties": {
    "building": "yes",
    "id": "way/350045156"
  },
  "geometry": {
    "type": "Polygon",
    "coordinates": [
      [
        [
          77.1350812,
          28.6728322
        ],
        [
          77.1352816,
          28.6727803
        ],
        [
          77.1353087,
          28.6728609
        ],
        [
          77.1351083,
          28.6729128
        ],
        [
          77.1350812,
          28.6728322
        ]
      ]
    ]
  }
},
{
  "type": "Feature",
  "id": "way/350045157",
  "properties": {
    "building": "yes",
    "id": "way/350045157"
  },
  "geometry": {
    "type": "Polygon",
    "coordinates": [
      [
        [
          77.1331525,
          28.6705281
        ],
        [
          77.1331283,
          28.6703737
        ],
        [
          77.1335527,
          28.6703227
        ],
        [
          77.1335768,
          28.670477
        ],
        [
          77.1331525,
          28.6705281
        ]
      ]
    ]
  }
},
{
  "type": "Feature",
  "id": "way/350045158",
  "properties": {
    "building": "yes",
    "id": "way/350045158"
  },
  "geometry": {
    "type": "Polygon",
    "coordinates": [
      [
        [
          77.1298349,
          28.6717074
        ],
        [
          77.1298226,
          28.6716252
        ],
        [
          77.1300274,
          28.6716016
        ],
        [
          77.1300397,
          28.6716838
        ],
        [
          77.1298349,
          28.6717074
        ]
      ]
    ]
  }
},
{
  "type": "Feature",
  "id": "way/350045159",
  "properties": {
    "building": "yes",
    "id": "way/350045159"
  },
  "geometry": {
    "type": "Polygon",
    "coordinates": [
      [
        [
          77.1290188,
          28.6731439
        ],
        [
          77.1290091,
          28.6730252
        ],
        [
          77.1292767,
          28.6730083
        ],
        [
          77.1292865,
          28.6731271
        ],
        [
          77.1290188,
          28.6731439
        ]
      ]
    ]
  }
},
{
  "type": "Feature",
  "id": "way/350045160",
  "properties": {
    "building": "yes",
    "id": "way/350045160"
  },
  "geometry": {
    "type": "Polygon",
    "coordinates": [
      [
        [
          77.1348602,
          28.6717902
        ],
        [
          77.1349935,
          28.6716936
        ],
        [
          77.1350544,
          28.6717583
        ],
        [
          77.1349211,
          28.6718549
        ],
        [
          77.1348602,
          28.6717902
        ]
      ]
    ]
  }
},
{
  "type": "Feature",
  "id": "way/350045161",
  "properties": {
    "building": "yes",
    "id": "way/350045161"
  },
  "geometry": {
    "type": "Polygon",
    "coordinates": [
      [
        [
          77.1345978,
          28.6707354
        ],
        [
          77.1347854,
          28.6705651
        ],
        [
          77.1349997,
          28.6707469
        ],
        [
          77.134812,
          28.6709172
        ],
        [
          77.1345978,
          28.6707354
        ]
      ]
    ]
  }
},
{
  "type": "Feature",
  "id": "way/350045162",
  "properties": {
    "building": "yes",
    "id": "way/350045162"
  },
  "geometry": {
    "type": "Polygon",
    "coordinates": [
      [
        [
          77.1358013,
          28.6730451
        ],
        [
          77.1360058,
          28.672989
        ],
        [
          77.1360359,
          28.6730737
        ],
        [
          77.1358315,
          28.6731298
        ],
        [
          77.1358013,
          28.6730451
        ]
      ]
    ]
  }
},
{
  "type": "Feature",
  "id": "way/350045163",
  "properties": {
    "building": "yes",
    "id": "way/350045163"
  },
  "geometry": {
    "type": "Polygon",
    "coordinates": [
      [
        [
          77.1348357,
          28.6723358
        ],
        [
          77.1350154,
          28.6722286
        ],
        [
          77.1350748,
          28.6723052
        ],
        [
          77.1348951,
          28.6724125
        ],
        [
          77.1348357,
          28.6723358
        ]
      ]
    ]
  }
},
{
  "type": "Feature",
  "id": "way/350045164",
  "properties": {
    "building": "yes",
    "id": "way/350045164"
  },
  "geometry": {
    "type": "Polygon",
    "coordinates": [
      [
        [
          77.1349803,
          28.6715527
        ],
        [
          77.1351195,
          28.671448
        ],
        [
          77.1352008,
          28.6715312
        ],
        [
          77.1350616,
          28.6716359
        ],
        [
          77.1349803,
          28.6715527
        ]
      ]
    ]
  }
},
{
  "type": "Feature",
  "id": "way/350045165",
  "properties": {
    "building": "yes",
    "id": "way/350045165"
  },
  "geometry": {
    "type": "Polygon",
    "coordinates": [
      [
        [
          77.1248911,
          28.6747643
        ],
        [
          77.1248747,
          28.6745998
        ],
        [
          77.1249452,
          28.6745944
        ],
        [
          77.1249616,
          28.6747589
        ],
        [
          77.1248911,
          28.6747643
        ]
      ]
    ]
  }
},
{
  "type": "Feature",
  "id": "way/350045166",
  "properties": {
    "building": "yes",
    "id": "way/350045166"
  },
  "geometry": {
    "type": "Polygon",
    "coordinates": [
      [
        [
          77.1255987,
          28.675331
        ],
        [
          77.1255913,
          28.6751912
        ],
        [
          77.1256688,
          28.6751881
        ],
        [
          77.1256762,
          28.6753278
        ],
        [
          77.1255987,
          28.675331
        ]
      ]
    ]
  }
},
{
  "type": "Feature",
  "id": "way/350045167",
  "properties": {
    "building": "yes",
    "id": "way/350045167"
  },
  "geometry": {
    "type": "Polygon",
    "coordinates": [
      [
        [
          77.13038,
          28.6727282
        ],
        [
          77.130297,
          28.6725152
        ],
        [
          77.1303698,
          28.6724934
        ],
        [
          77.1304529,
          28.6727064
        ],
        [
          77.13038,
          28.6727282
        ]
      ]
    ]
  }
},
{
  "type": "Feature",
  "id": "way/350045168",
  "properties": {
    "building": "yes",
    "id": "way/350045168"
  },
  "geometry": {
    "type": "Polygon",
    "coordinates": [
      [
        [
          77.135317,
          28.6724616
        ],
        [
          77.1354951,
          28.6723887
        ],
        [
          77.1355338,
          28.6724615
        ],
        [
          77.1353557,
          28.6725344
        ],
        [
          77.135317,
          28.6724616
        ]
      ]
    ]
  }
},
{
  "type": "Feature",
  "id": "way/350045169",
  "properties": {
    "building": "yes",
    "id": "way/350045169"
  },
  "geometry": {
    "type": "Polygon",
    "coordinates": [
      [
        [
          77.1251991,
          28.6744438
        ],
        [
          77.1251696,
          28.6742721
        ],
        [
          77.1252542,
          28.6742609
        ],
        [
          77.1252838,
          28.6744326
        ],
        [
          77.1251991,
          28.6744438
        ]
      ]
    ]
  }
},
{
  "type": "Feature",
  "id": "way/350045170",
  "properties": {
    "building": "yes",
    "id": "way/350045170"
  },
  "geometry": {
    "type": "Polygon",
    "coordinates": [
      [
        [
          77.1355682,
          28.6716236
        ],
        [
          77.1357648,
          28.6714833
        ],
        [
          77.1358934,
          28.6716219
        ],
        [
          77.1356968,
          28.6717623
        ],
        [
          77.1355682,
          28.6716236
        ]
      ]
    ]
  }
},
{
  "type": "Feature",
  "id": "way/350045171",
  "properties": {
    "building": "yes",
    "id": "way/350045171"
  },
  "geometry": {
    "type": "Polygon",
    "coordinates": [
      [
        [
          77.1242811,
          28.6690288
        ],
        [
          77.124266,
          28.6689378
        ],
        [
          77.1244801,
          28.6689105
        ],
        [
          77.1244951,
          28.6690014
        ],
        [
          77.1242811,
          28.6690288
        ]
      ]
    ]
  }
},
{
  "type": "Feature",
  "id": "way/350045172",
  "properties": {
    "building": "yes",
    "id": "way/350045172"
  },
  "geometry": {
    "type": "Polygon",
    "coordinates": [
      [
        [
          77.1264936,
          28.6704362
        ],
        [
          77.1264828,
          28.6703456
        ],
        [
          77.1266709,
          28.6703283
        ],
        [
          77.1266818,
          28.6704189
        ],
        [
          77.1264936,
          28.6704362
        ]
      ]
    ]
  }
},
{
  "type": "Feature",
  "id": "way/350045173",
  "properties": {
    "building": "yes",
    "id": "way/350045173"
  },
  "geometry": {
    "type": "Polygon",
    "coordinates": [
      [
        [
          77.1362585,
          28.672964
        ],
        [
          77.1364957,
          28.6729087
        ],
        [
          77.1365253,
          28.6730064
        ],
        [
          77.1362881,
          28.6730618
        ],
        [
          77.1362585,
          28.672964
        ]
      ]
    ]
  }
},
{
  "type": "Feature",
  "id": "way/350045174",
  "properties": {
    "building": "yes",
    "id": "way/350045174"
  },
  "geometry": {
    "type": "Polygon",
    "coordinates": [
      [
        [
          77.1295961,
          28.6718344
        ],
        [
          77.1295831,
          28.6717475
        ],
        [
          77.129781,
          28.6717247
        ],
        [
          77.129794,
          28.6718116
        ],
        [
          77.1295961,
          28.6718344
        ]
      ]
    ]
  }
},
{
  "type": "Feature",
  "id": "way/350045175",
  "properties": {
    "building": "yes",
    "id": "way/350045175"
  },
  "geometry": {
    "type": "Polygon",
    "coordinates": [
      [
        [
          77.1250182,
          28.6749392
        ],
        [
          77.1250001,
          28.6747906
        ],
        [
          77.1250794,
          28.6747832
        ],
        [
          77.1250975,
          28.6749318
        ],
        [
          77.1250182,
          28.6749392
        ]
      ]
    ]
  }
},
{
  "type": "Feature",
  "id": "way/350045176",
  "properties": {
    "building": "yes",
    "id": "way/350045176"
  },
  "geometry": {
    "type": "Polygon",
    "coordinates": [
      [
        [
          77.1365624,
          28.6729119
        ],
        [
          77.1367949,
          28.6728417
        ],
        [
          77.1368382,
          28.6729523
        ],
        [
          77.1366057,
          28.6730224
        ],
        [
          77.1365624,
          28.6729119
        ]
      ]
    ]
  }
},
{
  "type": "Feature",
  "id": "way/350045177",
  "properties": {
    "building": "yes",
    "id": "way/350045177"
  },
  "geometry": {
    "type": "Polygon",
    "coordinates": [
      [
        [
          77.1258433,
          28.6702353
        ],
        [
          77.1258306,
          28.6701294
        ],
        [
          77.1260118,
          28.6701127
        ],
        [
          77.1260245,
          28.6702187
        ],
        [
          77.1258433,
          28.6702353
        ]
      ]
    ]
  }
},
{
  "type": "Feature",
  "id": "way/350045178",
  "properties": {
    "building": "yes",
    "id": "way/350045178"
  },
  "geometry": {
    "type": "Polygon",
    "coordinates": [
      [
        [
          77.1348546,
          28.6729142
        ],
        [
          77.135051,
          28.6728539
        ],
        [
          77.1350854,
          28.67294
        ],
        [
          77.1348889,
          28.6730003
        ],
        [
          77.1348546,
          28.6729142
        ]
      ]
    ]
  }
},
{
  "type": "Feature",
  "id": "way/350045179",
  "properties": {
    "building": "yes",
    "id": "way/350045179"
  },
  "geometry": {
    "type": "Polygon",
    "coordinates": [
      [
        [
          77.1264107,
          28.6752398
        ],
        [
          77.1263899,
          28.6750748
        ],
        [
          77.1265622,
          28.675058
        ],
        [
          77.1265831,
          28.675223
        ],
        [
          77.1264107,
          28.6752398
        ]
      ]
    ]
  }
},
{
  "type": "Feature",
  "id": "way/350045180",
  "properties": {
    "building": "yes",
    "id": "way/350045180"
  },
  "geometry": {
    "type": "Polygon",
    "coordinates": [
      [
        [
          77.1307541,
          28.6729621
        ],
        [
          77.1307067,
          28.6728405
        ],
        [
          77.1308595,
          28.6727946
        ],
        [
          77.1309069,
          28.6729162
        ],
        [
          77.1307541,
          28.6729621
        ]
      ]
    ]
  }
},
{
  "type": "Feature",
  "id": "way/350045183",
  "properties": {
    "building": "yes",
    "id": "way/350045183"
  },
  "geometry": {
    "type": "Polygon",
    "coordinates": [
      [
        [
          77.1348132,
          28.6698802
        ],
        [
          77.1350143,
          28.669685
        ],
        [
          77.1351701,
          28.6698086
        ],
        [
          77.1349691,
          28.6700038
        ],
        [
          77.1348132,
          28.6698802
        ]
      ]
    ]
  }
},
{
  "type": "Feature",
  "id": "way/350045184",
  "properties": {
    "building": "yes",
    "id": "way/350045184"
  },
  "geometry": {
    "type": "Polygon",
    "coordinates": [
      [
        [
          77.129886,
          28.6718861
        ],
        [
          77.1298743,
          28.6718078
        ],
        [
          77.1300529,
          28.6717873
        ],
        [
          77.1300646,
          28.6718655
        ],
        [
          77.129886,
          28.6718861
        ]
      ]
    ]
  }
},
{
  "type": "Feature",
  "id": "way/350045185",
  "properties": {
    "building": "yes",
    "id": "way/350045185"
  },
  "geometry": {
    "type": "Polygon",
    "coordinates": [
      [
        [
          77.1290001,
          28.6729
        ],
        [
          77.128992,
          28.6727777
        ],
        [
          77.1292252,
          28.6727658
        ],
        [
          77.1292333,
          28.6728881
        ],
        [
          77.1290001,
          28.6729
        ]
      ]
    ]
  }
},
{
  "type": "Feature",
  "id": "way/350045186",
  "properties": {
    "building": "yes",
    "id": "way/350045186"
  },
  "geometry": {
    "type": "Polygon",
    "coordinates": [
      [
        [
          77.1341186,
          28.6716017
        ],
        [
          77.1342592,
          28.6714833
        ],
        [
          77.1343402,
          28.6715573
        ],
        [
          77.1341997,
          28.6716757
        ],
        [
          77.1341186,
          28.6716017
        ]
      ]
    ]
  }
},
{
  "type": "Feature",
  "id": "way/350045187",
  "properties": {
    "building": "yes",
    "id": "way/350045187"
  },
  "geometry": {
    "type": "Polygon",
    "coordinates": [
      [
        [
          77.1366446,
          28.6718214
        ],
        [
          77.1369699,
          28.6716747
        ],
        [
          77.1370592,
          28.6718272
        ],
        [
          77.1367339,
          28.6719739
        ],
        [
          77.1366446,
          28.6718214
        ]
      ]
    ]
  }
},
{
  "type": "Feature",
  "id": "way/350045188",
  "properties": {
    "building": "yes",
    "id": "way/350045188"
  },
  "geometry": {
    "type": "Polygon",
    "coordinates": [
      [
        [
          77.1362019,
          28.6720252
        ],
        [
          77.1364154,
          28.6719459
        ],
        [
          77.1364698,
          28.6720586
        ],
        [
          77.1362563,
          28.6721379
        ],
        [
          77.1362019,
          28.6720252
        ]
      ]
    ]
  }
},
{
  "type": "Feature",
  "id": "way/350045189",
  "properties": {
    "building": "yes",
    "id": "way/350045189"
  },
  "geometry": {
    "type": "Polygon",
    "coordinates": [
      [
        [
          77.1358803,
          28.6732429
        ],
        [
          77.1360971,
          28.6732013
        ],
        [
          77.1361363,
          28.6733586
        ],
        [
          77.1359195,
          28.6734003
        ],
        [
          77.1358803,
          28.6732429
        ]
      ]
    ]
  }
},
{
  "type": "Feature",
  "id": "way/350045190",
  "properties": {
    "building": "yes",
    "id": "way/350045190"
  },
  "geometry": {
    "type": "Polygon",
    "coordinates": [
      [
        [
          77.1349452,
          28.6725226
        ],
        [
          77.1351169,
          28.6724392
        ],
        [
          77.1351491,
          28.6724903
        ],
        [
          77.1349752,
          28.6725695
        ],
        [
          77.1349452,
          28.6725226
        ]
      ]
    ]
  }
},
{
  "type": "Feature",
  "id": "way/350045191",
  "properties": {
    "building": "yes",
    "id": "way/350045191"
  },
  "geometry": {
    "type": "Polygon",
    "coordinates": [
      [
        [
          77.1355662,
          28.6724637
        ],
        [
          77.1357627,
          28.6723915
        ],
        [
          77.1358022,
          28.6724743
        ],
        [
          77.1356057,
          28.6725465
        ],
        [
          77.1355662,
          28.6724637
        ]
      ]
    ]
  }
},
{
  "type": "Feature",
  "id": "way/350045192",
  "properties": {
    "building": "yes",
    "id": "way/350045192"
  },
  "geometry": {
    "type": "Polygon",
    "coordinates": [
      [
        [
          77.1257839,
          28.6753057
        ],
        [
          77.1257687,
          28.675158
        ],
        [
          77.125931,
          28.6751451
        ],
        [
          77.1259462,
          28.6752928
        ],
        [
          77.1257839,
          28.6753057
        ]
      ]
    ]
  }
},
{
  "type": "Feature",
  "id": "way/350045193",
  "properties": {
    "building": "yes",
    "id": "way/350045193"
  },
  "geometry": {
    "type": "Polygon",
    "coordinates": [
      [
        [
          77.1370051,
          28.6727468
        ],
        [
          77.1373051,
          28.6726395
        ],
        [
          77.1373699,
          28.6727789
        ],
        [
          77.1370699,
          28.6728862
        ],
        [
          77.1370051,
          28.6727468
        ]
      ]
    ]
  }
},
{
  "type": "Feature",
  "id": "way/350045194",
  "properties": {
    "building": "yes",
    "id": "way/350045194"
  },
  "geometry": {
    "type": "Polygon",
    "coordinates": [
      [
        [
          77.1340487,
          28.6718507
        ],
        [
          77.1341899,
          28.6717189
        ],
        [
          77.1342662,
          28.6717819
        ],
        [
          77.1341251,
          28.6719137
        ],
        [
          77.1340487,
          28.6718507
        ]
      ]
    ]
  }
},
{
  "type": "Feature",
  "id": "way/350045195",
  "properties": {
    "building": "yes",
    "id": "way/350045195"
  },
  "geometry": {
    "type": "Polygon",
    "coordinates": [
      [
        [
          77.1271965,
          28.6715447
        ],
        [
          77.1271682,
          28.6713084
        ],
        [
          77.1273038,
          28.671296
        ],
        [
          77.127332,
          28.6715322
        ],
        [
          77.1271965,
          28.6715447
        ]
      ]
    ]
  }
},
{
  "type": "Feature",
  "id": "way/350045197",
  "properties": {
    "building": "yes",
    "id": "way/350045197"
  },
  "geometry": {
    "type": "Polygon",
    "coordinates": [
      [
        [
          77.1358574,
          28.6702105
        ],
        [
          77.1362402,
          28.6698419
        ],
        [
          77.1364537,
          28.6700126
        ],
        [
          77.1360708,
          28.6703812
        ],
        [
          77.1358574,
          28.6702105
        ]
      ]
    ]
  }
},
{
  "type": "Feature",
  "id": "way/350045198",
  "properties": {
    "building": "yes",
    "id": "way/350045198"
  },
  "geometry": {
    "type": "Polygon",
    "coordinates": [
      [
        [
          77.1346924,
          28.6725827
        ],
        [
          77.1348876,
          28.6724975
        ],
        [
          77.134964,
          28.6726322
        ],
        [
          77.1347688,
          28.6727174
        ],
        [
          77.1346924,
          28.6725827
        ]
      ]
    ]
  }
},
{
  "type": "Feature",
  "id": "way/350045199",
  "properties": {
    "building": "yes",
    "id": "way/350045199"
  },
  "geometry": {
    "type": "Polygon",
    "coordinates": [
      [
        [
          77.1249833,
          28.6747686
        ],
        [
          77.124961,
          28.6745892
        ],
        [
          77.1251286,
          28.6745731
        ],
        [
          77.125151,
          28.6747525
        ],
        [
          77.1249833,
          28.6747686
        ]
      ]
    ]
  }
},
{
  "type": "Feature",
  "id": "way/350045200",
  "properties": {
    "building": "yes",
    "id": "way/350045200"
  },
  "geometry": {
    "type": "Polygon",
    "coordinates": [
      [
        [
          77.1368094,
          28.6733449
        ],
        [
          77.136791,
          28.6732922
        ],
        [
          77.136905,
          28.6732615
        ],
        [
          77.1369235,
          28.6733142
        ],
        [
          77.1368094,
          28.6733449
        ]
      ]
    ]
  }
},
{
  "type": "Feature",
  "id": "way/350045201",
  "properties": {
    "building": "yes",
    "id": "way/350045201"
  },
  "geometry": {
    "type": "Polygon",
    "coordinates": [
      [
        [
          77.1259053,
          28.6751214
        ],
        [
          77.1258872,
          28.6749663
        ],
        [
          77.1260762,
          28.6749494
        ],
        [
          77.1260943,
          28.6751044
        ],
        [
          77.1259053,
          28.6751214
        ]
      ]
    ]
  }
},
{
  "type": "Feature",
  "id": "way/350045202",
  "properties": {
    "building": "yes",
    "id": "way/350045202"
  },
  "geometry": {
    "type": "Polygon",
    "coordinates": [
      [
        [
          77.1351487,
          28.6701488
        ],
        [
          77.1353768,
          28.6699526
        ],
        [
          77.1355036,
          28.6700661
        ],
        [
          77.1352755,
          28.6702623
        ],
        [
          77.1351487,
          28.6701488
        ]
      ]
    ]
  }
},
{
  "type": "Feature",
  "id": "way/350045203",
  "properties": {
    "building": "yes",
    "id": "way/350045203"
  },
  "geometry": {
    "type": "Polygon",
    "coordinates": [
      [
        [
          77.1261838,
          28.670753
        ],
        [
          77.1261727,
          28.6706603
        ],
        [
          77.1263603,
          28.670643
        ],
        [
          77.1263714,
          28.6707358
        ],
        [
          77.1261838,
          28.670753
        ]
      ]
    ]
  }
},
{
  "type": "Feature",
  "id": "way/350045204",
  "properties": {
    "building": "yes",
    "id": "way/350045204"
  },
  "geometry": {
    "type": "Polygon",
    "coordinates": [
      [
        [
          77.1242332,
          28.6741255
        ],
        [
          77.1242076,
          28.6739774
        ],
        [
          77.1244065,
          28.673951
        ],
        [
          77.124432,
          28.6740991
        ],
        [
          77.1242332,
          28.6741255
        ]
      ]
    ]
  }
},
{
  "type": "Feature",
  "id": "way/350045205",
  "properties": {
    "building": "yes",
    "id": "way/350045205"
  },
  "geometry": {
    "type": "Polygon",
    "coordinates": [
      [
        [
          77.1243458,
          28.6692418
        ],
        [
          77.1243286,
          28.6691393
        ],
        [
          77.1245234,
          28.669114
        ],
        [
          77.1245407,
          28.6692166
        ],
        [
          77.1243458,
          28.6692418
        ]
      ]
    ]
  }
},
{
  "type": "Feature",
  "id": "way/350045206",
  "properties": {
    "building": "yes",
    "id": "way/350045206"
  },
  "geometry": {
    "type": "Polygon",
    "coordinates": [
      [
        [
          77.1263792,
          28.6713905
        ],
        [
          77.1263506,
          28.6711511
        ],
        [
          77.1264895,
          28.6711383
        ],
        [
          77.1265181,
          28.6713778
        ],
        [
          77.1263792,
          28.6713905
        ]
      ]
    ]
  }
},
{
  "type": "Feature",
  "id": "way/350045207",
  "properties": {
    "building": "yes",
    "id": "way/350045207"
  },
  "geometry": {
    "type": "Polygon",
    "coordinates": [
      [
        [
          77.1343079,
          28.6704383
        ],
        [
          77.1344812,
          28.6702974
        ],
        [
          77.1345834,
          28.6703943
        ],
        [
          77.1344101,
          28.6705351
        ],
        [
          77.1343079,
          28.6704383
        ]
      ]
    ]
  }
},
{
  "type": "Feature",
  "id": "way/350045208",
  "properties": {
    "building": "yes",
    "id": "way/350045208"
  },
  "geometry": {
    "type": "Polygon",
    "coordinates": [
      [
        [
          77.129624,
          28.6719304
        ],
        [
          77.1296099,
          28.6718358
        ],
        [
          77.1297921,
          28.6718148
        ],
        [
          77.1298063,
          28.6719094
        ],
        [
          77.129624,
          28.6719304
        ]
      ]
    ]
  }
},
{
  "type": "Feature",
  "id": "way/350045209",
  "properties": {
    "building": "yes",
    "id": "way/350045209"
  },
  "geometry": {
    "type": "Polygon",
    "coordinates": [
      [
        [
          77.1364298,
          28.6714638
        ],
        [
          77.1367495,
          28.6713033
        ],
        [
          77.136853,
          28.6714619
        ],
        [
          77.1365333,
          28.6716224
        ],
        [
          77.1364298,
          28.6714638
        ]
      ]
    ]
  }
},
{
  "type": "Feature",
  "id": "way/350045210",
  "properties": {
    "building": "yes",
    "id": "way/350045210"
  },
  "geometry": {
    "type": "Polygon",
    "coordinates": [
      [
        [
          77.1363329,
          28.672266
        ],
        [
          77.1365498,
          28.6721907
        ],
        [
          77.1365925,
          28.6722854
        ],
        [
          77.1363757,
          28.6723607
        ],
        [
          77.1363329,
          28.672266
        ]
      ]
    ]
  }
},
{
  "type": "Feature",
  "id": "way/350045211",
  "properties": {
    "building": "yes",
    "id": "way/350045211"
  },
  "geometry": {
    "type": "Polygon",
    "coordinates": [
      [
        [
          77.1356677,
          28.6726377
        ],
        [
          77.135845,
          28.6725739
        ],
        [
          77.1358782,
          28.6726448
        ],
        [
          77.1357009,
          28.6727086
        ],
        [
          77.1356677,
          28.6726377
        ]
      ]
    ]
  }
},
{
  "type": "Feature",
  "id": "way/350045212",
  "properties": {
    "building": "yes",
    "id": "way/350045212"
  },
  "geometry": {
    "type": "Polygon",
    "coordinates": [
      [
        [
          77.1368671,
          28.6723842
        ],
        [
          77.1372094,
          28.6722624
        ],
        [
          77.1372791,
          28.672413
        ],
        [
          77.1369368,
          28.6725349
        ],
        [
          77.1368671,
          28.6723842
        ]
      ]
    ]
  }
},
{
  "type": "Feature",
  "id": "way/350045213",
  "properties": {
    "building": "yes",
    "id": "way/350045213"
  },
  "geometry": {
    "type": "Polygon",
    "coordinates": [
      [
        [
          77.1359837,
          28.6722062
        ],
        [
          77.1361906,
          28.6721438
        ],
        [
          77.1362362,
          28.6722605
        ],
        [
          77.1360294,
          28.6723228
        ],
        [
          77.1359837,
          28.6722062
        ]
      ]
    ]
  }
},
{
  "type": "Feature",
  "id": "way/350045214",
  "properties": {
    "building": "yes",
    "id": "way/350045214"
  },
  "geometry": {
    "type": "Polygon",
    "coordinates": [
      [
        [
          77.1352191,
          28.6718687
        ],
        [
          77.1354281,
          28.6717765
        ],
        [
          77.1355013,
          28.6719043
        ],
        [
          77.1353082,
          28.6720014
        ],
        [
          77.1352191,
          28.6718687
        ]
      ]
    ]
  }
},
{
  "type": "Feature",
  "id": "way/350045215",
  "properties": {
    "building": "yes",
    "id": "way/350045215"
  },
  "geometry": {
    "type": "Polygon",
    "coordinates": [
      [
        [
          77.1312726,
          28.6730471
        ],
        [
          77.1314607,
          28.6731574
        ],
        [
          77.1314039,
          28.673232
        ],
        [
          77.1312158,
          28.6731217
        ],
        [
          77.1312726,
          28.6730471
        ]
      ]
    ]
  }
},
{
  "type": "Feature",
  "id": "way/350045216",
  "properties": {
    "building": "yes",
    "id": "way/350045216"
  },
  "geometry": {
    "type": "Polygon",
    "coordinates": [
      [
        [
          77.1275093,
          28.671508
        ],
        [
          77.1274843,
          28.6712987
        ],
        [
          77.127611,
          28.6712871
        ],
        [
          77.127636,
          28.6714964
        ],
        [
          77.1275093,
          28.671508
        ]
      ]
    ]
  }
},
{
  "type": "Feature",
  "id": "way/350045218",
  "properties": {
    "building": "yes",
    "id": "way/350045218"
  },
  "geometry": {
    "type": "Polygon",
    "coordinates": [
      [
        [
          77.1243877,
          28.6743745
        ],
        [
          77.1243533,
          28.6741752
        ],
        [
          77.1247103,
          28.6741279
        ],
        [
          77.1247447,
          28.6743272
        ],
        [
          77.1243877,
          28.6743745
        ]
      ]
    ]
  }
},
{
  "type": "Feature",
  "id": "way/350045219",
  "properties": {
    "building": "yes",
    "id": "way/350045219"
  },
  "geometry": {
    "type": "Polygon",
    "coordinates": [
      [
        [
          77.1262748,
          28.671627
        ],
        [
          77.1262517,
          28.6714328
        ],
        [
          77.1263607,
          28.6714228
        ],
        [
          77.1263839,
          28.6716169
        ],
        [
          77.1262748,
          28.671627
        ]
      ]
    ]
  }
},
{
  "type": "Feature",
  "id": "way/350045222",
  "properties": {
    "building": "yes",
    "id": "way/350045222"
  },
  "geometry": {
    "type": "Polygon",
    "coordinates": [
      [
        [
          77.1356395,
          28.6710795
        ],
        [
          77.1358225,
          28.6709376
        ],
        [
          77.1359257,
          28.6710567
        ],
        [
          77.135737,
          28.6711877
        ],
        [
          77.1356395,
          28.6710795
        ]
      ]
    ]
  }
},
{
  "type": "Feature",
  "id": "way/350045223",
  "properties": {
    "building": "yes",
    "id": "way/350045223"
  },
  "geometry": {
    "type": "Polygon",
    "coordinates": [
      [
        [
          77.1253283,
          28.6747301
        ],
        [
          77.1253004,
          28.6745402
        ],
        [
          77.1254756,
          28.6745203
        ],
        [
          77.1255036,
          28.6747102
        ],
        [
          77.1253283,
          28.6747301
        ]
      ]
    ]
  }
},
{
  "type": "Feature",
  "id": "way/350045224",
  "properties": {
    "building": "yes",
    "id": "way/350045224"
  },
  "geometry": {
    "type": "Polygon",
    "coordinates": [
      [
        [
          77.134634,
          28.6720727
        ],
        [
          77.1347833,
          28.6719718
        ],
        [
          77.134868,
          28.6720682
        ],
        [
          77.1347186,
          28.6721691
        ],
        [
          77.134634,
          28.6720727
        ]
      ]
    ]
  }
},
{
  "type": "Feature",
  "id": "way/350045225",
  "properties": {
    "building": "yes",
    "id": "way/350045225"
  },
  "geometry": {
    "type": "Polygon",
    "coordinates": [
      [
        [
          77.1344129,
          28.6700732
        ],
        [
          77.1346029,
          28.6699051
        ],
        [
          77.1347431,
          28.670027
        ],
        [
          77.134553,
          28.6701952
        ],
        [
          77.1344129,
          28.6700732
        ]
      ]
    ]
  }
},
{
  "type": "Feature",
  "id": "way/350045226",
  "properties": {
    "building": "yes",
    "id": "way/350045226"
  },
  "geometry": {
    "type": "Polygon",
    "coordinates": [
      [
        [
          77.135015,
          28.6726678
        ],
        [
          77.135207,
          28.6725989
        ],
        [
          77.1352457,
          28.6726819
        ],
        [
          77.1350537,
          28.6727508
        ],
        [
          77.135015,
          28.6726678
        ]
      ]
    ]
  }
},
{
  "type": "Feature",
  "id": "way/350045227",
  "properties": {
    "building": "yes",
    "id": "way/350045227"
  },
  "geometry": {
    "type": "Polygon",
    "coordinates": [
      [
        [
          77.1324968,
          28.670604
        ],
        [
          77.1324706,
          28.6704452
        ],
        [
          77.1330106,
          28.6703765
        ],
        [
          77.1330369,
          28.6705354
        ],
        [
          77.1324968,
          28.670604
        ]
      ]
    ]
  }
},
{
  "type": "Feature",
  "id": "way/350045228",
  "properties": {
    "building": "yes",
    "id": "way/350045228"
  },
  "geometry": {
    "type": "Polygon",
    "coordinates": [
      [
        [
          77.1241892,
          28.673808
        ],
        [
          77.1241769,
          28.6737365
        ],
        [
          77.1243769,
          28.67371
        ],
        [
          77.1243892,
          28.6737815
        ],
        [
          77.1241892,
          28.673808
        ]
      ]
    ]
  }
},
{
  "type": "Feature",
  "id": "way/350045229",
  "properties": {
    "building": "yes",
    "id": "way/350045229"
  },
  "geometry": {
    "type": "Polygon",
    "coordinates": [
      [
        [
          77.129082,
          28.6734174
        ],
        [
          77.1290683,
          28.6732937
        ],
        [
          77.1292896,
          28.6732748
        ],
        [
          77.1293033,
          28.6733986
        ],
        [
          77.129082,
          28.6734174
        ]
      ]
    ]
  }
},
{
  "type": "Feature",
  "id": "way/350045230",
  "properties": {
    "building": "yes",
    "id": "way/350045230"
  },
  "geometry": {
    "type": "Polygon",
    "coordinates": [
      [
        [
          77.1345618,
          28.6705973
        ],
        [
          77.1346816,
          28.670481
        ],
        [
          77.1347714,
          28.6705522
        ],
        [
          77.1346516,
          28.6706686
        ],
        [
          77.1345618,
          28.6705973
        ]
      ]
    ]
  }
},
{
  "type": "Feature",
  "id": "way/350045231",
  "properties": {
    "building": "yes",
    "id": "way/350045231"
  },
  "geometry": {
    "type": "Polygon",
    "coordinates": [
      [
        [
          77.1357638,
          28.6729449
        ],
        [
          77.135965,
          28.6728874
        ],
        [
          77.1359989,
          28.6729787
        ],
        [
          77.1357977,
          28.6730362
        ],
        [
          77.1357638,
          28.6729449
        ]
      ]
    ]
  }
},
{
  "type": "Feature",
  "id": "way/350045232",
  "properties": {
    "building": "yes",
    "id": "way/350045232"
  },
  "geometry": {
    "type": "Polygon",
    "coordinates": [
      [
        [
          77.1305586,
          28.6726838
        ],
        [
          77.1304682,
          28.6724518
        ],
        [
          77.1306204,
          28.6724062
        ],
        [
          77.1307108,
          28.6726381
        ],
        [
          77.1305586,
          28.6726838
        ]
      ]
    ]
  }
},
{
  "type": "Feature",
  "id": "way/350045233",
  "properties": {
    "building": "yes",
    "id": "way/350045233"
  },
  "geometry": {
    "type": "Polygon",
    "coordinates": [
      [
        [
          77.1361938,
          28.6711596
        ],
        [
          77.1364874,
          28.6709703
        ],
        [
          77.136608,
          28.6711143
        ],
        [
          77.1363144,
          28.6713036
        ],
        [
          77.1361938,
          28.6711596
        ]
      ]
    ]
  }
},
{
  "type": "Feature",
  "id": "way/350045234",
  "properties": {
    "building": "yes",
    "id": "way/350045234"
  },
  "geometry": {
    "type": "Polygon",
    "coordinates": [
      [
        [
          77.1364368,
          28.6725296
        ],
        [
          77.1366537,
          28.6724701
        ],
        [
          77.1366971,
          28.6725921
        ],
        [
          77.1364803,
          28.6726515
        ],
        [
          77.1364368,
          28.6725296
        ]
      ]
    ]
  }
},
{
  "type": "Feature",
  "id": "way/350045235",
  "properties": {
    "building": "yes",
    "id": "way/350045235"
  },
  "geometry": {
    "type": "Polygon",
    "coordinates": [
      [
        [
          77.1351142,
          28.6717486
        ],
        [
          77.135265,
          28.6716337
        ],
        [
          77.1353315,
          28.6717009
        ],
        [
          77.1351806,
          28.6718157
        ],
        [
          77.1351142,
          28.6717486
        ]
      ]
    ]
  }
},
{
  "type": "Feature",
  "id": "way/350045236",
  "properties": {
    "building": "yes",
    "id": "way/350045236"
  },
  "geometry": {
    "type": "Polygon",
    "coordinates": [
      [
        [
          77.1316502,
          28.6724968
        ],
        [
          77.1315786,
          28.6722268
        ],
        [
          77.1321173,
          28.6721168
        ],
        [
          77.1321889,
          28.6723868
        ],
        [
          77.1316502,
          28.6724968
        ]
      ]
    ]
  }
},
{
  "type": "Feature",
  "id": "way/350045237",
  "properties": {
    "building": "yes",
    "id": "way/350045237"
  },
  "geometry": {
    "type": "Polygon",
    "coordinates": [
      [
        [
          77.1353958,
          28.6726313
        ],
        [
          77.1355612,
          28.6725768
        ],
        [
          77.1355937,
          28.6726528
        ],
        [
          77.1354283,
          28.6727073
        ],
        [
          77.1353958,
          28.6726313
        ]
      ]
    ]
  }
},
{
  "type": "Feature",
  "id": "way/350045238",
  "properties": {
    "building": "yes",
    "id": "way/350045238"
  },
  "geometry": {
    "type": "Polygon",
    "coordinates": [
      [
        [
          77.1250296,
          28.6744657
        ],
        [
          77.1250044,
          28.6743194
        ],
        [
          77.1250889,
          28.6743082
        ],
        [
          77.1251141,
          28.6744545
        ],
        [
          77.1250296,
          28.6744657
        ]
      ]
    ]
  }
},
{
  "type": "Feature",
  "id": "way/350045239",
  "properties": {
    "building": "yes",
    "id": "way/350045239"
  },
  "geometry": {
    "type": "Polygon",
    "coordinates": [
      [
        [
          77.1371294,
          28.6713258
        ],
        [
          77.1373666,
          28.671194
        ],
        [
          77.1374522,
          28.6713384
        ],
        [
          77.1372174,
          28.6714477
        ],
        [
          77.1371294,
          28.6713258
        ]
      ]
    ]
  }
},
{
  "type": "Feature",
  "id": "way/350045240",
  "properties": {
    "building": "yes",
    "id": "way/350045240"
  },
  "geometry": {
    "type": "Polygon",
    "coordinates": [
      [
        [
          77.1358149,
          28.671977
        ],
        [
          77.1360315,
          28.6718611
        ],
        [
          77.1361075,
          28.6719703
        ],
        [
          77.1358908,
          28.6720862
        ],
        [
          77.1358149,
          28.671977
        ]
      ]
    ]
  }
},
{
  "type": "Feature",
  "id": "way/350045241",
  "properties": {
    "building": "yes",
    "id": "way/350045241"
  },
  "geometry": {
    "type": "Polygon",
    "coordinates": [
      [
        [
          77.1278199,
          28.6714734
        ],
        [
          77.1277925,
          28.6712437
        ],
        [
          77.128065,
          28.6712187
        ],
        [
          77.1280924,
          28.6714483
        ],
        [
          77.1278199,
          28.6714734
        ]
      ]
    ]
  }
},
{
  "type": "Feature",
  "id": "way/350045242",
  "properties": {
    "building": "yes",
    "id": "way/350045242"
  },
  "geometry": {
    "type": "Polygon",
    "coordinates": [
      [
        [
          77.1243322,
          28.6691262
        ],
        [
          77.12432,
          28.6690326
        ],
        [
          77.1245077,
          28.6690137
        ],
        [
          77.1245199,
          28.6691072
        ],
        [
          77.1243322,
          28.6691262
        ]
      ]
    ]
  }
},
{
  "type": "Feature",
  "id": "way/350045243",
  "properties": {
    "building": "yes",
    "id": "way/350045243"
  },
  "geometry": {
    "type": "Polygon",
    "coordinates": [
      [
        [
          77.1249108,
          28.6742849
        ],
        [
          77.1248881,
          28.6741532
        ],
        [
          77.1249746,
          28.6741417
        ],
        [
          77.1249973,
          28.6742734
        ],
        [
          77.1249108,
          28.6742849
        ]
      ]
    ]
  }
},
{
  "type": "Feature",
  "id": "way/350045244",
  "properties": {
    "building": "yes",
    "id": "way/350045244"
  },
  "geometry": {
    "type": "Polygon",
    "coordinates": [
      [
        [
          77.1380325,
          28.67327
        ],
        [
          77.1379399,
          28.6730612
        ],
        [
          77.1380926,
          28.673009
        ],
        [
          77.1381853,
          28.6732178
        ],
        [
          77.1380325,
          28.67327
        ]
      ]
    ]
  }
},
{
  "type": "Feature",
  "id": "way/350045245",
  "properties": {
    "building": "yes",
    "id": "way/350045245"
  },
  "geometry": {
    "type": "Polygon",
    "coordinates": [
      [
        [
          77.1294305,
          28.6731707
        ],
        [
          77.1293657,
          28.6730272
        ],
        [
          77.129543,
          28.6729655
        ],
        [
          77.1296078,
          28.6731091
        ],
        [
          77.1294305,
          28.6731707
        ]
      ]
    ]
  }
},
{
  "type": "Feature",
  "id": "way/350045246",
  "properties": {
    "building": "yes",
    "id": "way/350045246"
  },
  "geometry": {
    "type": "Polygon",
    "coordinates": [
      [
        [
          77.1361714,
          28.6727065
        ],
        [
          77.1363886,
          28.672654
        ],
        [
          77.1364199,
          28.6727536
        ],
        [
          77.1362027,
          28.6728062
        ],
        [
          77.1361714,
          28.6727065
        ]
      ]
    ]
  }
},
{
  "type": "Feature",
  "id": "way/350045247",
  "properties": {
    "building": "yes",
    "id": "way/350045247"
  },
  "geometry": {
    "type": "Polygon",
    "coordinates": [
      [
        [
          77.1295781,
          28.6717401
        ],
        [
          77.1295623,
          28.6716345
        ],
        [
          77.1297644,
          28.6716112
        ],
        [
          77.1297802,
          28.6717168
        ],
        [
          77.1295781,
          28.6717401
        ]
      ]
    ]
  }
},
{
  "type": "Feature",
  "id": "way/350045248",
  "properties": {
    "building": "yes",
    "id": "way/350045248"
  },
  "geometry": {
    "type": "Polygon",
    "coordinates": [
      [
        [
          77.1267198,
          28.6715734
        ],
        [
          77.1266931,
          28.6713494
        ],
        [
          77.1268328,
          28.6713366
        ],
        [
          77.1268595,
          28.6715606
        ],
        [
          77.1267198,
          28.6715734
        ]
      ]
    ]
  }
},
{
  "type": "Feature",
  "id": "way/350045250",
  "properties": {
    "building": "yes",
    "id": "way/350045250"
  },
  "geometry": {
    "type": "Polygon",
    "coordinates": [
      [
        [
          77.1355658,
          28.6730799
        ],
        [
          77.1357567,
          28.6730274
        ],
        [
          77.135787,
          28.6731124
        ],
        [
          77.1355962,
          28.6731649
        ],
        [
          77.1355658,
          28.6730799
        ]
      ]
    ]
  }
},
{
  "type": "Feature",
  "id": "way/350045251",
  "properties": {
    "building": "yes",
    "id": "way/350045251"
  },
  "geometry": {
    "type": "Polygon",
    "coordinates": [
      [
        [
          77.1256015,
          28.6746789
        ],
        [
          77.1255815,
          28.6745311
        ],
        [
          77.1257566,
          28.6745129
        ],
        [
          77.1257766,
          28.6746607
        ],
        [
          77.1256015,
          28.6746789
        ]
      ]
    ]
  }
},
{
  "type": "Feature",
  "id": "way/350045252",
  "properties": {
    "building": "yes",
    "id": "way/350045252"
  },
  "geometry": {
    "type": "Polygon",
    "coordinates": [
      [
        [
          77.1348697,
          28.6730277
        ],
        [
          77.1350894,
          28.6729702
        ],
        [
          77.1351288,
          28.6730864
        ],
        [
          77.1349092,
          28.6731439
        ],
        [
          77.1348697,
          28.6730277
        ]
      ]
    ]
  }
},
{
  "type": "Feature",
  "id": "way/350045253",
  "properties": {
    "building": "yes",
    "id": "way/350045253"
  },
  "geometry": {
    "type": "Polygon",
    "coordinates": [
      [
        [
          77.126234,
          28.6752566
        ],
        [
          77.1262142,
          28.6750961
        ],
        [
          77.1263099,
          28.675087
        ],
        [
          77.1263297,
          28.6752476
        ],
        [
          77.126234,
          28.6752566
        ]
      ]
    ]
  }
},
{
  "type": "Feature",
  "id": "way/350045254",
  "properties": {
    "building": "yes",
    "id": "way/350045254"
  },
  "geometry": {
    "type": "Polygon",
    "coordinates": [
      [
        [
          77.1347831,
          28.6703731
        ],
        [
          77.1349604,
          28.6701895
        ],
        [
          77.1350568,
          28.6702611
        ],
        [
          77.1348795,
          28.6704447
        ],
        [
          77.1347831,
          28.6703731
        ]
      ]
    ]
  }
},
{
  "type": "Feature",
  "id": "way/350045255",
  "properties": {
    "building": "yes",
    "id": "way/350045255"
  },
  "geometry": {
    "type": "Polygon",
    "coordinates": [
      [
        [
          77.135277,
          28.6723635
        ],
        [
          77.1354487,
          28.672292
        ],
        [
          77.1354951,
          28.6723778
        ],
        [
          77.1353234,
          28.6724493
        ],
        [
          77.135277,
          28.6723635
        ]
      ]
    ]
  }
},
{
  "type": "Feature",
  "id": "way/350045256",
  "properties": {
    "building": "yes",
    "id": "way/350045256"
  },
  "geometry": {
    "type": "Polygon",
    "coordinates": [
      [
        [
          77.130695,
          28.6728128
        ],
        [
          77.130644,
          28.672682
        ],
        [
          77.1308827,
          28.6726103
        ],
        [
          77.1309337,
          28.6727412
        ],
        [
          77.130695,
          28.6728128
        ]
      ]
    ]
  }
},
{
  "type": "Feature",
  "id": "way/350045257",
  "properties": {
    "building": "yes",
    "id": "way/350045257"
  },
  "geometry": {
    "type": "Polygon",
    "coordinates": [
      [
        [
          77.1357074,
          28.6717679
        ],
        [
          77.1359118,
          28.671647
        ],
        [
          77.1359805,
          28.6717364
        ],
        [
          77.135776,
          28.6718573
        ],
        [
          77.1357074,
          28.6717679
        ]
      ]
    ]
  }
},
{
  "type": "Feature",
  "id": "way/350045258",
  "properties": {
    "building": "yes",
    "id": "way/350045258"
  },
  "geometry": {
    "type": "Polygon",
    "coordinates": [
      [
        [
          77.1351211,
          28.672924
        ],
        [
          77.1353088,
          28.6728693
        ],
        [
          77.1353401,
          28.672952
        ],
        [
          77.1351524,
          28.6730066
        ],
        [
          77.1351211,
          28.672924
        ]
      ]
    ]
  }
},
{
  "type": "Feature",
  "id": "way/350045259",
  "properties": {
    "building": "yes",
    "id": "way/350045259"
  },
  "geometry": {
    "type": "Polygon",
    "coordinates": [
      [
        [
          77.1336911,
          28.6705742
        ],
        [
          77.1338243,
          28.6704438
        ],
        [
          77.1345854,
          28.6710419
        ],
        [
          77.1344523,
          28.6711724
        ],
        [
          77.1336911,
          28.6705742
        ]
      ]
    ]
  }
},
{
  "type": "Feature",
  "id": "way/350045260",
  "properties": {
    "building": "yes",
    "id": "way/350045260"
  },
  "geometry": {
    "type": "Polygon",
    "coordinates": [
      [
        [
          77.1241645,
          28.6735733
        ],
        [
          77.1241522,
          28.673502
        ],
        [
          77.124317,
          28.6734801
        ],
        [
          77.1243293,
          28.6735515
        ],
        [
          77.1241645,
          28.6735733
        ]
      ]
    ]
  }
},
{
  "type": "Feature",
  "id": "way/350045261",
  "properties": {
    "building": "yes",
    "id": "way/350045261"
  },
  "geometry": {
    "type": "Polygon",
    "coordinates": [
      [
        [
          77.1290137,
          28.6730177
        ],
        [
          77.1290027,
          28.6729175
        ],
        [
          77.1292095,
          28.6729
        ],
        [
          77.1292206,
          28.6730002
        ],
        [
          77.1290137,
          28.6730177
        ]
      ]
    ]
  }
},
{
  "type": "Feature",
  "id": "way/350045262",
  "properties": {
    "building": "yes",
    "id": "way/350045262"
  },
  "geometry": {
    "type": "Polygon",
    "coordinates": [
      [
        [
          77.1349099,
          28.671872
        ],
        [
          77.1350618,
          28.6717595
        ],
        [
          77.1351423,
          28.6718432
        ],
        [
          77.1349904,
          28.6719557
        ],
        [
          77.1349099,
          28.671872
        ]
      ]
    ]
  }
},
{
  "type": "Feature",
  "id": "way/350045263",
  "properties": {
    "building": "yes",
    "id": "way/350045263"
  },
  "geometry": {
    "type": "Polygon",
    "coordinates": [
      [
        [
          77.1326074,
          28.6711279
        ],
        [
          77.1325837,
          28.6709475
        ],
        [
          77.1326471,
          28.6709411
        ],
        [
          77.1326708,
          28.6711215
        ],
        [
          77.1326074,
          28.6711279
        ]
      ]
    ]
  }
},
{
  "type": "Feature",
  "id": "way/350045264",
  "properties": {
    "building": "yes",
    "id": "way/350045264"
  },
  "geometry": {
    "type": "Polygon",
    "coordinates": [
      [
        [
          77.135846,
          28.673146
        ],
        [
          77.1360409,
          28.6730899
        ],
        [
          77.1360691,
          28.6731654
        ],
        [
          77.1358743,
          28.6732215
        ],
        [
          77.135846,
          28.673146
        ]
      ]
    ]
  }
},
{
  "type": "Feature",
  "id": "way/350045265",
  "properties": {
    "building": "yes",
    "id": "way/350045265"
  },
  "geometry": {
    "type": "Polygon",
    "coordinates": [
      [
        [
          77.1291313,
          28.6739977
        ],
        [
          77.1291065,
          28.6738659
        ],
        [
          77.1292554,
          28.6738443
        ],
        [
          77.1292802,
          28.6739761
        ],
        [
          77.1291313,
          28.6739977
        ]
      ]
    ]
  }
},
{
  "type": "Feature",
  "id": "way/350045266",
  "properties": {
    "building": "yes",
    "id": "way/350045266"
  },
  "geometry": {
    "type": "Polygon",
    "coordinates": [
      [
        [
          77.1348842,
          28.6724423
        ],
        [
          77.1350683,
          28.6723492
        ],
        [
          77.1351186,
          28.6724256
        ],
        [
          77.1349345,
          28.6725188
        ],
        [
          77.1348842,
          28.6724423
        ]
      ]
    ]
  }
},
{
  "type": "Feature",
  "id": "way/350045267",
  "properties": {
    "building": "yes",
    "id": "way/350045267"
  },
  "geometry": {
    "type": "Polygon",
    "coordinates": [
      [
        [
          77.1365204,
          28.6727853
        ],
        [
          77.1367486,
          28.6727189
        ],
        [
          77.1367895,
          28.6728272
        ],
        [
          77.1365614,
          28.6728936
        ],
        [
          77.1365204,
          28.6727853
        ]
      ]
    ]
  }
},
{
  "type": "Feature",
  "id": "way/350045268",
  "properties": {
    "building": "yes",
    "id": "way/350045268"
  },
  "geometry": {
    "type": "Polygon",
    "coordinates": [
      [
        [
          77.1344927,
          28.6714571
        ],
        [
          77.1346141,
          28.6713359
        ],
        [
          77.1346955,
          28.6713987
        ],
        [
          77.1345742,
          28.6715199
        ],
        [
          77.1344927,
          28.6714571
        ]
      ]
    ]
  }
},
{
  "type": "Feature",
  "id": "way/350045269",
  "properties": {
    "building": "yes",
    "id": "way/350045269"
  },
  "geometry": {
    "type": "Polygon",
    "coordinates": [
      [
        [
          77.1371864,
          28.6719124
        ],
        [
          77.1377423,
          28.6717204
        ],
        [
          77.1378436,
          28.6719462
        ],
        [
          77.1372877,
          28.6721382
        ],
        [
          77.1371864,
          28.6719124
        ]
      ]
    ]
  }
},
{
  "type": "Feature",
  "id": "way/350045270",
  "properties": {
    "building": "yes",
    "id": "way/350045270"
  },
  "geometry": {
    "type": "Polygon",
    "coordinates": [
      [
        [
          77.1263828,
          28.6750545
        ],
        [
          77.1263694,
          28.6749007
        ],
        [
          77.1264591,
          28.6748946
        ],
        [
          77.1264725,
          28.6750485
        ],
        [
          77.1263828,
          28.6750545
        ]
      ]
    ]
  }
},
{
  "type": "Feature",
  "id": "way/350045271",
  "properties": {
    "building": "yes",
    "id": "way/350045271"
  },
  "geometry": {
    "type": "Polygon",
    "coordinates": [
      [
        [
          77.1339437,
          28.6717655
        ],
        [
          77.1340871,
          28.6716386
        ],
        [
          77.1341743,
          28.6717146
        ],
        [
          77.1340309,
          28.6718414
        ],
        [
          77.1339437,
          28.6717655
        ]
      ]
    ]
  }
},
{
  "type": "Feature",
  "id": "way/350045272",
  "properties": {
    "building": "yes",
    "id": "way/350045272"
  },
  "geometry": {
    "type": "Polygon",
    "coordinates": [
      [
        [
          77.1369684,
          28.6715434
        ],
        [
          77.1371704,
          28.6714481
        ],
        [
          77.1372261,
          28.671539
        ],
        [
          77.1370241,
          28.6716343
        ],
        [
          77.1369684,
          28.6715434
        ]
      ]
    ]
  }
},
{
  "type": "Feature",
  "id": "way/350045273",
  "properties": {
    "building": "yes",
    "id": "way/350045273"
  },
  "geometry": {
    "type": "Polygon",
    "coordinates": [
      [
        [
          77.1338956,
          28.6713399
        ],
        [
          77.1340673,
          28.6711922
        ],
        [
          77.1342141,
          28.6713237
        ],
        [
          77.1340424,
          28.6714713
        ],
        [
          77.1338956,
          28.6713399
        ]
      ]
    ]
  }
},
{
  "type": "Feature",
  "id": "way/350045274",
  "properties": {
    "building": "yes",
    "id": "way/350045274"
  },
  "geometry": {
    "type": "Polygon",
    "coordinates": [
      [
        [
          77.1353526,
          28.6698526
        ],
        [
          77.1352927,
          28.6697937
        ],
        [
          77.1353574,
          28.669743
        ],
        [
          77.1354173,
          28.6698019
        ],
        [
          77.1353526,
          28.6698526
        ]
      ]
    ]
  }
},
{
  "type": "Feature",
  "id": "way/350045275",
  "properties": {
    "building": "yes",
    "id": "way/350045275"
  },
  "geometry": {
    "type": "Polygon",
    "coordinates": [
      [
        [
          77.1355992,
          28.6700386
        ],
        [
          77.1359671,
          28.6697095
        ],
        [
          77.1361515,
          28.6698682
        ],
        [
          77.1357835,
          28.6701973
        ],
        [
          77.1355992,
          28.6700386
        ]
      ]
    ]
  }
},
{
  "type": "Feature",
  "id": "way/350045276",
  "properties": {
    "building": "yes",
    "id": "way/350045276"
  },
  "geometry": {
    "type": "Polygon",
    "coordinates": [
      [
        [
          77.1343183,
          28.6717348
        ],
        [
          77.1344365,
          28.6716325
        ],
        [
          77.134491,
          28.671681
        ],
        [
          77.1343728,
          28.6717833
        ],
        [
          77.1343183,
          28.6717348
        ]
      ]
    ]
  }
},
{
  "type": "Feature",
  "id": "way/350045277",
  "properties": {
    "building": "yes",
    "id": "way/350045277"
  },
  "geometry": {
    "type": "Polygon",
    "coordinates": [
      [
        [
          77.1347731,
          28.6727418
        ],
        [
          77.1349728,
          28.6726717
        ],
        [
          77.1350364,
          28.6728114
        ],
        [
          77.1348368,
          28.6728815
        ],
        [
          77.1347731,
          28.6727418
        ]
      ]
    ]
  }
},
{
  "type": "Feature",
  "id": "way/350045278",
  "properties": {
    "building": "yes",
    "id": "way/350045278"
  },
  "geometry": {
    "type": "Polygon",
    "coordinates": [
      [
        [
          77.1360424,
          28.6709832
        ],
        [
          77.1362796,
          28.6708296
        ],
        [
          77.1364132,
          28.6709883
        ],
        [
          77.136176,
          28.6711419
        ],
        [
          77.1360424,
          28.6709832
        ]
      ]
    ]
  }
},
{
  "type": "Feature",
  "id": "way/350045279",
  "properties": {
    "building": "yes",
    "id": "way/350045279"
  },
  "geometry": {
    "type": "Polygon",
    "coordinates": [
      [
        [
          77.1315867,
          28.6721915
        ],
        [
          77.1315627,
          28.6720845
        ],
        [
          77.1319612,
          28.6720158
        ],
        [
          77.1319852,
          28.6721228
        ],
        [
          77.1315867,
          28.6721915
        ]
      ]
    ]
  }
},
{
  "type": "Feature",
  "id": "way/350045280",
  "properties": {
    "building": "yes",
    "id": "way/350045280"
  },
  "geometry": {
    "type": "Polygon",
    "coordinates": [
      [
        [
          77.1297943,
          28.6715019
        ],
        [
          77.1297761,
          28.6713803
        ],
        [
          77.1299829,
          28.6713565
        ],
        [
          77.1300011,
          28.6714781
        ],
        [
          77.1297943,
          28.6715019
        ]
      ]
    ]
  }
},
{
  "type": "Feature",
  "id": "way/350045281",
  "properties": {
    "building": "yes",
    "id": "way/350045281"
  },
  "geometry": {
    "type": "Polygon",
    "coordinates": [
      [
        [
          77.13664,
          28.6731537
        ],
        [
          77.1369438,
          28.6730694
        ],
        [
          77.1369927,
          28.6732052
        ],
        [
          77.1366889,
          28.6732895
        ],
        [
          77.13664,
          28.6731537
        ]
      ]
    ]
  }
},
{
  "type": "Feature",
  "id": "way/350045282",
  "properties": {
    "building": "yes",
    "id": "way/350045282"
  },
  "geometry": {
    "type": "Polygon",
    "coordinates": [
      [
        [
          77.1256721,
          28.6751536
        ],
        [
          77.1256542,
          28.6750012
        ],
        [
          77.1258821,
          28.6749806
        ],
        [
          77.1259,
          28.675133
        ],
        [
          77.1256721,
          28.6751536
        ]
      ]
    ]
  }
},
{
  "type": "Feature",
  "id": "way/350045283",
  "properties": {
    "building": "yes",
    "id": "way/350045283"
  },
  "geometry": {
    "type": "Polygon",
    "coordinates": [
      [
        [
          77.1274025,
          28.6720606
        ],
        [
          77.1273806,
          28.6719157
        ],
        [
          77.1275753,
          28.6718931
        ],
        [
          77.1275971,
          28.672038
        ],
        [
          77.1274025,
          28.6720606
        ]
      ]
    ]
  }
},
{
  "type": "Feature",
  "id": "way/350045284",
  "properties": {
    "building": "yes",
    "id": "way/350045284"
  },
  "geometry": {
    "type": "Polygon",
    "coordinates": [
      [
        [
          77.1261982,
          28.6708841
        ],
        [
          77.1261837,
          28.670763
        ],
        [
          77.1263683,
          28.670746
        ],
        [
          77.1263828,
          28.6708671
        ],
        [
          77.1261982,
          28.6708841
        ]
      ]
    ]
  }
},
{
  "type": "Feature",
  "id": "way/350045285",
  "properties": {
    "building": "yes",
    "id": "way/350045285"
  },
  "geometry": {
    "type": "Polygon",
    "coordinates": [
      [
        [
          77.1265881,
          28.6752135
        ],
        [
          77.1265768,
          28.6750614
        ],
        [
          77.1266599,
          28.6750567
        ],
        [
          77.1266712,
          28.6752088
        ],
        [
          77.1265881,
          28.6752135
        ]
      ]
    ]
  }
},
{
  "type": "Feature",
  "id": "way/350045286",
  "properties": {
    "building": "yes",
    "id": "way/350045286"
  },
  "geometry": {
    "type": "Polygon",
    "coordinates": [
      [
        [
          77.1353954,
          28.6714513
        ],
        [
          77.1356066,
          28.6712888
        ],
        [
          77.1357226,
          28.6714049
        ],
        [
          77.1355114,
          28.6715674
        ],
        [
          77.1353954,
          28.6714513
        ]
      ]
    ]
  }
},
{
  "type": "Feature",
  "id": "way/350045287",
  "properties": {
    "building": "yes",
    "id": "way/350045287"
  },
  "geometry": {
    "type": "Polygon",
    "coordinates": [
      [
        [
          77.1291225,
          28.6716051
        ],
        [
          77.129105,
          28.6714698
        ],
        [
          77.1293132,
          28.671449
        ],
        [
          77.1293308,
          28.6715843
        ],
        [
          77.1291225,
          28.6716051
        ]
      ]
    ]
  }
},
{
  "type": "Feature",
  "id": "way/350045288",
  "properties": {
    "building": "yes",
    "id": "way/350045288"
  },
  "geometry": {
    "type": "Polygon",
    "coordinates": [
      [
        [
          77.1352906,
          28.6733847
        ],
        [
          77.1352532,
          28.6732818
        ],
        [
          77.1354482,
          28.6732272
        ],
        [
          77.1354857,
          28.6733301
        ],
        [
          77.1352906,
          28.6733847
        ]
      ]
    ]
  }
},
{
  "type": "Feature",
  "id": "way/350045290",
  "properties": {
    "building": "yes",
    "id": "way/350045290"
  },
  "geometry": {
    "type": "Polygon",
    "coordinates": [
      [
        [
          77.1281305,
          28.6714317
        ],
        [
          77.1281045,
          28.6712141
        ],
        [
          77.1283892,
          28.671188
        ],
        [
          77.1284151,
          28.6714056
        ],
        [
          77.1281305,
          28.6714317
        ]
      ]
    ]
  }
},
{
  "type": "Feature",
  "id": "way/350045291",
  "properties": {
    "building": "yes",
    "id": "way/350045291"
  },
  "geometry": {
    "type": "Polygon",
    "coordinates": [
      [
        [
          77.1254185,
          28.6753612
        ],
        [
          77.1254044,
          28.675216
        ],
        [
          77.1254867,
          28.6752099
        ],
        [
          77.1255008,
          28.675355
        ],
        [
          77.1254185,
          28.6753612
        ]
      ]
    ]
  }
},
{
  "type": "Feature",
  "id": "way/350045292",
  "properties": {
    "building": "yes",
    "id": "way/350045292"
  },
  "geometry": {
    "type": "Polygon",
    "coordinates": [
      [
        [
          77.128987,
          28.6727704
        ],
        [
          77.1289741,
          28.6726327
        ],
        [
          77.1291949,
          28.6726168
        ],
        [
          77.1292078,
          28.6727546
        ],
        [
          77.128987,
          28.6727704
        ]
      ]
    ]
  }
},
{
  "type": "Feature",
  "id": "way/350045294",
  "properties": {
    "building": "yes",
    "id": "way/350045294"
  },
  "geometry": {
    "type": "Polygon",
    "coordinates": [
      [
        [
          77.1365385,
          28.671642
        ],
        [
          77.1368592,
          28.6714944
        ],
        [
          77.1369622,
          28.6716666
        ],
        [
          77.1366415,
          28.6718143
        ],
        [
          77.1365385,
          28.671642
        ]
      ]
    ]
  }
},
{
  "type": "Feature",
  "id": "way/350045295",
  "properties": {
    "building": "yes",
    "id": "way/350045295"
  },
  "geometry": {
    "type": "Polygon",
    "coordinates": [
      [
        [
          77.1356512,
          28.6733517
        ],
        [
          77.1358541,
          28.6732942
        ],
        [
          77.1358853,
          28.673379
        ],
        [
          77.1356824,
          28.6734365
        ],
        [
          77.1356512,
          28.6733517
        ]
      ]
    ]
  }
},
{
  "type": "Feature",
  "id": "way/350045296",
  "properties": {
    "building": "yes",
    "id": "way/350045296"
  },
  "geometry": {
    "type": "Polygon",
    "coordinates": [
      [
        [
          77.1290899,
          28.6736949
        ],
        [
          77.129077,
          28.6735878
        ],
        [
          77.1293334,
          28.6735641
        ],
        [
          77.1293463,
          28.6736711
        ],
        [
          77.1290899,
          28.6736949
        ]
      ]
    ]
  }
},
{
  "type": "Feature",
  "id": "way/350045297",
  "properties": {
    "building": "yes",
    "id": "way/350045297"
  },
  "geometry": {
    "type": "Polygon",
    "coordinates": [
      [
        [
          77.1349779,
          28.6725755
        ],
        [
          77.135151,
          28.672508
        ],
        [
          77.1351923,
          28.6725894
        ],
        [
          77.1350192,
          28.672657
        ],
        [
          77.1349779,
          28.6725755
        ]
      ]
    ]
  }
},
{
  "type": "Feature",
  "id": "way/350045298",
  "properties": {
    "building": "yes",
    "id": "way/350045298"
  },
  "geometry": {
    "type": "Polygon",
    "coordinates": [
      [
        [
          77.1363804,
          28.6704996
        ],
        [
          77.13663,
          28.6702984
        ],
        [
          77.1367852,
          28.6704466
        ],
        [
          77.1364705,
          28.6707002
        ],
        [
          77.1363928,
          28.670626
        ],
        [
          77.1364579,
          28.6705736
        ],
        [
          77.1363804,
          28.6704996
        ]
      ]
    ]
  }
},
{
  "type": "Feature",
  "id": "way/350045299",
  "properties": {
    "building": "yes",
    "id": "way/350045299"
  },
  "geometry": {
    "type": "Polygon",
    "coordinates": [
      [
        [
          77.1310535,
          28.6726948
        ],
        [
          77.1315661,
          28.6726143
        ],
        [
          77.1316019,
          28.6727247
        ],
        [
          77.1312666,
          28.6727735
        ],
        [
          77.1312762,
          28.6728403
        ],
        [
          77.1310774,
          28.6728621
        ],
        [
          77.1310535,
          28.6726948
        ]
      ]
    ]
  }
},
{
  "type": "Feature",
  "id": "way/350045300",
  "properties": {
    "building": "yes",
    "id": "way/350045300"
  },
  "geometry": {
    "type": "Polygon",
    "coordinates": [
      [
        [
          77.1352215,
          28.6711887
        ],
        [
          77.1354011,
          28.6710441
        ],
        [
          77.1355193,
          28.6711571
        ],
        [
          77.13544,
          28.671221
        ],
        [
          77.1354162,
          28.6711981
        ],
        [
          77.1353159,
          28.6712789
        ],
        [
          77.1352215,
          28.6711887
        ]
      ]
    ]
  }
},
{
  "type": "Feature",
  "id": "way/350045301",
  "properties": {
    "building": "yes",
    "id": "way/350045301"
  },
  "geometry": {
    "type": "Polygon",
    "coordinates": [
      [
        [
          77.1376126,
          28.6731652
        ],
        [
          77.1375177,
          28.6728956
        ],
        [
          77.1376734,
          28.6728535
        ],
        [
          77.1376996,
          28.6729278
        ],
        [
          77.1376306,
          28.6729465
        ],
        [
          77.1376698,
          28.6730577
        ],
        [
          77.1377382,
          28.6730391
        ],
        [
          77.1377678,
          28.6731231
        ],
        [
          77.1376126,
          28.6731652
        ]
      ]
    ]
  }
},
{
  "type": "Feature",
  "id": "way/350064812",
  "properties": {
    "building": "yes",
    "id": "way/350064812"
  },
  "geometry": {
    "type": "Polygon",
    "coordinates": [
      [
        [
          77.1334285,
          28.6722425
        ],
        [
          77.1336856,
          28.6720624
        ],
        [
          77.1337353,
          28.6721098
        ],
        [
          77.133755,
          28.6720939
        ],
        [
          77.1339294,
          28.6722603
        ],
        [
          77.1339097,
          28.6722762
        ],
        [
          77.1341307,
          28.672487
        ],
        [
          77.1339296,
          28.672645
        ],
        [
          77.1337442,
          28.6724624
        ],
        [
          77.1336929,
          28.6725028
        ],
        [
          77.1334285,
          28.6722425
        ]
      ]
    ]
  }
},
{
  "type": "Feature",
  "id": "way/350064815",
  "properties": {
    "building": "yes",
    "id": "way/350064815"
  },
  "geometry": {
    "type": "Polygon",
    "coordinates": [
      [
        [
          77.1324516,
          28.6735588
        ],
        [
          77.132425,
          28.6735113
        ],
        [
          77.1325842,
          28.6734424
        ],
        [
          77.1326109,
          28.6734899
        ],
        [
          77.1324516,
          28.6735588
        ]
      ]
    ]
  }
},
{
  "type": "Feature",
  "id": "way/350064817",
  "properties": {
    "building": "yes",
    "id": "way/350064817"
  },
  "geometry": {
    "type": "Polygon",
    "coordinates": [
      [
        [
          77.1250345,
          28.6740049
        ],
        [
          77.1250265,
          28.6738556
        ],
        [
          77.12519,
          28.6738489
        ],
        [
          77.125198,
          28.6739981
        ],
        [
          77.1250345,
          28.6740049
        ]
      ]
    ]
  }
},
{
  "type": "Feature",
  "id": "way/350064818",
  "properties": {
    "building": "yes",
    "id": "way/350064818"
  },
  "geometry": {
    "type": "Polygon",
    "coordinates": [
      [
        [
          77.1341972,
          28.6731093
        ],
        [
          77.1341389,
          28.6729187
        ],
        [
          77.1342159,
          28.6729006
        ],
        [
          77.1342742,
          28.6730912
        ],
        [
          77.1341972,
          28.6731093
        ]
      ]
    ]
  }
},
{
  "type": "Feature",
  "id": "way/350064819",
  "properties": {
    "building": "yes",
    "id": "way/350064819"
  },
  "geometry": {
    "type": "Polygon",
    "coordinates": [
      [
        [
          77.1245377,
          28.6739986
        ],
        [
          77.1245276,
          28.6739333
        ],
        [
          77.124728,
          28.6739095
        ],
        [
          77.1247381,
          28.6739748
        ],
        [
          77.1245377,
          28.6739986
        ]
      ]
    ]
  }
},
{
  "type": "Feature",
  "id": "way/350064821",
  "properties": {
    "building": "yes",
    "id": "way/350064821"
  },
  "geometry": {
    "type": "Polygon",
    "coordinates": [
      [
        [
          77.1359827,
          28.6739908
        ],
        [
          77.1359658,
          28.6737579
        ],
        [
          77.136097,
          28.6737506
        ],
        [
          77.1361139,
          28.6739835
        ],
        [
          77.1359827,
          28.6739908
        ]
      ]
    ]
  }
},
{
  "type": "Feature",
  "id": "way/350064822",
  "properties": {
    "building": "yes",
    "id": "way/350064822"
  },
  "geometry": {
    "type": "Polygon",
    "coordinates": [
      [
        [
          77.1332062,
          28.6728267
        ],
        [
          77.1332557,
          28.6726851
        ],
        [
          77.1333829,
          28.6727194
        ],
        [
          77.1333334,
          28.6728609
        ],
        [
          77.1332062,
          28.6728267
        ]
      ]
    ]
  }
},
{
  "type": "Feature",
  "id": "way/350064823",
  "properties": {
    "building": "yes",
    "id": "way/350064823"
  },
  "geometry": {
    "type": "Polygon",
    "coordinates": [
      [
        [
          77.1333753,
          28.6726107
        ],
        [
          77.1334384,
          28.67243
        ],
        [
          77.133585,
          28.6725216
        ],
        [
          77.1335467,
          28.6726568
        ],
        [
          77.1333753,
          28.6726107
        ]
      ]
    ]
  }
},
{
  "type": "Feature",
  "id": "way/350064825",
  "properties": {
    "building": "yes",
    "id": "way/350064825"
  },
  "geometry": {
    "type": "Polygon",
    "coordinates": [
      [
        [
          77.1317416,
          28.6727249
        ],
        [
          77.1320099,
          28.6727018
        ],
        [
          77.132021,
          28.6728755
        ],
        [
          77.1317622,
          28.6728614
        ],
        [
          77.1317416,
          28.6727249
        ]
      ]
    ]
  }
},
{
  "type": "Feature",
  "id": "way/350064826",
  "properties": {
    "building": "yes",
    "id": "way/350064826"
  },
  "geometry": {
    "type": "Polygon",
    "coordinates": [
      [
        [
          77.1341211,
          28.6734807
        ],
        [
          77.1340568,
          28.6732508
        ],
        [
          77.134134,
          28.6732342
        ],
        [
          77.1341984,
          28.6734641
        ],
        [
          77.1341211,
          28.6734807
        ]
      ]
    ]
  }
},
{
  "type": "Feature",
  "id": "way/350064828",
  "properties": {
    "building": "yes",
    "id": "way/350064828"
  },
  "geometry": {
    "type": "Polygon",
    "coordinates": [
      [
        [
          77.1332952,
          28.6734627
        ],
        [
          77.1332551,
          28.6733714
        ],
        [
          77.1334149,
          28.6733174
        ],
        [
          77.133455,
          28.6734088
        ],
        [
          77.1332952,
          28.6734627
        ]
      ]
    ]
  }
},
{
  "type": "Feature",
  "id": "way/350064829",
  "properties": {
    "building": "yes",
    "id": "way/350064829"
  },
  "geometry": {
    "type": "Polygon",
    "coordinates": [
      [
        [
          77.1358078,
          28.6737271
        ],
        [
          77.1357854,
          28.67354
        ],
        [
          77.1358842,
          28.6735309
        ],
        [
          77.1359066,
          28.673718
        ],
        [
          77.1358078,
          28.6737271
        ]
      ]
    ]
  }
},
{
  "type": "Feature",
  "id": "way/350064833",
  "properties": {
    "building": "yes",
    "id": "way/350064833"
  },
  "geometry": {
    "type": "Polygon",
    "coordinates": [
      [
        [
          77.1344793,
          28.6733053
        ],
        [
          77.1344262,
          28.6731636
        ],
        [
          77.1345239,
          28.6731355
        ],
        [
          77.134577,
          28.6732772
        ],
        [
          77.1344793,
          28.6733053
        ]
      ]
    ]
  }
},
{
  "type": "Feature",
  "id": "way/350064835",
  "properties": {
    "building": "yes",
    "id": "way/350064835"
  },
  "geometry": {
    "type": "Polygon",
    "coordinates": [
      [
        [
          77.133547,
          28.673496
        ],
        [
          77.1335074,
          28.6732711
        ],
        [
          77.1336632,
          28.6732864
        ],
        [
          77.1336587,
          28.6734767
        ],
        [
          77.133547,
          28.673496
        ]
      ]
    ]
  }
},
{
  "type": "Feature",
  "id": "way/350064839",
  "properties": {
    "building": "yes",
    "id": "way/350064839"
  },
  "geometry": {
    "type": "Polygon",
    "coordinates": [
      [
        [
          77.1339786,
          28.6731804
        ],
        [
          77.1339179,
          28.6729716
        ],
        [
          77.1339889,
          28.6729557
        ],
        [
          77.1340496,
          28.6731645
        ],
        [
          77.1339786,
          28.6731804
        ]
      ]
    ]
  }
},
{
  "type": "Feature",
  "id": "way/350064841",
  "properties": {
    "building": "yes",
    "id": "way/350064841"
  },
  "geometry": {
    "type": "Polygon",
    "coordinates": [
      [
        [
          77.1319837,
          28.6739502
        ],
        [
          77.1318984,
          28.6737708
        ],
        [
          77.1319766,
          28.6737422
        ],
        [
          77.1320619,
          28.6739216
        ],
        [
          77.1319837,
          28.6739502
        ]
      ]
    ]
  }
},
{
  "type": "Feature",
  "id": "way/350064842",
  "properties": {
    "building": "yes",
    "id": "way/350064842"
  },
  "geometry": {
    "type": "Polygon",
    "coordinates": [
      [
        [
          77.1245137,
          28.6738395
        ],
        [
          77.1245005,
          28.6737478
        ],
        [
          77.1246961,
          28.6737261
        ],
        [
          77.1247094,
          28.6738178
        ],
        [
          77.1245137,
          28.6738395
        ]
      ]
    ]
  }
},
{
  "type": "Feature",
  "id": "way/350064843",
  "properties": {
    "building": "yes",
    "id": "way/350064843"
  },
  "geometry": {
    "type": "Polygon",
    "coordinates": [
      [
        [
          77.1328187,
          28.6729663
        ],
        [
          77.132891,
          28.6728384
        ],
        [
          77.1330887,
          28.6729245
        ],
        [
          77.1330164,
          28.6730523
        ],
        [
          77.1328187,
          28.6729663
        ]
      ]
    ]
  }
},
{
  "type": "Feature",
  "id": "way/350064844",
  "properties": {
    "building": "yes",
    "id": "way/350064844"
  },
  "geometry": {
    "type": "Polygon",
    "coordinates": [
      [
        [
          77.1318388,
          28.6733724
        ],
        [
          77.1318851,
          28.673313
        ],
        [
          77.1320688,
          28.6734013
        ],
        [
          77.1320121,
          28.6734761
        ],
        [
          77.1318388,
          28.6733724
        ]
      ]
    ]
  }
},
{
  "type": "Feature",
  "id": "way/350064846",
  "properties": {
    "building": "yes",
    "id": "way/350064846"
  },
  "geometry": {
    "type": "Polygon",
    "coordinates": [
      [
        [
          77.1324404,
          28.6734941
        ],
        [
          77.1323829,
          28.6733897
        ],
        [
          77.1325288,
          28.6733885
        ],
        [
          77.1325671,
          28.6734404
        ],
        [
          77.1324404,
          28.6734941
        ]
      ]
    ]
  }
},
{
  "type": "Feature",
  "id": "way/350064850",
  "properties": {
    "building": "yes",
    "id": "way/350064850"
  },
  "geometry": {
    "type": "Polygon",
    "coordinates": [
      [
        [
          77.1324898,
          28.6727475
        ],
        [
          77.1325361,
          28.6725555
        ],
        [
          77.1328942,
          28.672622
        ],
        [
          77.1328478,
          28.672814
        ],
        [
          77.1324898,
          28.6727475
        ]
      ]
    ]
  }
},
{
  "type": "Feature",
  "id": "way/350064851",
  "properties": {
    "building": "yes",
    "id": "way/350064851"
  },
  "geometry": {
    "type": "Polygon",
    "coordinates": [
      [
        [
          77.1330686,
          28.6725135
        ],
        [
          77.1331488,
          28.6723193
        ],
        [
          77.1332983,
          28.6723668
        ],
        [
          77.1332182,
          28.672561
        ],
        [
          77.1330686,
          28.6725135
        ]
      ]
    ]
  }
},
{
  "type": "Feature",
  "id": "way/350064853",
  "properties": {
    "building": "yes",
    "id": "way/350064853"
  },
  "geometry": {
    "type": "Polygon",
    "coordinates": [
      [
        [
          77.1338107,
          28.6735641
        ],
        [
          77.1338359,
          28.6734681
        ],
        [
          77.1339725,
          28.6734288
        ],
        [
          77.1340032,
          28.6735025
        ],
        [
          77.1338107,
          28.6735641
        ]
      ]
    ]
  }
},
{
  "type": "Feature",
  "id": "way/350064854",
  "properties": {
    "building": "yes",
    "id": "way/350064854"
  },
  "geometry": {
    "type": "Polygon",
    "coordinates": [
      [
        [
          77.1266957,
          28.6713241
        ],
        [
          77.1266717,
          28.6711433
        ],
        [
          77.126796,
          28.6711306
        ],
        [
          77.12682,
          28.6713114
        ],
        [
          77.1266957,
          28.6713241
        ]
      ]
    ]
  }
},
{
  "type": "Feature",
  "id": "way/350064858",
  "properties": {
    "building": "yes",
    "id": "way/350064858"
  },
  "geometry": {
    "type": "Polygon",
    "coordinates": [
      [
        [
          77.1336849,
          28.6727034
        ],
        [
          77.1337624,
          28.6726109
        ],
        [
          77.133916,
          28.672752
        ],
        [
          77.133781,
          28.6727997
        ],
        [
          77.1336849,
          28.6727034
        ]
      ]
    ]
  }
},
{
  "type": "Feature",
  "id": "way/350064859",
  "properties": {
    "building": "yes",
    "id": "way/350064859"
  },
  "geometry": {
    "type": "Polygon",
    "coordinates": [
      [
        [
          77.1327696,
          28.6732358
        ],
        [
          77.1329164,
          28.6731724
        ],
        [
          77.1330249,
          28.6733656
        ],
        [
          77.1328781,
          28.673429
        ],
        [
          77.1327696,
          28.6732358
        ]
      ]
    ]
  }
},
{
  "type": "Feature",
  "id": "way/350064861",
  "properties": {
    "building": "yes",
    "id": "way/350064861"
  },
  "geometry": {
    "type": "Polygon",
    "coordinates": [
      [
        [
          77.1356936,
          28.6740215
        ],
        [
          77.1356654,
          28.6737817
        ],
        [
          77.1357898,
          28.6737704
        ],
        [
          77.135818,
          28.6740103
        ],
        [
          77.1356936,
          28.6740215
        ]
      ]
    ]
  }
},
{
  "type": "Feature",
  "id": "way/350064863",
  "properties": {
    "building": "yes",
    "id": "way/350064863"
  },
  "geometry": {
    "type": "Polygon",
    "coordinates": [
      [
        [
          77.1333634,
          28.6736862
        ],
        [
          77.1333211,
          28.6735902
        ],
        [
          77.1335072,
          28.6735271
        ],
        [
          77.1335494,
          28.6736231
        ],
        [
          77.1333634,
          28.6736862
        ]
      ]
    ]
  }
},
{
  "type": "Feature",
  "id": "way/350064864",
  "properties": {
    "building": "yes",
    "id": "way/350064864"
  },
  "geometry": {
    "type": "Polygon",
    "coordinates": [
      [
        [
          77.1360106,
          28.6737011
        ],
        [
          77.1359987,
          28.6734937
        ],
        [
          77.136078,
          28.6734902
        ],
        [
          77.13609,
          28.6736976
        ],
        [
          77.1360106,
          28.6737011
        ]
      ]
    ]
  }
},
{
  "type": "Feature",
  "id": "way/350064865",
  "properties": {
    "building": "yes",
    "id": "way/350064865"
  },
  "geometry": {
    "type": "Polygon",
    "coordinates": [
      [
        [
          77.1317095,
          28.6735113
        ],
        [
          77.1317666,
          28.6734466
        ],
        [
          77.1319511,
          28.6735721
        ],
        [
          77.131894,
          28.6736367
        ],
        [
          77.1317095,
          28.6735113
        ]
      ]
    ]
  }
},
{
  "type": "Feature",
  "id": "way/350064866",
  "properties": {
    "building": "yes",
    "id": "way/350064866"
  },
  "geometry": {
    "type": "Polygon",
    "coordinates": [
      [
        [
          77.1320206,
          28.673081
        ],
        [
          77.1320525,
          28.6729657
        ],
        [
          77.1322678,
          28.6730116
        ],
        [
          77.1322359,
          28.673127
        ],
        [
          77.1320206,
          28.673081
        ]
      ]
    ]
  }
},
{
  "type": "Feature",
  "id": "way/350064868",
  "properties": {
    "building": "yes",
    "id": "way/350064868"
  },
  "geometry": {
    "type": "Polygon",
    "coordinates": [
      [
        [
          77.1322503,
          28.673675
        ],
        [
          77.1321505,
          28.6734697
        ],
        [
          77.1322663,
          28.6734264
        ],
        [
          77.1323661,
          28.6736317
        ],
        [
          77.1322503,
          28.673675
        ]
      ]
    ]
  }
},
{
  "type": "Feature",
  "id": "way/350064870",
  "properties": {
    "building": "yes",
    "id": "way/350064870"
  },
  "geometry": {
    "type": "Polygon",
    "coordinates": [
      [
        [
          77.1367995,
          28.6735296
        ],
        [
          77.1367672,
          28.6734046
        ],
        [
          77.1370379,
          28.6733506
        ],
        [
          77.1370703,
          28.6734756
        ],
        [
          77.1367995,
          28.6735296
        ]
      ]
    ]
  }
},
{
  "type": "Feature",
  "id": "way/350064871",
  "properties": {
    "building": "yes",
    "id": "way/350064871"
  },
  "geometry": {
    "type": "Polygon",
    "coordinates": [
      [
        [
          77.1327727,
          28.6736654
        ],
        [
          77.1327296,
          28.6735767
        ],
        [
          77.1328996,
          28.6735131
        ],
        [
          77.1329427,
          28.6736019
        ],
        [
          77.1327727,
          28.6736654
        ]
      ]
    ]
  }
},
{
  "type": "Feature",
  "id": "way/350064872",
  "properties": {
    "building": "yes",
    "id": "way/350064872"
  },
  "geometry": {
    "type": "Polygon",
    "coordinates": [
      [
        [
          77.1327258,
          28.6735596
        ],
        [
          77.1326861,
          28.6734833
        ],
        [
          77.1328506,
          28.6734174
        ],
        [
          77.1328903,
          28.6734937
        ],
        [
          77.1327258,
          28.6735596
        ]
      ]
    ]
  }
},
{
  "type": "Feature",
  "id": "way/350064877",
  "properties": {
    "building": "yes",
    "id": "way/350064877"
  },
  "geometry": {
    "type": "Polygon",
    "coordinates": [
      [
        [
          77.1325199,
          28.6731835
        ],
        [
          77.1325266,
          28.673019
        ],
        [
          77.1327093,
          28.6730248
        ],
        [
          77.1327026,
          28.6731893
        ],
        [
          77.1325199,
          28.6731835
        ]
      ]
    ]
  }
},
{
  "type": "Feature",
  "id": "way/350064878",
  "properties": {
    "building": "yes",
    "id": "way/350064878"
  },
  "geometry": {
    "type": "Polygon",
    "coordinates": [
      [
        [
          77.1324455,
          28.6735691
        ],
        [
          77.1326255,
          28.673489
        ],
        [
          77.1326512,
          28.6735334
        ],
        [
          77.1324712,
          28.6736135
        ],
        [
          77.1324455,
          28.6735691
        ]
      ]
    ]
  }
},
{
  "type": "Feature",
  "id": "way/350064879",
  "properties": {
    "building": "yes",
    "id": "way/350064879"
  },
  "geometry": {
    "type": "Polygon",
    "coordinates": [
      [
        [
          77.1335475,
          28.6741598
        ],
        [
          77.1335182,
          28.6739668
        ],
        [
          77.1336567,
          28.6739507
        ],
        [
          77.1336859,
          28.6741436
        ],
        [
          77.1335475,
          28.6741598
        ]
      ]
    ]
  }
},
{
  "type": "Feature",
  "id": "way/350064880",
  "properties": {
    "building": "yes",
    "id": "way/350064880"
  },
  "geometry": {
    "type": "Polygon",
    "coordinates": [
      [
        [
          77.1334305,
          28.6738952
        ],
        [
          77.1334049,
          28.67381
        ],
        [
          77.1335534,
          28.6737757
        ],
        [
          77.133579,
          28.6738609
        ],
        [
          77.1334305,
          28.6738952
        ]
      ]
    ]
  }
},
{
  "type": "Feature",
  "id": "way/350064881",
  "properties": {
    "building": "yes",
    "id": "way/350064881"
  },
  "geometry": {
    "type": "Polygon",
    "coordinates": [
      [
        [
          77.1361264,
          28.6736812
        ],
        [
          77.1360959,
          28.6734731
        ],
        [
          77.1362197,
          28.6734591
        ],
        [
          77.1362502,
          28.6736672
        ],
        [
          77.1361264,
          28.6736812
        ]
      ]
    ]
  }
},
{
  "type": "Feature",
  "id": "way/350064883",
  "properties": {
    "building": "yes",
    "id": "way/350064883"
  },
  "geometry": {
    "type": "Polygon",
    "coordinates": [
      [
        [
          77.1320627,
          28.6728748
        ],
        [
          77.1320469,
          28.6726825
        ],
        [
          77.1322263,
          28.6726712
        ],
        [
          77.1322421,
          28.6728634
        ],
        [
          77.1320627,
          28.6728748
        ]
      ]
    ]
  }
},
{
  "type": "Feature",
  "id": "way/350064884",
  "properties": {
    "building": "yes",
    "id": "way/350064884"
  },
  "geometry": {
    "type": "Polygon",
    "coordinates": [
      [
        [
          77.1341957,
          28.6733787
        ],
        [
          77.134143,
          28.6732211
        ],
        [
          77.1342249,
          28.6732
        ],
        [
          77.1342777,
          28.6733576
        ],
        [
          77.1341957,
          28.6733787
        ]
      ]
    ]
  }
},
{
  "type": "Feature",
  "id": "way/350064885",
  "properties": {
    "building": "yes",
    "id": "way/350064885"
  },
  "geometry": {
    "type": "Polygon",
    "coordinates": [
      [
        [
          77.1316457,
          28.6735732
        ],
        [
          77.1317049,
          28.6735116
        ],
        [
          77.1318917,
          28.6736499
        ],
        [
          77.1318325,
          28.6737114
        ],
        [
          77.1316457,
          28.6735732
        ]
      ]
    ]
  }
},
{
  "type": "Feature",
  "id": "way/350064886",
  "properties": {
    "building": "yes",
    "id": "way/350064886"
  },
  "geometry": {
    "type": "Polygon",
    "coordinates": [
      [
        [
          77.1332618,
          28.674032
        ],
        [
          77.1331398,
          28.6736455
        ],
        [
          77.1332998,
          28.6736105
        ],
        [
          77.1334093,
          28.673996
        ],
        [
          77.1332618,
          28.674032
        ]
      ]
    ]
  }
},
{
  "type": "Feature",
  "id": "way/350064887",
  "properties": {
    "building": "yes",
    "id": "way/350064887"
  },
  "geometry": {
    "type": "Polygon",
    "coordinates": [
      [
        [
          77.1336623,
          28.6734777
        ],
        [
          77.1336849,
          28.6732795
        ],
        [
          77.1338338,
          28.6732925
        ],
        [
          77.1338112,
          28.6734907
        ],
        [
          77.1336623,
          28.6734777
        ]
      ]
    ]
  }
},
{
  "type": "Feature",
  "id": "way/350064888",
  "properties": {
    "building": "yes",
    "id": "way/350064888"
  },
  "geometry": {
    "type": "Polygon",
    "coordinates": [
      [
        [
          77.1245265,
          28.6739215
        ],
        [
          77.1245172,
          28.6738485
        ],
        [
          77.1247257,
          28.6738281
        ],
        [
          77.1247349,
          28.6739012
        ],
        [
          77.1245265,
          28.6739215
        ]
      ]
    ]
  }
},
{
  "type": "Feature",
  "id": "way/350064889",
  "properties": {
    "building": "yes",
    "id": "way/350064889"
  },
  "geometry": {
    "type": "Polygon",
    "coordinates": [
      [
        [
          77.1325761,
          28.6729333
        ],
        [
          77.1326308,
          28.672786
        ],
        [
          77.1328343,
          28.6728441
        ],
        [
          77.1327797,
          28.6729914
        ],
        [
          77.1325761,
          28.6729333
        ]
      ]
    ]
  }
},
{
  "type": "Feature",
  "id": "way/350064890",
  "properties": {
    "building": "yes",
    "id": "way/350064890"
  },
  "geometry": {
    "type": "Polygon",
    "coordinates": [
      [
        [
          77.1305528,
          28.6741019
        ],
        [
          77.1305573,
          28.6738592
        ],
        [
          77.1306799,
          28.6738609
        ],
        [
          77.1306754,
          28.6741037
        ],
        [
          77.1305528,
          28.6741019
        ]
      ]
    ]
  }
},
{
  "type": "Feature",
  "id": "way/350064891",
  "properties": {
    "building": "yes",
    "id": "way/350064891"
  },
  "geometry": {
    "type": "Polygon",
    "coordinates": [
      [
        [
          77.1332419,
          28.6725953
        ],
        [
          77.133309,
          28.6723823
        ],
        [
          77.1334298,
          28.6724116
        ],
        [
          77.1333628,
          28.6726246
        ],
        [
          77.1332419,
          28.6725953
        ]
      ]
    ]
  }
},
{
  "type": "Feature",
  "id": "way/350064892",
  "properties": {
    "building": "yes",
    "id": "way/350064892"
  },
  "geometry": {
    "type": "Polygon",
    "coordinates": [
      [
        [
          77.1340303,
          28.6734506
        ],
        [
          77.133968,
          28.6732551
        ],
        [
          77.1340313,
          28.6732396
        ],
        [
          77.1340936,
          28.6734351
        ],
        [
          77.1340303,
          28.6734506
        ]
      ]
    ]
  }
},
{
  "type": "Feature",
  "id": "way/350064894",
  "properties": {
    "building": "yes",
    "id": "way/350064894"
  },
  "geometry": {
    "type": "Polygon",
    "coordinates": [
      [
        [
          77.1343713,
          28.6730603
        ],
        [
          77.1342978,
          28.6728571
        ],
        [
          77.1343769,
          28.672835
        ],
        [
          77.1344504,
          28.6730382
        ],
        [
          77.1343713,
          28.6730603
        ]
      ]
    ]
  }
},
{
  "type": "Feature",
  "id": "way/350064895",
  "properties": {
    "building": "yes",
    "id": "way/350064895"
  },
  "geometry": {
    "type": "Polygon",
    "coordinates": [
      [
        [
          77.1334673,
          28.6728994
        ],
        [
          77.1335376,
          28.6727774
        ],
        [
          77.1336592,
          28.6728314
        ],
        [
          77.1335889,
          28.6729533
        ],
        [
          77.1334673,
          28.6728994
        ]
      ]
    ]
  }
},
{
  "type": "Feature",
  "id": "way/350064896",
  "properties": {
    "building": "yes",
    "id": "way/350064896"
  },
  "geometry": {
    "type": "Polygon",
    "coordinates": [
      [
        [
          77.1323231,
          28.6728946
        ],
        [
          77.1323511,
          28.6727567
        ],
        [
          77.1325807,
          28.6727925
        ],
        [
          77.1325527,
          28.6729305
        ],
        [
          77.1323231,
          28.6728946
        ]
      ]
    ]
  }
},
{
  "type": "Feature",
  "id": "way/350064897",
  "properties": {
    "building": "yes",
    "id": "way/350064897"
  },
  "geometry": {
    "type": "Polygon",
    "coordinates": [
      [
        [
          77.1247672,
          28.6740357
        ],
        [
          77.1247547,
          28.6739355
        ],
        [
          77.1249296,
          28.6739187
        ],
        [
          77.1249421,
          28.6740188
        ],
        [
          77.1247672,
          28.6740357
        ]
      ]
    ]
  }
},
{
  "type": "Feature",
  "id": "way/350064898",
  "properties": {
    "building": "yes",
    "id": "way/350064898"
  },
  "geometry": {
    "type": "Polygon",
    "coordinates": [
      [
        [
          77.1330717,
          28.673051
        ],
        [
          77.1331373,
          28.6729224
        ],
        [
          77.1334976,
          28.6730513
        ],
        [
          77.1334072,
          28.6731828
        ],
        [
          77.1330717,
          28.673051
        ]
      ]
    ]
  }
},
{
  "type": "Feature",
  "id": "way/350064899",
  "properties": {
    "building": "yes",
    "id": "way/350064899"
  },
  "geometry": {
    "type": "Polygon",
    "coordinates": [
      [
        [
          77.1318065,
          28.6734397
        ],
        [
          77.1318522,
          28.6733896
        ],
        [
          77.1320087,
          28.6734996
        ],
        [
          77.131963,
          28.6735497
        ],
        [
          77.1318065,
          28.6734397
        ]
      ]
    ]
  }
},
{
  "type": "Feature",
  "id": "way/350064900",
  "properties": {
    "building": "yes",
    "id": "way/350064900"
  },
  "geometry": {
    "type": "Polygon",
    "coordinates": [
      [
        [
          77.1323451,
          28.6731326
        ],
        [
          77.13235,
          28.6730002
        ],
        [
          77.1325107,
          28.6730047
        ],
        [
          77.1325059,
          28.6731372
        ],
        [
          77.1323451,
          28.6731326
        ]
      ]
    ]
  }
},
{
  "type": "Feature",
  "id": "way/350064901",
  "properties": {
    "building": "yes",
    "id": "way/350064901"
  },
  "geometry": {
    "type": "Polygon",
    "coordinates": [
      [
        [
          77.1350487,
          28.6740879
        ],
        [
          77.1350193,
          28.673858
        ],
        [
          77.1351336,
          28.6738468
        ],
        [
          77.135163,
          28.6740767
        ],
        [
          77.1350487,
          28.6740879
        ]
      ]
    ]
  }
},
{
  "type": "Feature",
  "id": "way/350064902",
  "properties": {
    "building": "yes",
    "id": "way/350064902"
  },
  "geometry": {
    "type": "Polygon",
    "coordinates": [
      [
        [
          77.1328484,
          28.6724956
        ],
        [
          77.1329297,
          28.6722598
        ],
        [
          77.1331287,
          28.6723126
        ],
        [
          77.1330474,
          28.6725485
        ],
        [
          77.1328484,
          28.6724956
        ]
      ]
    ]
  }
},
{
  "type": "Feature",
  "id": "way/350064903",
  "properties": {
    "building": "yes",
    "id": "way/350064903"
  },
  "geometry": {
    "type": "Polygon",
    "coordinates": [
      [
        [
          77.1324295,
          28.6733521
        ],
        [
          77.1324415,
          28.6731952
        ],
        [
          77.132561,
          28.6732022
        ],
        [
          77.132549,
          28.6733592
        ],
        [
          77.1324295,
          28.6733521
        ]
      ]
    ]
  }
},
{
  "type": "Feature",
  "id": "way/350064904",
  "properties": {
    "building": "yes",
    "id": "way/350064904"
  },
  "geometry": {
    "type": "Polygon",
    "coordinates": [
      [
        [
          77.1356006,
          28.6737485
        ],
        [
          77.1355758,
          28.6735439
        ],
        [
          77.1356682,
          28.6735353
        ],
        [
          77.135693,
          28.6737399
        ],
        [
          77.1356006,
          28.6737485
        ]
      ]
    ]
  }
},
{
  "type": "Feature",
  "id": "way/350064905",
  "properties": {
    "building": "yes",
    "id": "way/350064905"
  },
  "geometry": {
    "type": "Polygon",
    "coordinates": [
      [
        [
          77.1338219,
          28.673459
        ],
        [
          77.1338693,
          28.6733041
        ],
        [
          77.133942,
          28.6732908
        ],
        [
          77.133984,
          28.6734177
        ],
        [
          77.1338219,
          28.673459
        ]
      ]
    ]
  }
},
{
  "type": "Feature",
  "id": "way/350064906",
  "properties": {
    "building": "yes",
    "id": "way/350064906"
  },
  "geometry": {
    "type": "Polygon",
    "coordinates": [
      [
        [
          77.1347131,
          28.6732905
        ],
        [
          77.1346442,
          28.6730963
        ],
        [
          77.1347329,
          28.673072
        ],
        [
          77.1348018,
          28.6732663
        ],
        [
          77.1347131,
          28.6732905
        ]
      ]
    ]
  }
},
{
  "type": "Feature",
  "id": "way/350064907",
  "properties": {
    "building": "yes",
    "id": "way/350064907"
  },
  "geometry": {
    "type": "Polygon",
    "coordinates": [
      [
        [
          77.1333961,
          28.6737864
        ],
        [
          77.1333587,
          28.6737001
        ],
        [
          77.1335599,
          28.6736329
        ],
        [
          77.1335974,
          28.6737191
        ],
        [
          77.1333961,
          28.6737864
        ]
      ]
    ]
  }
},
{
  "type": "Feature",
  "id": "way/350064908",
  "properties": {
    "building": "yes",
    "id": "way/350064908"
  },
  "geometry": {
    "type": "Polygon",
    "coordinates": [
      [
        [
          77.1343964,
          28.672763
        ],
        [
          77.1343213,
          28.6725752
        ],
        [
          77.1344476,
          28.6725363
        ],
        [
          77.1345227,
          28.6727241
        ],
        [
          77.1343964,
          28.672763
        ]
      ]
    ]
  }
},
{
  "type": "Feature",
  "id": "way/350064909",
  "properties": {
    "building": "yes",
    "id": "way/350064909"
  },
  "geometry": {
    "type": "Polygon",
    "coordinates": [
      [
        [
          77.124728,
          28.6738044
        ],
        [
          77.1247191,
          28.6737321
        ],
        [
          77.1248892,
          28.673716
        ],
        [
          77.1248981,
          28.6737883
        ],
        [
          77.124728,
          28.6738044
        ]
      ]
    ]
  }
},
{
  "type": "Feature",
  "id": "way/350064910",
  "properties": {
    "building": "yes",
    "id": "way/350064910"
  },
  "geometry": {
    "type": "Polygon",
    "coordinates": [
      [
        [
          77.1345406,
          28.6730121
        ],
        [
          77.1344735,
          28.6728355
        ],
        [
          77.1345463,
          28.6728142
        ],
        [
          77.1346134,
          28.6729908
        ],
        [
          77.1345406,
          28.6730121
        ]
      ]
    ]
  }
},
{
  "type": "Feature",
  "id": "way/350064912",
  "properties": {
    "addr:housenumber": "9",
    "addr:state": "DL",
    "addr:street": "Road Number 35",
    "building": "temple",
    "building:colour": "white",
    "building:levels": "3",
    "roof:shape": "flat",
    "id": "way/350064912"
  },
  "geometry": {
    "type": "Polygon",
    "coordinates": [
      [
        [
          77.1365883,
          28.6738901
        ],
        [
          77.1365649,
          28.6737023
        ],
        [
          77.1368515,
          28.6736748
        ],
        [
          77.1368749,
          28.6738627
        ],
        [
          77.1365883,
          28.6738901
        ]
      ]
    ]
  }
},
{
  "type": "Feature",
  "id": "way/350064913",
  "properties": {
    "building": "yes",
    "id": "way/350064913"
  },
  "geometry": {
    "type": "Polygon",
    "coordinates": [
      [
        [
          77.1273658,
          28.6735067
        ],
        [
          77.1273308,
          28.6732808
        ],
        [
          77.127768,
          28.6732286
        ],
        [
          77.127803,
          28.6734546
        ],
        [
          77.1273658,
          28.6735067
        ]
      ]
    ]
  }
},
{
  "type": "Feature",
  "id": "way/350064914",
  "properties": {
    "building": "yes",
    "id": "way/350064914"
  },
  "geometry": {
    "type": "Polygon",
    "coordinates": [
      [
        [
          77.1353593,
          28.6740493
        ],
        [
          77.135339,
          28.6738214
        ],
        [
          77.1354547,
          28.6738134
        ],
        [
          77.135475,
          28.6740413
        ],
        [
          77.1353593,
          28.6740493
        ]
      ]
    ]
  }
},
{
  "type": "Feature",
  "id": "way/350064915",
  "properties": {
    "building": "yes",
    "id": "way/350064915"
  },
  "geometry": {
    "type": "Polygon",
    "coordinates": [
      [
        [
          77.1325508,
          28.6724039
        ],
        [
          77.1326175,
          28.6722116
        ],
        [
          77.132758,
          28.6722491
        ],
        [
          77.1326913,
          28.6724414
        ],
        [
          77.1325508,
          28.6724039
        ]
      ]
    ]
  }
},
{
  "type": "Feature",
  "id": "way/350064916",
  "properties": {
    "building": "yes",
    "id": "way/350064916"
  },
  "geometry": {
    "type": "Polygon",
    "coordinates": [
      [
        [
          77.1335859,
          28.672662
        ],
        [
          77.1336522,
          28.6725632
        ],
        [
          77.1337373,
          28.6726317
        ],
        [
          77.1336742,
          28.6727003
        ],
        [
          77.1335859,
          28.672662
        ]
      ]
    ]
  }
},
{
  "type": "Feature",
  "id": "way/350064918",
  "properties": {
    "building": "yes",
    "id": "way/350064918"
  },
  "geometry": {
    "type": "Polygon",
    "coordinates": [
      [
        [
          77.1314634,
          28.6733408
        ],
        [
          77.1315366,
          28.6732537
        ],
        [
          77.1317529,
          28.6733936
        ],
        [
          77.1316796,
          28.6734807
        ],
        [
          77.1314634,
          28.6733408
        ]
      ]
    ]
  }
},
{
  "type": "Feature",
  "id": "way/350064919",
  "properties": {
    "building": "yes",
    "id": "way/350064919"
  },
  "geometry": {
    "type": "Polygon",
    "coordinates": [
      [
        [
          77.1331772,
          28.6735215
        ],
        [
          77.1331325,
          28.6734297
        ],
        [
          77.1332336,
          28.6733918
        ],
        [
          77.1332783,
          28.6734836
        ],
        [
          77.1331772,
          28.6735215
        ]
      ]
    ]
  }
},
{
  "type": "Feature",
  "id": "way/350064920",
  "properties": {
    "building": "yes",
    "id": "way/350064920"
  },
  "geometry": {
    "type": "Polygon",
    "coordinates": [
      [
        [
          77.1352906,
          28.673809
        ],
        [
          77.1352579,
          28.6736029
        ],
        [
          77.1354368,
          28.673581
        ],
        [
          77.1354696,
          28.6737871
        ],
        [
          77.1352906,
          28.673809
        ]
      ]
    ]
  }
},
{
  "type": "Feature",
  "id": "way/350064921",
  "properties": {
    "building": "yes",
    "id": "way/350064921"
  },
  "geometry": {
    "type": "Polygon",
    "coordinates": [
      [
        [
          77.1379767,
          28.6717378
        ],
        [
          77.137927,
          28.6716269
        ],
        [
          77.1382749,
          28.671507
        ],
        [
          77.1383246,
          28.6716179
        ],
        [
          77.1379767,
          28.6717378
        ]
      ]
    ]
  }
},
{
  "type": "Feature",
  "id": "way/350064922",
  "properties": {
    "building": "yes",
    "id": "way/350064922"
  },
  "geometry": {
    "type": "Polygon",
    "coordinates": [
      [
        [
          77.1321276,
          28.6739186
        ],
        [
          77.1320131,
          28.6736959
        ],
        [
          77.1320616,
          28.6736768
        ],
        [
          77.1320211,
          28.6735981
        ],
        [
          77.1320867,
          28.6735722
        ],
        [
          77.1322416,
          28.6738735
        ],
        [
          77.1321276,
          28.6739186
        ]
      ]
    ]
  }
},
{
  "type": "Feature",
  "id": "way/350064923",
  "properties": {
    "building": "yes",
    "id": "way/350064923"
  },
  "geometry": {
    "type": "Polygon",
    "coordinates": [
      [
        [
          77.1342156,
          28.6727991
        ],
        [
          77.1341544,
          28.6726333
        ],
        [
          77.1343152,
          28.6725876
        ],
        [
          77.1343765,
          28.6727534
        ],
        [
          77.1342156,
          28.6727991
        ]
      ]
    ]
  }
},
{
  "type": "Feature",
  "id": "way/350064925",
  "properties": {
    "building": "yes",
    "id": "way/350064925"
  },
  "geometry": {
    "type": "Polygon",
    "coordinates": [
      [
        [
          77.1340712,
          28.6731608
        ],
        [
          77.133993,
          28.6729464
        ],
        [
          77.1340838,
          28.6729209
        ],
        [
          77.134162,
          28.6731353
        ],
        [
          77.1340712,
          28.6731608
        ]
      ]
    ]
  }
},
{
  "type": "Feature",
  "id": "way/350064926",
  "properties": {
    "building": "yes",
    "id": "way/350064926"
  },
  "geometry": {
    "type": "Polygon",
    "coordinates": [
      [
        [
          77.1344559,
          28.6730373
        ],
        [
          77.1343928,
          28.6728565
        ],
        [
          77.1344659,
          28.6728369
        ],
        [
          77.134529,
          28.6730177
        ],
        [
          77.1344559,
          28.6730373
        ]
      ]
    ]
  }
},
{
  "type": "Feature",
  "id": "way/350064927",
  "properties": {
    "building": "yes",
    "id": "way/350064927"
  },
  "geometry": {
    "type": "Polygon",
    "coordinates": [
      [
        [
          77.1322682,
          28.6723525
        ],
        [
          77.1323303,
          28.6721375
        ],
        [
          77.1326046,
          28.6721985
        ],
        [
          77.1325425,
          28.6724135
        ],
        [
          77.1322682,
          28.6723525
        ]
      ]
    ]
  }
},
{
  "type": "Feature",
  "id": "way/350064928",
  "properties": {
    "building": "yes",
    "id": "way/350064928"
  },
  "geometry": {
    "type": "Polygon",
    "coordinates": [
      [
        [
          77.1319786,
          28.6731615
        ],
        [
          77.1320044,
          28.6730842
        ],
        [
          77.1322145,
          28.6731382
        ],
        [
          77.1321887,
          28.6732155
        ],
        [
          77.1319786,
          28.6731615
        ]
      ]
    ]
  }
},
{
  "type": "Feature",
  "id": "way/350064929",
  "properties": {
    "building": "yes",
    "id": "way/350064929"
  },
  "geometry": {
    "type": "Polygon",
    "coordinates": [
      [
        [
          77.1337972,
          28.6729296
        ],
        [
          77.1337513,
          28.6728145
        ],
        [
          77.1339332,
          28.6727586
        ],
        [
          77.1339792,
          28.6728738
        ],
        [
          77.1337972,
          28.6729296
        ]
      ]
    ]
  }
},
{
  "type": "Feature",
  "id": "way/350064930",
  "properties": {
    "building": "yes",
    "id": "way/350064930"
  },
  "geometry": {
    "type": "Polygon",
    "coordinates": [
      [
        [
          77.1354894,
          28.6737704
        ],
        [
          77.1354612,
          28.6735613
        ],
        [
          77.135569,
          28.6735501
        ],
        [
          77.1355972,
          28.6737592
        ],
        [
          77.1354894,
          28.6737704
        ]
      ]
    ]
  }
},
{
  "type": "Feature",
  "id": "way/350064932",
  "properties": {
    "building": "yes",
    "id": "way/350064932"
  },
  "geometry": {
    "type": "Polygon",
    "coordinates": [
      [
        [
          77.134285,
          28.6730953
        ],
        [
          77.1342211,
          28.6728872
        ],
        [
          77.1342933,
          28.6728701
        ],
        [
          77.1343572,
          28.6730783
        ],
        [
          77.134285,
          28.6730953
        ]
      ]
    ]
  }
},
{
  "type": "Feature",
  "id": "way/350064933",
  "properties": {
    "building": "yes",
    "id": "way/350064933"
  },
  "geometry": {
    "type": "Polygon",
    "coordinates": [
      [
        [
          77.1342255,
          28.6725615
        ],
        [
          77.1338957,
          28.6721998
        ],
        [
          77.1339619,
          28.6721533
        ],
        [
          77.1342917,
          28.6725149
        ],
        [
          77.1342255,
          28.6725615
        ]
      ]
    ]
  }
},
{
  "type": "Feature",
  "id": "way/350064934",
  "properties": {
    "building": "yes",
    "id": "way/350064934"
  },
  "geometry": {
    "type": "Polygon",
    "coordinates": [
      [
        [
          77.1333036,
          28.6729752
        ],
        [
          77.1334042,
          28.6727286
        ],
        [
          77.1335041,
          28.6727599
        ],
        [
          77.1334035,
          28.6730066
        ],
        [
          77.1333036,
          28.6729752
        ]
      ]
    ]
  }
},
{
  "type": "Feature",
  "id": "way/350064935",
  "properties": {
    "building": "yes",
    "id": "way/350064935"
  },
  "geometry": {
    "type": "Polygon",
    "coordinates": [
      [
        [
          77.1247536,
          28.6739263
        ],
        [
          77.1247407,
          28.6738134
        ],
        [
          77.1249004,
          28.6737994
        ],
        [
          77.1249133,
          28.6739123
        ],
        [
          77.1247536,
          28.6739263
        ]
      ]
    ]
  }
},
{
  "type": "Feature",
  "id": "way/350064936",
  "properties": {
    "building": "yes",
    "id": "way/350064936"
  },
  "geometry": {
    "type": "Polygon",
    "coordinates": [
      [
        [
          77.1346228,
          28.6729875
        ],
        [
          77.1345558,
          28.6728075
        ],
        [
          77.1346351,
          28.6727847
        ],
        [
          77.1347022,
          28.6729648
        ],
        [
          77.1346228,
          28.6729875
        ]
      ]
    ]
  }
},
{
  "type": "Feature",
  "id": "way/350064937",
  "properties": {
    "building": "yes",
    "id": "way/350064937"
  },
  "geometry": {
    "type": "Polygon",
    "coordinates": [
      [
        [
          77.1351786,
          28.6740671
        ],
        [
          77.1351424,
          28.6738323
        ],
        [
          77.1352768,
          28.6738164
        ],
        [
          77.1353129,
          28.6740512
        ],
        [
          77.1351786,
          28.6740671
        ]
      ]
    ]
  }
},
{
  "type": "Feature",
  "id": "way/350064939",
  "properties": {
    "building": "yes",
    "id": "way/350064939"
  },
  "geometry": {
    "type": "Polygon",
    "coordinates": [
      [
        [
          77.132718,
          28.6724257
        ],
        [
          77.1327733,
          28.6722384
        ],
        [
          77.1329096,
          28.6722694
        ],
        [
          77.1328542,
          28.6724567
        ],
        [
          77.132718,
          28.6724257
        ]
      ]
    ]
  }
},
{
  "type": "Feature",
  "id": "way/350064940",
  "properties": {
    "building": "yes",
    "id": "way/350064940"
  },
  "geometry": {
    "type": "Polygon",
    "coordinates": [
      [
        [
          77.1324701,
          28.6736241
        ],
        [
          77.1326601,
          28.6735432
        ],
        [
          77.1327266,
          28.6736636
        ],
        [
          77.1325366,
          28.6737444
        ],
        [
          77.1324701,
          28.6736241
        ]
      ]
    ]
  }
},
{
  "type": "Feature",
  "id": "way/350064942",
  "properties": {
    "building": "yes",
    "id": "way/350064942"
  },
  "geometry": {
    "type": "Polygon",
    "coordinates": [
      [
        [
          77.1357012,
          28.6737412
        ],
        [
          77.1356788,
          28.673552
        ],
        [
          77.1357754,
          28.6735432
        ],
        [
          77.1357977,
          28.6737324
        ],
        [
          77.1357012,
          28.6737412
        ]
      ]
    ]
  }
},
{
  "type": "Feature",
  "id": "way/350064943",
  "properties": {
    "building": "yes",
    "id": "way/350064943"
  },
  "geometry": {
    "type": "Polygon",
    "coordinates": [
      [
        [
          77.1346047,
          28.6732647
        ],
        [
          77.134555,
          28.67312
        ],
        [
          77.134633,
          28.6730994
        ],
        [
          77.1346827,
          28.6732441
        ],
        [
          77.1346047,
          28.6732647
        ]
      ]
    ]
  }
},
{
  "type": "Feature",
  "id": "way/350064944",
  "properties": {
    "building": "yes",
    "id": "way/350064944"
  },
  "geometry": {
    "type": "Polygon",
    "coordinates": [
      [
        [
          77.1332082,
          28.6743609
        ],
        [
          77.1331651,
          28.6740288
        ],
        [
          77.1332423,
          28.674021
        ],
        [
          77.1332854,
          28.6743532
        ],
        [
          77.1332082,
          28.6743609
        ]
      ]
    ]
  }
},
{
  "type": "Feature",
  "id": "way/350064945",
  "properties": {
    "building": "yes",
    "id": "way/350064945"
  },
  "geometry": {
    "type": "Polygon",
    "coordinates": [
      [
        [
          77.1315471,
          28.6732406
        ],
        [
          77.1316233,
          28.6731393
        ],
        [
          77.1318628,
          28.673278
        ],
        [
          77.1317865,
          28.6733793
        ],
        [
          77.1315471,
          28.6732406
        ]
      ]
    ]
  }
},
{
  "type": "Feature",
  "id": "way/350064946",
  "properties": {
    "building": "yes",
    "id": "way/350064946"
  },
  "geometry": {
    "type": "Polygon",
    "coordinates": [
      [
        [
          77.1252214,
          28.6739958
        ],
        [
          77.1252038,
          28.6738437
        ],
        [
          77.1253533,
          28.6738304
        ],
        [
          77.1253708,
          28.6739825
        ],
        [
          77.1252214,
          28.6739958
        ]
      ]
    ]
  }
},
{
  "type": "Feature",
  "id": "way/350064947",
  "properties": {
    "building": "yes",
    "id": "way/350064947"
  },
  "geometry": {
    "type": "Polygon",
    "coordinates": [
      [
        [
          77.1337861,
          28.6732007
        ],
        [
          77.133767,
          28.6729842
        ],
        [
          77.133907,
          28.6729747
        ],
        [
          77.1339262,
          28.6731912
        ],
        [
          77.1337861,
          28.6732007
        ]
      ]
    ]
  }
},
{
  "type": "Feature",
  "id": "way/350064948",
  "properties": {
    "building": "yes",
    "id": "way/350064948"
  },
  "geometry": {
    "type": "Polygon",
    "coordinates": [
      [
        [
          77.1318764,
          28.6732989
        ],
        [
          77.131925,
          28.6732241
        ],
        [
          77.1321351,
          28.6733292
        ],
        [
          77.1320864,
          28.673404
        ],
        [
          77.1318764,
          28.6732989
        ]
      ]
    ]
  }
},
{
  "type": "Feature",
  "id": "way/350064949",
  "properties": {
    "building": "yes",
    "id": "way/350064949"
  },
  "geometry": {
    "type": "Polygon",
    "coordinates": [
      [
        [
          77.1361239,
          28.6739274
        ],
        [
          77.1361047,
          28.6737391
        ],
        [
          77.1362447,
          28.6737281
        ],
        [
          77.1362639,
          28.6739164
        ],
        [
          77.1361239,
          28.6739274
        ]
      ]
    ]
  }
},
{
  "type": "Feature",
  "id": "way/350064950",
  "properties": {
    "building": "yes",
    "id": "way/350064950"
  },
  "geometry": {
    "type": "Polygon",
    "coordinates": [
      [
        [
          77.1328731,
          28.6728063
        ],
        [
          77.1329258,
          28.6726311
        ],
        [
          77.1332199,
          28.6726993
        ],
        [
          77.1331672,
          28.6728744
        ],
        [
          77.1328731,
          28.6728063
        ]
      ]
    ]
  }
},
{
  "type": "Feature",
  "id": "way/350064951",
  "properties": {
    "building": "yes",
    "id": "way/350064951"
  },
  "geometry": {
    "type": "Polygon",
    "coordinates": [
      [
        [
          77.1265488,
          28.6713521
        ],
        [
          77.1265248,
          28.6711685
        ],
        [
          77.1266595,
          28.671155
        ],
        [
          77.1266835,
          28.6713386
        ],
        [
          77.1265488,
          28.6713521
        ]
      ]
    ]
  }
},
{
  "type": "Feature",
  "id": "way/350064953",
  "properties": {
    "building": "yes",
    "id": "way/350064953"
  },
  "geometry": {
    "type": "Polygon",
    "coordinates": [
      [
        [
          77.1328846,
          28.6734504
        ],
        [
          77.1330371,
          28.6733771
        ],
        [
          77.1331229,
          28.6735144
        ],
        [
          77.1329704,
          28.6735877
        ],
        [
          77.1328846,
          28.6734504
        ]
      ]
    ]
  }
},
{
  "type": "Feature",
  "id": "way/350064954",
  "properties": {
    "building": "yes",
    "id": "way/350064954"
  },
  "geometry": {
    "type": "Polygon",
    "coordinates": [
      [
        [
          77.1355118,
          28.6740364
        ],
        [
          77.135488,
          28.6738382
        ],
        [
          77.1356263,
          28.6738255
        ],
        [
          77.13565,
          28.6740237
        ],
        [
          77.1355118,
          28.6740364
        ]
      ]
    ]
  }
},
{
  "type": "Feature",
  "id": "way/350064955",
  "properties": {
    "building": "yes",
    "id": "way/350064955"
  },
  "geometry": {
    "type": "Polygon",
    "coordinates": [
      [
        [
          77.1333316,
          28.6735699
        ],
        [
          77.1332887,
          28.6734761
        ],
        [
          77.1334636,
          28.6734145
        ],
        [
          77.1335065,
          28.6735083
        ],
        [
          77.1333316,
          28.6735699
        ]
      ]
    ]
  }
},
{
  "type": "Feature",
  "id": "way/350064956",
  "properties": {
    "building": "yes",
    "id": "way/350064956"
  },
  "geometry": {
    "type": "Polygon",
    "coordinates": [
      [
        [
          77.135922,
          28.6737194
        ],
        [
          77.1359052,
          28.6735211
        ],
        [
          77.1359882,
          28.6735157
        ],
        [
          77.136005,
          28.673714
        ],
        [
          77.135922,
          28.6737194
        ]
      ]
    ]
  }
},
{
  "type": "Feature",
  "id": "way/350064957",
  "properties": {
    "building": "yes",
    "id": "way/350064957"
  },
  "geometry": {
    "type": "Polygon",
    "coordinates": [
      [
        [
          77.1343993,
          28.6733458
        ],
        [
          77.1343482,
          28.6732014
        ],
        [
          77.1344178,
          28.6731825
        ],
        [
          77.1344689,
          28.6733268
        ],
        [
          77.1343993,
          28.6733458
        ]
      ]
    ]
  }
},
{
  "type": "Feature",
  "id": "way/350064959",
  "properties": {
    "building": "yes",
    "id": "way/350064959"
  },
  "geometry": {
    "type": "Polygon",
    "coordinates": [
      [
        [
          77.1323729,
          28.6736019
        ],
        [
          77.1322914,
          28.6734226
        ],
        [
          77.1323584,
          28.6733992
        ],
        [
          77.1324398,
          28.6735785
        ],
        [
          77.1323729,
          28.6736019
        ]
      ]
    ]
  }
},
{
  "type": "Feature",
  "id": "way/350064961",
  "properties": {
    "building": "yes",
    "id": "way/350064961"
  },
  "geometry": {
    "type": "Polygon",
    "coordinates": [
      [
        [
          77.1384234,
          28.6715538
        ],
        [
          77.1383806,
          28.6714672
        ],
        [
          77.138532,
          28.6714097
        ],
        [
          77.1385747,
          28.6714964
        ],
        [
          77.1384234,
          28.6715538
        ]
      ]
    ]
  }
},
{
  "type": "Feature",
  "id": "way/350064962",
  "properties": {
    "building": "yes",
    "id": "way/350064962"
  },
  "geometry": {
    "type": "Polygon",
    "coordinates": [
      [
        [
          77.1245731,
          28.6740635
        ],
        [
          77.1245631,
          28.6740034
        ],
        [
          77.1247178,
          28.6739836
        ],
        [
          77.1247278,
          28.6740436
        ],
        [
          77.1245731,
          28.6740635
        ]
      ]
    ]
  }
},
{
  "type": "Feature",
  "id": "way/350064964",
  "properties": {
    "building": "yes",
    "id": "way/350064964"
  },
  "geometry": {
    "type": "Polygon",
    "coordinates": [
      [
        [
          77.1339938,
          28.6728758
        ],
        [
          77.1339355,
          28.6727191
        ],
        [
          77.1341405,
          28.6726604
        ],
        [
          77.1341988,
          28.6728171
        ],
        [
          77.1339938,
          28.6728758
        ]
      ]
    ]
  }
},
{
  "type": "Feature",
  "id": "way/350064966",
  "properties": {
    "building": "yes",
    "id": "way/350064966"
  },
  "geometry": {
    "type": "Polygon",
    "coordinates": [
      [
        [
          77.1358303,
          28.6740136
        ],
        [
          77.1358077,
          28.6737976
        ],
        [
          77.1359459,
          28.6737865
        ],
        [
          77.1359685,
          28.6740025
        ],
        [
          77.1358303,
          28.6740136
        ]
      ]
    ]
  }
},
{
  "type": "Feature",
  "id": "way/350064967",
  "properties": {
    "building": "yes",
    "id": "way/350064967"
  },
  "geometry": {
    "type": "Polygon",
    "coordinates": [
      [
        [
          77.1304194,
          28.6741448
        ],
        [
          77.1304634,
          28.6738543
        ],
        [
          77.1305484,
          28.6738647
        ],
        [
          77.1305417,
          28.6741473
        ],
        [
          77.1304194,
          28.6741448
        ]
      ]
    ]
  }
},
{
  "type": "Feature",
  "id": "way/350064968",
  "properties": {
    "building": "yes",
    "id": "way/350064968"
  },
  "geometry": {
    "type": "Polygon",
    "coordinates": [
      [
        [
          77.1350758,
          28.6738085
        ],
        [
          77.1350442,
          28.6736341
        ],
        [
          77.1351605,
          28.6736178
        ],
        [
          77.1351921,
          28.6737922
        ],
        [
          77.1350758,
          28.6738085
        ]
      ]
    ]
  }
},
{
  "type": "Feature",
  "id": "way/350064969",
  "properties": {
    "building": "yes",
    "id": "way/350064969"
  },
  "geometry": {
    "type": "Polygon",
    "coordinates": [
      [
        [
          77.1342883,
          28.6733696
        ],
        [
          77.1342332,
          28.6731937
        ],
        [
          77.1343214,
          28.6731725
        ],
        [
          77.1343765,
          28.6733483
        ],
        [
          77.1342883,
          28.6733696
        ]
      ]
    ]
  }
},
{
  "type": "Feature",
  "id": "way/350064970",
  "properties": {
    "building": "yes",
    "id": "way/350064970"
  },
  "geometry": {
    "type": "Polygon",
    "coordinates": [
      [
        [
          77.1322452,
          28.6733216
        ],
        [
          77.1322718,
          28.6731692
        ],
        [
          77.132431,
          28.6731906
        ],
        [
          77.1324044,
          28.673343
        ],
        [
          77.1322452,
          28.6733216
        ]
      ]
    ]
  }
},
{
  "type": "Feature",
  "id": "way/350064971",
  "properties": {
    "building": "yes",
    "id": "way/350064971"
  },
  "geometry": {
    "type": "Polygon",
    "coordinates": [
      [
        [
          77.1326859,
          28.6734706
        ],
        [
          77.1326513,
          28.6733993
        ],
        [
          77.1328126,
          28.673339
        ],
        [
          77.1328472,
          28.6734103
        ],
        [
          77.1326859,
          28.6734706
        ]
      ]
    ]
  }
},
{
  "type": "Feature",
  "id": "way/350064973",
  "properties": {
    "building": "yes",
    "id": "way/350064973"
  },
  "geometry": {
    "type": "Polygon",
    "coordinates": [
      [
        [
          77.131593,
          28.6735669
        ],
        [
          77.1314919,
          28.6734783
        ],
        [
          77.1314676,
          28.6734997
        ],
        [
          77.1314129,
          28.6734517
        ],
        [
          77.1314919,
          28.6733823
        ],
        [
          77.1316477,
          28.6735189
        ],
        [
          77.131593,
          28.6735669
        ]
      ]
    ]
  }
},
{
  "type": "Feature",
  "id": "way/350064975",
  "properties": {
    "building": "yes",
    "id": "way/350064975"
  },
  "geometry": {
    "type": "Polygon",
    "coordinates": [
      [
        [
          77.1337938,
          28.6719526
        ],
        [
          77.1339016,
          28.6720542
        ],
        [
          77.1338075,
          28.672131
        ],
        [
          77.1337551,
          28.6720817
        ],
        [
          77.1337394,
          28.6720946
        ],
        [
          77.1336839,
          28.6720423
        ],
        [
          77.1337938,
          28.6719526
        ]
      ]
    ]
  }
},
{
  "type": "Feature",
  "id": "way/350064976",
  "properties": {
    "building": "yes",
    "id": "way/350064976"
  },
  "geometry": {
    "type": "Polygon",
    "coordinates": [
      [
        [
          77.1299931,
          28.6740456
        ],
        [
          77.1302653,
          28.6738246
        ],
        [
          77.1304493,
          28.6738582
        ],
        [
          77.1303835,
          28.6741002
        ],
        [
          77.1302256,
          28.6740876
        ],
        [
          77.1301886,
          28.6741141
        ],
        [
          77.1299931,
          28.6740456
        ]
      ]
    ]
  }
},
{
  "type": "Feature",
  "id": "way/350064979",
  "properties": {
    "building": "yes",
    "id": "way/350064979"
  },
  "geometry": {
    "type": "Polygon",
    "coordinates": [
      [
        [
          77.1344793,
          28.6740654
        ],
        [
          77.1343739,
          28.6735161
        ],
        [
          77.1347371,
          28.6734426
        ],
        [
          77.1347876,
          28.6735777
        ],
        [
          77.1346822,
          28.6736744
        ],
        [
          77.1346135,
          28.6737921
        ],
        [
          77.1346486,
          28.6738146
        ],
        [
          77.1346828,
          28.6740354
        ],
        [
          77.1344793,
          28.6740654
        ]
      ]
    ]
  }
},
{
  "type": "Feature",
  "id": "way/350081114",
  "properties": {
    "building": "yes",
    "id": "way/350081114"
  },
  "geometry": {
    "type": "Polygon",
    "coordinates": [
      [
        [
          77.1258815,
          28.668837
        ],
        [
          77.1258751,
          28.6687698
        ],
        [
          77.1260784,
          28.668755
        ],
        [
          77.1260848,
          28.6688222
        ],
        [
          77.1258815,
          28.668837
        ]
      ]
    ]
  }
},
{
  "type": "Feature",
  "id": "way/350081118",
  "properties": {
    "building": "yes",
    "id": "way/350081118"
  },
  "geometry": {
    "type": "Polygon",
    "coordinates": [
      [
        [
          77.1258119,
          28.667357
        ],
        [
          77.1257888,
          28.6671363
        ],
        [
          77.1259146,
          28.6671261
        ],
        [
          77.1259378,
          28.6673469
        ],
        [
          77.1258119,
          28.667357
        ]
      ]
    ]
  }
},
{
  "type": "Feature",
  "id": "way/350081120",
  "properties": {
    "building": "yes",
    "id": "way/350081120"
  },
  "geometry": {
    "type": "Polygon",
    "coordinates": [
      [
        [
          77.129709,
          28.6743122
        ],
        [
          77.1297948,
          28.674226
        ],
        [
          77.1299633,
          28.6743551
        ],
        [
          77.1298775,
          28.6744414
        ],
        [
          77.129709,
          28.6743122
        ]
      ]
    ]
  }
},
{
  "type": "Feature",
  "id": "way/350081123",
  "properties": {
    "building": "yes",
    "id": "way/350081123"
  },
  "geometry": {
    "type": "Polygon",
    "coordinates": [
      [
        [
          77.1280311,
          28.6749811
        ],
        [
          77.1280018,
          28.674782
        ],
        [
          77.1281311,
          28.6747673
        ],
        [
          77.1281604,
          28.6749665
        ],
        [
          77.1280311,
          28.6749811
        ]
      ]
    ]
  }
},
{
  "type": "Feature",
  "id": "way/350081125",
  "properties": {
    "building": "yes",
    "id": "way/350081125"
  },
  "geometry": {
    "type": "Polygon",
    "coordinates": [
      [
        [
          77.1259865,
          28.667599
        ],
        [
          77.1259609,
          28.6673824
        ],
        [
          77.1261128,
          28.6673686
        ],
        [
          77.1261384,
          28.6675852
        ],
        [
          77.1259865,
          28.667599
        ]
      ]
    ]
  }
},
{
  "type": "Feature",
  "id": "way/350081126",
  "properties": {
    "building": "yes",
    "id": "way/350081126"
  },
  "geometry": {
    "type": "Polygon",
    "coordinates": [
      [
        [
          77.1269613,
          28.6693481
        ],
        [
          77.1269507,
          28.6692829
        ],
        [
          77.1271341,
          28.6692599
        ],
        [
          77.1271447,
          28.6693251
        ],
        [
          77.1269613,
          28.6693481
        ]
      ]
    ]
  }
},
{
  "type": "Feature",
  "id": "way/350081128",
  "properties": {
    "building": "yes",
    "id": "way/350081128"
  },
  "geometry": {
    "type": "Polygon",
    "coordinates": [
      [
        [
          77.1255451,
          28.6676526
        ],
        [
          77.1255315,
          28.6674844
        ],
        [
          77.125657,
          28.6674766
        ],
        [
          77.1256706,
          28.6676448
        ],
        [
          77.1255451,
          28.6676526
        ]
      ]
    ]
  }
},
{
  "type": "Feature",
  "id": "way/350081129",
  "properties": {
    "building": "yes",
    "id": "way/350081129"
  },
  "geometry": {
    "type": "Polygon",
    "coordinates": [
      [
        [
          77.1285984,
          28.6745613
        ],
        [
          77.1285665,
          28.6743483
        ],
        [
          77.1286934,
          28.6743336
        ],
        [
          77.1287253,
          28.6745466
        ],
        [
          77.1285984,
          28.6745613
        ]
      ]
    ]
  }
},
{
  "type": "Feature",
  "id": "way/350081130",
  "properties": {
    "building": "yes",
    "id": "way/350081130"
  },
  "geometry": {
    "type": "Polygon",
    "coordinates": [
      [
        [
          77.1265108,
          28.6668454
        ],
        [
          77.1264905,
          28.6666145
        ],
        [
          77.126622,
          28.6666056
        ],
        [
          77.1266423,
          28.6668365
        ],
        [
          77.1265108,
          28.6668454
        ]
      ]
    ]
  }
},
{
  "type": "Feature",
  "id": "way/350081133",
  "properties": {
    "building": "yes",
    "id": "way/350081133"
  },
  "geometry": {
    "type": "Polygon",
    "coordinates": [
      [
        [
          77.1259533,
          28.6673374
        ],
        [
          77.1259269,
          28.667123
        ],
        [
          77.1260622,
          28.6671102
        ],
        [
          77.1260885,
          28.6673246
        ],
        [
          77.1259533,
          28.6673374
        ]
      ]
    ]
  }
},
{
  "type": "Feature",
  "id": "way/350081136",
  "properties": {
    "building": "yes",
    "id": "way/350081136"
  },
  "geometry": {
    "type": "Polygon",
    "coordinates": [
      [
        [
          77.1253271,
          28.667371
        ],
        [
          77.1253128,
          28.6671846
        ],
        [
          77.1254422,
          28.667177
        ],
        [
          77.1254565,
          28.6673634
        ],
        [
          77.1253271,
          28.667371
        ]
      ]
    ]
  }
},
{
  "type": "Feature",
  "id": "way/350081138",
  "properties": {
    "building": "yes",
    "id": "way/350081138"
  },
  "geometry": {
    "type": "Polygon",
    "coordinates": [
      [
        [
          77.1275313,
          28.6747598
        ],
        [
          77.1274997,
          28.6745537
        ],
        [
          77.1276114,
          28.6745405
        ],
        [
          77.1276431,
          28.6747466
        ],
        [
          77.1275313,
          28.6747598
        ]
      ]
    ]
  }
},
{
  "type": "Feature",
  "id": "way/350081139",
  "properties": {
    "building": "yes",
    "id": "way/350081139"
  },
  "geometry": {
    "type": "Polygon",
    "coordinates": [
      [
        [
          77.1261706,
          28.6675831
        ],
        [
          77.1261459,
          28.6673918
        ],
        [
          77.12627,
          28.6673794
        ],
        [
          77.1262948,
          28.6675707
        ],
        [
          77.1261706,
          28.6675831
        ]
      ]
    ]
  }
},
{
  "type": "Feature",
  "id": "way/350081141",
  "properties": {
    "building": "yes",
    "id": "way/350081141"
  },
  "geometry": {
    "type": "Polygon",
    "coordinates": [
      [
        [
          77.1279809,
          28.6747046
        ],
        [
          77.1279538,
          28.6745064
        ],
        [
          77.1280753,
          28.6744936
        ],
        [
          77.1281024,
          28.6746918
        ],
        [
          77.1279809,
          28.6747046
        ]
      ]
    ]
  }
},
{
  "type": "Feature",
  "id": "way/350081146",
  "properties": {
    "building": "yes",
    "id": "way/350081146"
  },
  "geometry": {
    "type": "Polygon",
    "coordinates": [
      [
        [
          77.1272735,
          28.669795
        ],
        [
          77.1272579,
          28.669721
        ],
        [
          77.1274791,
          28.669685
        ],
        [
          77.1274947,
          28.669759
        ],
        [
          77.1272735,
          28.669795
        ]
      ]
    ]
  }
},
{
  "type": "Feature",
  "id": "way/350081147",
  "properties": {
    "building": "yes",
    "id": "way/350081147"
  },
  "geometry": {
    "type": "Polygon",
    "coordinates": [
      [
        [
          77.1299923,
          28.6744082
        ],
        [
          77.1300929,
          28.6742081
        ],
        [
          77.1302674,
          28.6742755
        ],
        [
          77.1301669,
          28.6744757
        ],
        [
          77.1299923,
          28.6744082
        ]
      ]
    ]
  }
},
{
  "type": "Feature",
  "id": "way/350081152",
  "properties": {
    "building": "yes",
    "id": "way/350081152"
  },
  "geometry": {
    "type": "Polygon",
    "coordinates": [
      [
        [
          77.1258685,
          28.6687558
        ],
        [
          77.1258625,
          28.6686734
        ],
        [
          77.1260714,
          28.6686615
        ],
        [
          77.1260775,
          28.6687439
        ],
        [
          77.1258685,
          28.6687558
        ]
      ]
    ]
  }
},
{
  "type": "Feature",
  "id": "way/350081155",
  "properties": {
    "building": "yes",
    "id": "way/350081155"
  },
  "geometry": {
    "type": "Polygon",
    "coordinates": [
      [
        [
          77.1273427,
          28.6747757
        ],
        [
          77.1273224,
          28.6745745
        ],
        [
          77.1274559,
          28.6745641
        ],
        [
          77.1274762,
          28.6747653
        ],
        [
          77.1273427,
          28.6747757
        ]
      ]
    ]
  }
},
{
  "type": "Feature",
  "id": "way/350081156",
  "properties": {
    "building": "yes",
    "id": "way/350081156"
  },
  "geometry": {
    "type": "Polygon",
    "coordinates": [
      [
        [
          77.1303916,
          28.6746618
        ],
        [
          77.1303622,
          28.6744339
        ],
        [
          77.1307123,
          28.6743992
        ],
        [
          77.1307416,
          28.6746271
        ],
        [
          77.1303916,
          28.6746618
        ]
      ]
    ]
  }
},
{
  "type": "Feature",
  "id": "way/350081157",
  "properties": {
    "building": "yes",
    "id": "way/350081157"
  },
  "geometry": {
    "type": "Polygon",
    "coordinates": [
      [
        [
          77.1263016,
          28.6675565
        ],
        [
          77.1262801,
          28.6673715
        ],
        [
          77.1264066,
          28.6673601
        ],
        [
          77.1264281,
          28.6675451
        ],
        [
          77.1263016,
          28.6675565
        ]
      ]
    ]
  }
},
{
  "type": "Feature",
  "id": "way/350081164",
  "properties": {
    "building": "yes",
    "id": "way/350081164"
  },
  "geometry": {
    "type": "Polygon",
    "coordinates": [
      [
        [
          77.1261244,
          28.6687399
        ],
        [
          77.126114,
          28.6686546
        ],
        [
          77.1263111,
          28.6686362
        ],
        [
          77.1263214,
          28.6687216
        ],
        [
          77.1261244,
          28.6687399
        ]
      ]
    ]
  }
},
{
  "type": "Feature",
  "id": "way/350081171",
  "properties": {
    "building": "yes",
    "id": "way/350081171"
  },
  "geometry": {
    "type": "Polygon",
    "coordinates": [
      [
        [
          77.1297655,
          28.6741814
        ],
        [
          77.1299304,
          28.6740695
        ],
        [
          77.1300527,
          28.6741491
        ],
        [
          77.1299793,
          28.6743513
        ],
        [
          77.1297655,
          28.6741814
        ]
      ]
    ]
  }
},
{
  "type": "Feature",
  "id": "way/350081172",
  "properties": {
    "building": "yes",
    "id": "way/350081172"
  },
  "geometry": {
    "type": "Polygon",
    "coordinates": [
      [
        [
          77.1252018,
          28.6674243
        ],
        [
          77.1251802,
          28.6672141
        ],
        [
          77.1252973,
          28.6672048
        ],
        [
          77.1253189,
          28.667415
        ],
        [
          77.1252018,
          28.6674243
        ]
      ]
    ]
  }
},
{
  "type": "Feature",
  "id": "way/350081175",
  "properties": {
    "building": "yes",
    "id": "way/350081175"
  },
  "geometry": {
    "type": "Polygon",
    "coordinates": [
      [
        [
          77.1276692,
          28.6747414
        ],
        [
          77.1276387,
          28.6745194
        ],
        [
          77.127801,
          28.6745023
        ],
        [
          77.1278315,
          28.6747242
        ],
        [
          77.1276692,
          28.6747414
        ]
      ]
    ]
  }
},
{
  "type": "Feature",
  "id": "way/350081178",
  "properties": {
    "building": "yes",
    "id": "way/350081178"
  },
  "geometry": {
    "type": "Polygon",
    "coordinates": [
      [
        [
          77.1303824,
          28.674392
        ],
        [
          77.1304095,
          28.6742235
        ],
        [
          77.1305394,
          28.6742396
        ],
        [
          77.1305281,
          28.6743833
        ],
        [
          77.1303824,
          28.674392
        ]
      ]
    ]
  }
},
{
  "type": "Feature",
  "id": "way/350081180",
  "properties": {
    "building": "yes",
    "id": "way/350081180"
  },
  "geometry": {
    "type": "Polygon",
    "coordinates": [
      [
        [
          77.1260962,
          28.6673101
        ],
        [
          77.1260795,
          28.6670935
        ],
        [
          77.1262068,
          28.6670859
        ],
        [
          77.1262236,
          28.6673025
        ],
        [
          77.1260962,
          28.6673101
        ]
      ]
    ]
  }
},
{
  "type": "Feature",
  "id": "way/350081183",
  "properties": {
    "building": "yes",
    "id": "way/350081183"
  },
  "geometry": {
    "type": "Polygon",
    "coordinates": [
      [
        [
          77.125506,
          28.6673724
        ],
        [
          77.1254813,
          28.6671559
        ],
        [
          77.125596,
          28.6671458
        ],
        [
          77.1256208,
          28.6673623
        ],
        [
          77.125506,
          28.6673724
        ]
      ]
    ]
  }
},
{
  "type": "Feature",
  "id": "way/350081185",
  "properties": {
    "building": "yes",
    "id": "way/350081185"
  },
  "geometry": {
    "type": "Polygon",
    "coordinates": [
      [
        [
          77.1287485,
          28.6746047
        ],
        [
          77.1287182,
          28.6744057
        ],
        [
          77.1288832,
          28.6743864
        ],
        [
          77.1289135,
          28.6745854
        ],
        [
          77.1287485,
          28.6746047
        ]
      ]
    ]
  }
},
{
  "type": "Feature",
  "id": "way/350081187",
  "properties": {
    "building": "yes",
    "id": "way/350081187"
  },
  "geometry": {
    "type": "Polygon",
    "coordinates": [
      [
        [
          77.127316,
          28.6699937
        ],
        [
          77.1272979,
          28.669908
        ],
        [
          77.1274861,
          28.6698773
        ],
        [
          77.1275042,
          28.669963
        ],
        [
          77.127316,
          28.6699937
        ]
      ]
    ]
  }
},
{
  "type": "Feature",
  "id": "way/350081189",
  "properties": {
    "building": "yes",
    "id": "way/350081189"
  },
  "geometry": {
    "type": "Polygon",
    "coordinates": [
      [
        [
          77.1306743,
          28.6743479
        ],
        [
          77.1306711,
          28.6742281
        ],
        [
          77.1307631,
          28.6742262
        ],
        [
          77.1307663,
          28.6743461
        ],
        [
          77.1306743,
          28.6743479
        ]
      ]
    ]
  }
},
{
  "type": "Feature",
  "id": "way/350081191",
  "properties": {
    "building": "yes",
    "id": "way/350081191"
  },
  "geometry": {
    "type": "Polygon",
    "coordinates": [
      [
        [
          77.127225,
          28.6694274
        ],
        [
          77.1272067,
          28.6693411
        ],
        [
          77.1274011,
          28.6693095
        ],
        [
          77.1274194,
          28.6693958
        ],
        [
          77.127225,
          28.6694274
        ]
      ]
    ]
  }
},
{
  "type": "Feature",
  "id": "way/350081193",
  "properties": {
    "building": "yes",
    "id": "way/350081193"
  },
  "geometry": {
    "type": "Polygon",
    "coordinates": [
      [
        [
          77.1262647,
          28.6673059
        ],
        [
          77.1262472,
          28.6670991
        ],
        [
          77.1264183,
          28.6670879
        ],
        [
          77.1264359,
          28.6672947
        ],
        [
          77.1262647,
          28.6673059
        ]
      ]
    ]
  }
},
{
  "type": "Feature",
  "id": "way/350081196",
  "properties": {
    "building": "yes",
    "id": "way/350081196"
  },
  "geometry": {
    "type": "Polygon",
    "coordinates": [
      [
        [
          77.1256418,
          28.6673507
        ],
        [
          77.1256163,
          28.6671475
        ],
        [
          77.1257611,
          28.6671335
        ],
        [
          77.1257866,
          28.6673367
        ],
        [
          77.1256418,
          28.6673507
        ]
      ]
    ]
  }
},
{
  "type": "Feature",
  "id": "way/350081200",
  "properties": {
    "building": "yes",
    "id": "way/350081200"
  },
  "geometry": {
    "type": "Polygon",
    "coordinates": [
      [
        [
          77.1300239,
          28.674687
        ],
        [
          77.1300002,
          28.6745145
        ],
        [
          77.1301024,
          28.6745037
        ],
        [
          77.1301261,
          28.6746761
        ],
        [
          77.1300239,
          28.674687
        ]
      ]
    ]
  }
},
{
  "type": "Feature",
  "id": "way/350081212",
  "properties": {
    "building": "yes",
    "id": "way/350081212"
  },
  "geometry": {
    "type": "Polygon",
    "coordinates": [
      [
        [
          77.1271905,
          28.6692104
        ],
        [
          77.127174,
          28.6691319
        ],
        [
          77.1273859,
          28.6690974
        ],
        [
          77.1274025,
          28.6691759
        ],
        [
          77.1271905,
          28.6692104
        ]
      ]
    ]
  }
},
{
  "type": "Feature",
  "id": "way/350081217",
  "properties": {
    "building": "yes",
    "id": "way/350081217"
  },
  "geometry": {
    "type": "Polygon",
    "coordinates": [
      [
        [
          77.1258449,
          28.674549
        ],
        [
          77.1258225,
          28.6743206
        ],
        [
          77.1259889,
          28.674308
        ],
        [
          77.1260113,
          28.6745365
        ],
        [
          77.1258449,
          28.674549
        ]
      ]
    ]
  }
},
{
  "type": "Feature",
  "id": "way/350081218",
  "properties": {
    "building": "yes",
    "id": "way/350081218"
  },
  "geometry": {
    "type": "Polygon",
    "coordinates": [
      [
        [
          77.1272498,
          28.6695998
        ],
        [
          77.1272337,
          28.6695235
        ],
        [
          77.1274407,
          28.6694898
        ],
        [
          77.1274568,
          28.6695661
        ],
        [
          77.1272498,
          28.6695998
        ]
      ]
    ]
  }
},
{
  "type": "Feature",
  "id": "way/350081219",
  "properties": {
    "building": "yes",
    "id": "way/350081219"
  },
  "geometry": {
    "type": "Polygon",
    "coordinates": [
      [
        [
          77.1296403,
          28.6737748
        ],
        [
          77.12959,
          28.6735583
        ],
        [
          77.1297561,
          28.673592
        ],
        [
          77.1297649,
          28.6737371
        ],
        [
          77.1296403,
          28.6737748
        ]
      ]
    ]
  }
},
{
  "type": "Feature",
  "id": "way/350081231",
  "properties": {
    "building": "yes",
    "id": "way/350081231"
  },
  "geometry": {
    "type": "Polygon",
    "coordinates": [
      [
        [
          77.1307837,
          28.6743451
        ],
        [
          77.1307741,
          28.6742239
        ],
        [
          77.1308614,
          28.6742186
        ],
        [
          77.1308709,
          28.6743398
        ],
        [
          77.1307837,
          28.6743451
        ]
      ]
    ]
  }
},
{
  "type": "Feature",
  "id": "way/350081235",
  "properties": {
    "building": "yes",
    "id": "way/350081235"
  },
  "geometry": {
    "type": "Polygon",
    "coordinates": [
      [
        [
          77.1264532,
          28.6672947
        ],
        [
          77.1264285,
          28.6670907
        ],
        [
          77.1266872,
          28.6670666
        ],
        [
          77.1267119,
          28.6672705
        ],
        [
          77.1264532,
          28.6672947
        ]
      ]
    ]
  }
},
{
  "type": "Feature",
  "id": "way/350081240",
  "properties": {
    "building": "yes",
    "id": "way/350081240"
  },
  "geometry": {
    "type": "Polygon",
    "coordinates": [
      [
        [
          77.1261102,
          28.6686468
        ],
        [
          77.1261011,
          28.6685602
        ],
        [
          77.1262959,
          28.6685443
        ],
        [
          77.1263051,
          28.6686309
        ],
        [
          77.1261102,
          28.6686468
        ]
      ]
    ]
  }
},
{
  "type": "Feature",
  "id": "way/350081245",
  "properties": {
    "building": "yes",
    "id": "way/350081245"
  },
  "geometry": {
    "type": "Polygon",
    "coordinates": [
      [
        [
          77.128507,
          28.6749876
        ],
        [
          77.1284682,
          28.6747364
        ],
        [
          77.1285944,
          28.6747214
        ],
        [
          77.1286332,
          28.6749726
        ],
        [
          77.128507,
          28.6749876
        ]
      ]
    ]
  }
},
{
  "type": "Feature",
  "id": "way/350081251",
  "properties": {
    "building": "yes",
    "id": "way/350081251"
  },
  "geometry": {
    "type": "Polygon",
    "coordinates": [
      [
        [
          77.1259069,
          28.6669355
        ],
        [
          77.1258923,
          28.6667185
        ],
        [
          77.1260106,
          28.6667123
        ],
        [
          77.1260253,
          28.6669294
        ],
        [
          77.1259069,
          28.6669355
        ]
      ]
    ]
  }
},
{
  "type": "Feature",
  "id": "way/350081253",
  "properties": {
    "building": "yes",
    "id": "way/350081253"
  },
  "geometry": {
    "type": "Polygon",
    "coordinates": [
      [
        [
          77.1256777,
          28.6676239
        ],
        [
          77.1256616,
          28.6674398
        ],
        [
          77.1257753,
          28.6674322
        ],
        [
          77.1257914,
          28.6676162
        ],
        [
          77.1256777,
          28.6676239
        ]
      ]
    ]
  }
},
{
  "type": "Feature",
  "id": "way/350081263",
  "properties": {
    "building": "yes",
    "id": "way/350081263"
  },
  "geometry": {
    "type": "Polygon",
    "coordinates": [
      [
        [
          77.1251843,
          28.6677315
        ],
        [
          77.1251576,
          28.6674965
        ],
        [
          77.1253189,
          28.6674824
        ],
        [
          77.1253456,
          28.6677174
        ],
        [
          77.1251843,
          28.6677315
        ]
      ]
    ]
  }
},
{
  "type": "Feature",
  "id": "way/350081265",
  "properties": {
    "building": "yes",
    "id": "way/350081265"
  },
  "geometry": {
    "type": "Polygon",
    "coordinates": [
      [
        [
          77.1299529,
          28.6739783
        ],
        [
          77.1298782,
          28.6738667
        ],
        [
          77.1301899,
          28.6737498
        ],
        [
          77.1302092,
          28.6737732
        ],
        [
          77.1299529,
          28.6739783
        ]
      ]
    ]
  }
},
{
  "type": "Feature",
  "id": "way/350081269",
  "properties": {
    "building": "yes",
    "id": "way/350081269"
  },
  "geometry": {
    "type": "Polygon",
    "coordinates": [
      [
        [
          77.1267333,
          28.6672758
        ],
        [
          77.1267006,
          28.6670557
        ],
        [
          77.1268313,
          28.6670408
        ],
        [
          77.126864,
          28.6672608
        ],
        [
          77.1267333,
          28.6672758
        ]
      ]
    ]
  }
},
{
  "type": "Feature",
  "id": "way/350081278",
  "properties": {
    "building": "yes",
    "id": "way/350081278"
  },
  "geometry": {
    "type": "Polygon",
    "coordinates": [
      [
        [
          77.1305473,
          28.6743676
        ],
        [
          77.1305497,
          28.6742386
        ],
        [
          77.1306566,
          28.6742402
        ],
        [
          77.1306542,
          28.6743691
        ],
        [
          77.1305473,
          28.6743676
        ]
      ]
    ]
  }
},
{
  "type": "Feature",
  "id": "way/350081280",
  "properties": {
    "building": "yes",
    "id": "way/350081280"
  },
  "geometry": {
    "type": "Polygon",
    "coordinates": [
      [
        [
          77.1258595,
          28.6686651
        ],
        [
          77.1258539,
          28.6686077
        ],
        [
          77.1260583,
          28.6685924
        ],
        [
          77.1260639,
          28.6686497
        ],
        [
          77.1258595,
          28.6686651
        ]
      ]
    ]
  }
},
{
  "type": "Feature",
  "id": "way/350081284",
  "properties": {
    "building": "yes",
    "id": "way/350081284"
  },
  "geometry": {
    "type": "Polygon",
    "coordinates": [
      [
        [
          77.1281774,
          28.6749766
        ],
        [
          77.1281531,
          28.6747552
        ],
        [
          77.1283005,
          28.6747428
        ],
        [
          77.1283248,
          28.6749641
        ],
        [
          77.1281774,
          28.6749766
        ]
      ]
    ]
  }
},
{
  "type": "Feature",
  "id": "way/350081289",
  "properties": {
    "building": "yes",
    "id": "way/350081289"
  },
  "geometry": {
    "type": "Polygon",
    "coordinates": [
      [
        [
          77.1258627,
          28.6676004
        ],
        [
          77.1258316,
          28.6673908
        ],
        [
          77.1259458,
          28.6673778
        ],
        [
          77.1259769,
          28.6675873
        ],
        [
          77.1258627,
          28.6676004
        ]
      ]
    ]
  }
},
{
  "type": "Feature",
  "id": "way/350081291",
  "properties": {
    "building": "yes",
    "id": "way/350081291"
  },
  "geometry": {
    "type": "Polygon",
    "coordinates": [
      [
        [
          77.1287933,
          28.6748906
        ],
        [
          77.1287645,
          28.6746412
        ],
        [
          77.1288991,
          28.6746292
        ],
        [
          77.1289279,
          28.6748787
        ],
        [
          77.1287933,
          28.6748906
        ]
      ]
    ]
  }
},
{
  "type": "Feature",
  "id": "way/350081295",
  "properties": {
    "building": "yes",
    "id": "way/350081295"
  },
  "geometry": {
    "type": "Polygon",
    "coordinates": [
      [
        [
          77.126382,
          28.6668643
        ],
        [
          77.1263583,
          28.6666185
        ],
        [
          77.1264764,
          28.6666097
        ],
        [
          77.1265001,
          28.6668555
        ],
        [
          77.126382,
          28.6668643
        ]
      ]
    ]
  }
},
{
  "type": "Feature",
  "id": "way/350081301",
  "properties": {
    "building": "yes",
    "id": "way/350081301"
  },
  "geometry": {
    "type": "Polygon",
    "coordinates": [
      [
        [
          77.1272329,
          28.6695106
        ],
        [
          77.1272177,
          28.6694389
        ],
        [
          77.1274283,
          28.6694046
        ],
        [
          77.1274434,
          28.6694764
        ],
        [
          77.1272329,
          28.6695106
        ]
      ]
    ]
  }
},
{
  "type": "Feature",
  "id": "way/350081307",
  "properties": {
    "building": "yes",
    "id": "way/350081307"
  },
  "geometry": {
    "type": "Polygon",
    "coordinates": [
      [
        [
          77.1307493,
          28.6745
        ],
        [
          77.130734,
          28.6743575
        ],
        [
          77.1308263,
          28.6743499
        ],
        [
          77.1308417,
          28.6744923
        ],
        [
          77.1307493,
          28.6745
        ]
      ]
    ]
  }
},
{
  "type": "Feature",
  "id": "way/350081311",
  "properties": {
    "building": "yes",
    "id": "way/350081311"
  },
  "geometry": {
    "type": "Polygon",
    "coordinates": [
      [
        [
          77.1283112,
          28.674666
        ],
        [
          77.128283,
          28.6744758
        ],
        [
          77.1285487,
          28.6744454
        ],
        [
          77.128577,
          28.6746357
        ],
        [
          77.1283112,
          28.674666
        ]
      ]
    ]
  }
},
{
  "type": "Feature",
  "id": "way/350081318",
  "properties": {
    "building": "yes",
    "id": "way/350081318"
  },
  "geometry": {
    "type": "Polygon",
    "coordinates": [
      [
        [
          77.1266678,
          28.6668296
        ],
        [
          77.1266497,
          28.6666115
        ],
        [
          77.1268013,
          28.6666019
        ],
        [
          77.1268194,
          28.6668199
        ],
        [
          77.1266678,
          28.6668296
        ]
      ]
    ]
  }
},
{
  "type": "Feature",
  "id": "way/350081319",
  "properties": {
    "building": "yes",
    "id": "way/350081319"
  },
  "geometry": {
    "type": "Polygon",
    "coordinates": [
      [
        [
          77.1271928,
          28.6691172
        ],
        [
          77.1271744,
          28.66903
        ],
        [
          77.1273509,
          28.6690013
        ],
        [
          77.1273694,
          28.6690885
        ],
        [
          77.1271928,
          28.6691172
        ]
      ]
    ]
  }
},
{
  "type": "Feature",
  "id": "way/350081326",
  "properties": {
    "building": "yes",
    "id": "way/350081326"
  },
  "geometry": {
    "type": "Polygon",
    "coordinates": [
      [
        [
          77.1272667,
          28.6697068
        ],
        [
          77.1272481,
          28.6696187
        ],
        [
          77.1274554,
          28.669585
        ],
        [
          77.127474,
          28.6696731
        ],
        [
          77.1272667,
          28.6697068
        ]
      ]
    ]
  }
},
{
  "type": "Feature",
  "id": "way/350081327",
  "properties": {
    "building": "yes",
    "id": "way/350081327"
  },
  "geometry": {
    "type": "Polygon",
    "coordinates": [
      [
        [
          77.1281418,
          28.6746868
        ],
        [
          77.1281136,
          28.6744817
        ],
        [
          77.1282342,
          28.6744689
        ],
        [
          77.1282625,
          28.674674
        ],
        [
          77.1281418,
          28.6746868
        ]
      ]
    ]
  }
},
{
  "type": "Feature",
  "id": "way/350081329",
  "properties": {
    "building": "yes",
    "id": "way/350081329"
  },
  "geometry": {
    "type": "Polygon",
    "coordinates": [
      [
        [
          77.1257432,
          28.6669563
        ],
        [
          77.1257353,
          28.6667304
        ],
        [
          77.1258774,
          28.6667266
        ],
        [
          77.1258853,
          28.6669525
        ],
        [
          77.1257432,
          28.6669563
        ]
      ]
    ]
  }
},
{
  "type": "Feature",
  "id": "way/350081348",
  "properties": {
    "building": "yes",
    "id": "way/350081348"
  },
  "geometry": {
    "type": "Polygon",
    "coordinates": [
      [
        [
          77.1269387,
          28.6692728
        ],
        [
          77.1269246,
          28.6691862
        ],
        [
          77.1271273,
          28.6691608
        ],
        [
          77.1271414,
          28.6692474
        ],
        [
          77.1269387,
          28.6692728
        ]
      ]
    ]
  }
},
{
  "type": "Feature",
  "id": "way/350081352",
  "properties": {
    "building": "yes",
    "id": "way/350081352"
  },
  "geometry": {
    "type": "Polygon",
    "coordinates": [
      [
        [
          77.1272968,
          28.6698991
        ],
        [
          77.1272764,
          28.6698027
        ],
        [
          77.1274765,
          28.6697701
        ],
        [
          77.1274969,
          28.6698665
        ],
        [
          77.1272968,
          28.6698991
        ]
      ]
    ]
  }
},
{
  "type": "Feature",
  "id": "way/350081354",
  "properties": {
    "building": "yes",
    "id": "way/350081354"
  },
  "geometry": {
    "type": "Polygon",
    "coordinates": [
      [
        [
          77.1295659,
          28.6740612
        ],
        [
          77.1298134,
          28.6739313
        ],
        [
          77.12988,
          28.6740291
        ],
        [
          77.1296326,
          28.6741589
        ],
        [
          77.1295659,
          28.6740612
        ]
      ]
    ]
  }
},
{
  "type": "Feature",
  "id": "way/350081356",
  "properties": {
    "building": "yes",
    "id": "way/350081356"
  },
  "geometry": {
    "type": "Polygon",
    "coordinates": [
      [
        [
          77.1283417,
          28.6749296
        ],
        [
          77.1283395,
          28.6747314
        ],
        [
          77.1284197,
          28.6747307
        ],
        [
          77.128422,
          28.6749289
        ],
        [
          77.1283417,
          28.6749296
        ]
      ]
    ]
  }
},
{
  "type": "Feature",
  "id": "way/350081358",
  "properties": {
    "building": "yes",
    "id": "way/350081358"
  },
  "geometry": {
    "type": "Polygon",
    "coordinates": [
      [
        [
          77.1272058,
          28.6693319
        ],
        [
          77.1271884,
          28.6692497
        ],
        [
          77.1273865,
          28.6692174
        ],
        [
          77.1274039,
          28.6692997
        ],
        [
          77.1272058,
          28.6693319
        ]
      ]
    ]
  }
},
{
  "type": "Feature",
  "id": "way/350081363",
  "properties": {
    "building": "yes",
    "id": "way/350081363"
  },
  "geometry": {
    "type": "Polygon",
    "coordinates": [
      [
        [
          77.1253732,
          28.6676819
        ],
        [
          77.1253518,
          28.6674874
        ],
        [
          77.1254907,
          28.6674757
        ],
        [
          77.1255121,
          28.6676702
        ],
        [
          77.1253732,
          28.6676819
        ]
      ]
    ]
  }
},
{
  "type": "Feature",
  "id": "way/350501247",
  "properties": {
    "building": "yes",
    "id": "way/350501247"
  },
  "geometry": {
    "type": "Polygon",
    "coordinates": [
      [
        [
          77.12768,
          28.6742293
        ],
        [
          77.1275805,
          28.674241
        ],
        [
          77.1275771,
          28.6742189
        ],
        [
          77.1275047,
          28.6742273
        ],
        [
          77.1274935,
          28.6741544
        ],
        [
          77.1275501,
          28.6741477
        ],
        [
          77.1275438,
          28.6741065
        ],
        [
          77.1274934,
          28.6741124
        ],
        [
          77.1274713,
          28.6739678
        ],
        [
          77.1275211,
          28.673962
        ],
        [
          77.1275146,
          28.6739193
        ],
        [
          77.1274587,
          28.6739259
        ],
        [
          77.127448,
          28.6738553
        ],
        [
          77.1275133,
          28.6738476
        ],
        [
          77.1275101,
          28.6738266
        ],
        [
          77.1276168,
          28.6738141
        ],
        [
          77.12768,
          28.6742293
        ]
      ]
    ]
  }
},
{
  "type": "Feature",
  "id": "way/350501248",
  "properties": {
    "building": "yes",
    "id": "way/350501248"
  },
  "geometry": {
    "type": "Polygon",
    "coordinates": [
      [
        [
          77.1301409,
          28.6731488
        ],
        [
          77.1301132,
          28.6730854
        ],
        [
          77.1302295,
          28.6730463
        ],
        [
          77.1302572,
          28.6731097
        ],
        [
          77.1301409,
          28.6731488
        ]
      ]
    ]
  }
},
{
  "type": "Feature",
  "id": "way/350501249",
  "properties": {
    "building": "yes",
    "id": "way/350501249"
  },
  "geometry": {
    "type": "Polygon",
    "coordinates": [
      [
        [
          77.1246187,
          28.6690064
        ],
        [
          77.1246063,
          28.6689056
        ],
        [
          77.1248275,
          28.6688846
        ],
        [
          77.1248399,
          28.6689854
        ],
        [
          77.1246187,
          28.6690064
        ]
      ]
    ]
  }
},
{
  "type": "Feature",
  "id": "way/350501250",
  "properties": {
    "building": "yes",
    "id": "way/350501250"
  },
  "geometry": {
    "type": "Polygon",
    "coordinates": [
      [
        [
          77.1249094,
          28.6690571
        ],
        [
          77.1248986,
          28.6689731
        ],
        [
          77.1251127,
          28.6689521
        ],
        [
          77.1251234,
          28.6690361
        ],
        [
          77.1249094,
          28.6690571
        ]
      ]
    ]
  }
},
{
  "type": "Feature",
  "id": "way/350501251",
  "properties": {
    "building": "yes",
    "id": "way/350501251"
  },
  "geometry": {
    "type": "Polygon",
    "coordinates": [
      [
        [
          77.1276212,
          28.6697349
        ],
        [
          77.1276032,
          28.6695555
        ],
        [
          77.1278204,
          28.6695387
        ],
        [
          77.1278385,
          28.6697181
        ],
        [
          77.1276212,
          28.6697349
        ]
      ]
    ]
  }
},
{
  "type": "Feature",
  "id": "way/350501252",
  "properties": {
    "building": "yes",
    "id": "way/350501252"
  },
  "geometry": {
    "type": "Polygon",
    "coordinates": [
      [
        [
          77.124696,
          28.6736643
        ],
        [
          77.1246877,
          28.6735885
        ],
        [
          77.1248701,
          28.6735732
        ],
        [
          77.1248784,
          28.673649
        ],
        [
          77.124696,
          28.6736643
        ]
      ]
    ]
  }
},
{
  "type": "Feature",
  "id": "way/350501253",
  "properties": {
    "building": "yes",
    "id": "way/350501253"
  },
  "geometry": {
    "type": "Polygon",
    "coordinates": [
      [
        [
          77.1292669,
          28.6725746
        ],
        [
          77.129242,
          28.6724081
        ],
        [
          77.1293848,
          28.6723917
        ],
        [
          77.1294097,
          28.6725582
        ],
        [
          77.1292669,
          28.6725746
        ]
      ]
    ]
  }
},
{
  "type": "Feature",
  "id": "way/350501254",
  "properties": {
    "building": "yes",
    "id": "way/350501254"
  },
  "geometry": {
    "type": "Polygon",
    "coordinates": [
      [
        [
          77.1292247,
          28.6722271
        ],
        [
          77.1292158,
          28.6721364
        ],
        [
          77.129453,
          28.6721186
        ],
        [
          77.1294618,
          28.6722093
        ],
        [
          77.1292247,
          28.6722271
        ]
      ]
    ]
  }
},
{
  "type": "Feature",
  "id": "way/350501255",
  "properties": {
    "building": "yes",
    "id": "way/350501255"
  },
  "geometry": {
    "type": "Polygon",
    "coordinates": [
      [
        [
          77.1255365,
          28.6688044
        ],
        [
          77.1257133,
          28.6687895
        ],
        [
          77.1257225,
          28.6688743
        ],
        [
          77.1255458,
          28.6688892
        ],
        [
          77.1255365,
          28.6688044
        ]
      ]
    ]
  }
},
{
  "type": "Feature",
  "id": "way/350501256",
  "properties": {
    "building": "yes",
    "id": "way/350501256"
  },
  "geometry": {
    "type": "Polygon",
    "coordinates": [
      [
        [
          77.125781,
          28.6739771
        ],
        [
          77.1257668,
          28.6738976
        ],
        [
          77.125969,
          28.6738698
        ],
        [
          77.1259832,
          28.6739494
        ],
        [
          77.125781,
          28.6739771
        ]
      ]
    ]
  }
},
{
  "type": "Feature",
  "id": "way/350501257",
  "properties": {
    "building": "yes",
    "id": "way/350501257"
  },
  "geometry": {
    "type": "Polygon",
    "coordinates": [
      [
        [
          77.1253786,
          28.6680459
        ],
        [
          77.125365,
          28.6679438
        ],
        [
          77.1255823,
          28.6679216
        ],
        [
          77.1255958,
          28.6680238
        ],
        [
          77.1253786,
          28.6680459
        ]
      ]
    ]
  }
},
{
  "type": "Feature",
  "id": "way/350501258",
  "properties": {
    "building": "yes",
    "id": "way/350501258"
  },
  "geometry": {
    "type": "Polygon",
    "coordinates": [
      [
        [
          77.1271297,
          28.6705436
        ],
        [
          77.1271223,
          28.6704548
        ],
        [
          77.1273332,
          28.6704413
        ],
        [
          77.1273406,
          28.6705301
        ],
        [
          77.1271297,
          28.6705436
        ]
      ]
    ]
  }
},
{
  "type": "Feature",
  "id": "way/350501259",
  "properties": {
    "building": "yes",
    "id": "way/350501259"
  },
  "geometry": {
    "type": "Polygon",
    "coordinates": [
      [
        [
          77.124453,
          28.6677802
        ],
        [
          77.1244354,
          28.6675763
        ],
        [
          77.1245579,
          28.6675682
        ],
        [
          77.1245755,
          28.6677721
        ],
        [
          77.124453,
          28.6677802
        ]
      ]
    ]
  }
},
{
  "type": "Feature",
  "id": "way/350501260",
  "properties": {
    "building": "yes",
    "id": "way/350501260"
  },
  "geometry": {
    "type": "Polygon",
    "coordinates": [
      [
        [
          77.1304144,
          28.673683
        ],
        [
          77.1303824,
          28.6735828
        ],
        [
          77.1304689,
          28.6735616
        ],
        [
          77.1305008,
          28.6736618
        ],
        [
          77.1304144,
          28.673683
        ]
      ]
    ]
  }
},
{
  "type": "Feature",
  "id": "way/350501261",
  "properties": {
    "building": "yes",
    "id": "way/350501261"
  },
  "geometry": {
    "type": "Polygon",
    "coordinates": [
      [
        [
          77.1247734,
          28.667742
        ],
        [
          77.1247542,
          28.667516
        ],
        [
          77.1248642,
          28.6675088
        ],
        [
          77.1248834,
          28.6677348
        ],
        [
          77.1247734,
          28.667742
        ]
      ]
    ]
  }
},
{
  "type": "Feature",
  "id": "way/350501262",
  "properties": {
    "building": "yes",
    "id": "way/350501262"
  },
  "geometry": {
    "type": "Polygon",
    "coordinates": [
      [
        [
          77.126393,
          28.6697802
        ],
        [
          77.1263827,
          28.6697001
        ],
        [
          77.1265824,
          28.6696804
        ],
        [
          77.1265926,
          28.6697606
        ],
        [
          77.126393,
          28.6697802
        ]
      ]
    ]
  }
},
{
  "type": "Feature",
  "id": "way/350501264",
  "properties": {
    "building": "yes",
    "id": "way/350501264"
  },
  "geometry": {
    "type": "Polygon",
    "coordinates": [
      [
        [
          77.1252736,
          28.6689196
        ],
        [
          77.1252612,
          28.6688359
        ],
        [
          77.1254397,
          28.6688156
        ],
        [
          77.125452,
          28.6688993
        ],
        [
          77.1252736,
          28.6689196
        ]
      ]
    ]
  }
},
{
  "type": "Feature",
  "id": "way/350501265",
  "properties": {
    "building": "yes",
    "id": "way/350501265"
  },
  "geometry": {
    "type": "Polygon",
    "coordinates": [
      [
        [
          77.1263003,
          28.6738636
        ],
        [
          77.1262846,
          28.6737647
        ],
        [
          77.1264507,
          28.6737443
        ],
        [
          77.1264664,
          28.6738433
        ],
        [
          77.1263003,
          28.6738636
        ]
      ]
    ]
  }
},
{
  "type": "Feature",
  "id": "way/350501266",
  "properties": {
    "building": "yes",
    "id": "way/350501266"
  },
  "geometry": {
    "type": "Polygon",
    "coordinates": [
      [
        [
          77.1265597,
          28.6692075
        ],
        [
          77.1265483,
          28.6690954
        ],
        [
          77.1267382,
          28.6690805
        ],
        [
          77.1267497,
          28.6691925
        ],
        [
          77.1265597,
          28.6692075
        ]
      ]
    ]
  }
},
{
  "type": "Feature",
  "id": "way/350501267",
  "properties": {
    "building": "yes",
    "id": "way/350501267"
  },
  "geometry": {
    "type": "Polygon",
    "coordinates": [
      [
        [
          77.1296276,
          28.6730764
        ],
        [
          77.1295907,
          28.6729847
        ],
        [
          77.1297672,
          28.67293
        ],
        [
          77.1298041,
          28.6730217
        ],
        [
          77.1296276,
          28.6730764
        ]
      ]
    ]
  }
},
{
  "type": "Feature",
  "id": "way/350501268",
  "properties": {
    "building": "yes",
    "id": "way/350501268"
  },
  "geometry": {
    "type": "Polygon",
    "coordinates": [
      [
        [
          77.1247602,
          28.6680438
        ],
        [
          77.1247471,
          28.6679221
        ],
        [
          77.1249579,
          28.6679046
        ],
        [
          77.1249711,
          28.6680263
        ],
        [
          77.1247602,
          28.6680438
        ]
      ]
    ]
  }
},
{
  "type": "Feature",
  "id": "way/350501269",
  "properties": {
    "building": "yes",
    "id": "way/350501269"
  },
  "geometry": {
    "type": "Polygon",
    "coordinates": [
      [
        [
          77.1241143,
          28.6675383
        ],
        [
          77.1240999,
          28.6673981
        ],
        [
          77.1242144,
          28.6673891
        ],
        [
          77.1242287,
          28.6675292
        ],
        [
          77.1241143,
          28.6675383
        ]
      ]
    ]
  }
},
{
  "type": "Feature",
  "id": "way/350501270",
  "properties": {
    "building": "yes",
    "id": "way/350501270"
  },
  "geometry": {
    "type": "Polygon",
    "coordinates": [
      [
        [
          77.129732,
          28.6733002
        ],
        [
          77.1296934,
          28.6731948
        ],
        [
          77.1298699,
          28.6731451
        ],
        [
          77.1299085,
          28.6732505
        ],
        [
          77.129732,
          28.6733002
        ]
      ]
    ]
  }
},
{
  "type": "Feature",
  "id": "way/350501271",
  "properties": {
    "building": "yes",
    "id": "way/350501271"
  },
  "geometry": {
    "type": "Polygon",
    "coordinates": [
      [
        [
          77.126055,
          28.6700181
        ],
        [
          77.1260456,
          28.6699262
        ],
        [
          77.1262492,
          28.6699101
        ],
        [
          77.1262587,
          28.670002
        ],
        [
          77.126055,
          28.6700181
        ]
      ]
    ]
  }
},
{
  "type": "Feature",
  "id": "way/350501272",
  "properties": {
    "building": "yes",
    "id": "way/350501272"
  },
  "geometry": {
    "type": "Polygon",
    "coordinates": [
      [
        [
          77.1270095,
          28.6697406
        ],
        [
          77.1269816,
          28.6695528
        ],
        [
          77.1272067,
          28.669527
        ],
        [
          77.1272346,
          28.6697148
        ],
        [
          77.1270095,
          28.6697406
        ]
      ]
    ]
  }
},
{
  "type": "Feature",
  "id": "way/350501273",
  "properties": {
    "building": "yes",
    "id": "way/350501273"
  },
  "geometry": {
    "type": "Polygon",
    "coordinates": [
      [
        [
          77.125815,
          28.6701228
        ],
        [
          77.1257958,
          28.6699543
        ],
        [
          77.1259997,
          28.6699364
        ],
        [
          77.1260189,
          28.6701049
        ],
        [
          77.125815,
          28.6701228
        ]
      ]
    ]
  }
},
{
  "type": "Feature",
  "id": "way/350501274",
  "properties": {
    "building": "yes",
    "id": "way/350501274"
  },
  "geometry": {
    "type": "Polygon",
    "coordinates": [
      [
        [
          77.1260874,
          28.6745498
        ],
        [
          77.1260808,
          28.6744708
        ],
        [
          77.126235,
          28.6744609
        ],
        [
          77.1262416,
          28.6745398
        ],
        [
          77.1260874,
          28.6745498
        ]
      ]
    ]
  }
},
{
  "type": "Feature",
  "id": "way/350501275",
  "properties": {
    "building": "yes",
    "id": "way/350501275"
  },
  "geometry": {
    "type": "Polygon",
    "coordinates": [
      [
        [
          77.1264433,
          28.670137
        ],
        [
          77.1266765,
          28.6701159
        ],
        [
          77.1266908,
          28.6702384
        ],
        [
          77.1264576,
          28.6702594
        ],
        [
          77.1264433,
          28.670137
        ]
      ]
    ]
  }
},
{
  "type": "Feature",
  "id": "way/350501276",
  "properties": {
    "building": "yes",
    "id": "way/350501276"
  },
  "geometry": {
    "type": "Polygon",
    "coordinates": [
      [
        [
          77.1288967,
          28.6722111
        ],
        [
          77.1288782,
          28.6721113
        ],
        [
          77.1291051,
          28.6720791
        ],
        [
          77.1291235,
          28.6721789
        ],
        [
          77.1288967,
          28.6722111
        ]
      ]
    ]
  }
},
{
  "type": "Feature",
  "id": "way/350501277",
  "properties": {
    "building": "yes",
    "id": "way/350501277"
  },
  "geometry": {
    "type": "Polygon",
    "coordinates": [
      [
        [
          77.1242739,
          28.6689277
        ],
        [
          77.1242594,
          28.6688427
        ],
        [
          77.124467,
          28.6688154
        ],
        [
          77.1244816,
          28.6689004
        ],
        [
          77.1242739,
          28.6689277
        ]
      ]
    ]
  }
},
{
  "type": "Feature",
  "id": "way/350501278",
  "properties": {
    "building": "yes",
    "id": "way/350501278"
  },
  "geometry": {
    "type": "Polygon",
    "coordinates": [
      [
        [
          77.1251376,
          28.6679979
        ],
        [
          77.1251244,
          28.667888
        ],
        [
          77.1252977,
          28.6678719
        ],
        [
          77.1253109,
          28.6679818
        ],
        [
          77.1251376,
          28.6679979
        ]
      ]
    ]
  }
},
{
  "type": "Feature",
  "id": "way/350501279",
  "properties": {
    "building": "yes",
    "id": "way/350501279"
  },
  "geometry": {
    "type": "Polygon",
    "coordinates": [
      [
        [
          77.1277687,
          28.6712268
        ],
        [
          77.1277615,
          28.6709549
        ],
        [
          77.1278743,
          28.6709526
        ],
        [
          77.1278815,
          28.6712245
        ],
        [
          77.1277687,
          28.6712268
        ]
      ]
    ]
  }
},
{
  "type": "Feature",
  "id": "way/350501280",
  "properties": {
    "building": "yes",
    "id": "way/350501280"
  },
  "geometry": {
    "type": "Polygon",
    "coordinates": [
      [
        [
          77.1312055,
          28.6742821
        ],
        [
          77.1311795,
          28.6741375
        ],
        [
          77.1313865,
          28.6741088
        ],
        [
          77.1314125,
          28.6742535
        ],
        [
          77.1312055,
          28.6742821
        ]
      ]
    ]
  }
},
{
  "type": "Feature",
  "id": "way/350501281",
  "properties": {
    "building": "yes",
    "id": "way/350501281"
  },
  "geometry": {
    "type": "Polygon",
    "coordinates": [
      [
        [
          77.1246751,
          28.6692099
        ],
        [
          77.1246593,
          28.6690957
        ],
        [
          77.1248493,
          28.6690753
        ],
        [
          77.1248652,
          28.6691896
        ],
        [
          77.1246751,
          28.6692099
        ]
      ]
    ]
  }
},
{
  "type": "Feature",
  "id": "way/350501282",
  "properties": {
    "building": "yes",
    "id": "way/350501282"
  },
  "geometry": {
    "type": "Polygon",
    "coordinates": [
      [
        [
          77.127642,
          28.6698511
        ],
        [
          77.1276301,
          28.6697568
        ],
        [
          77.1278457,
          28.6697358
        ],
        [
          77.1278576,
          28.6698301
        ],
        [
          77.127642,
          28.6698511
        ]
      ]
    ]
  }
},
{
  "type": "Feature",
  "id": "way/350501283",
  "properties": {
    "building": "yes",
    "id": "way/350501283"
  },
  "geometry": {
    "type": "Polygon",
    "coordinates": [
      [
        [
          77.1257708,
          28.6741119
        ],
        [
          77.1257529,
          28.6740097
        ],
        [
          77.1259732,
          28.67398
        ],
        [
          77.1259911,
          28.6740822
        ],
        [
          77.1257708,
          28.6741119
        ]
      ]
    ]
  }
},
{
  "type": "Feature",
  "id": "way/350501284",
  "properties": {
    "building": "yes",
    "id": "way/350501284"
  },
  "geometry": {
    "type": "Polygon",
    "coordinates": [
      [
        [
          77.1282655,
          28.6743035
        ],
        [
          77.128249,
          28.6741614
        ],
        [
          77.128537,
          28.6741356
        ],
        [
          77.1285535,
          28.6742777
        ],
        [
          77.1282655,
          28.6743035
        ]
      ]
    ]
  }
},
{
  "type": "Feature",
  "id": "way/350501285",
  "properties": {
    "building": "yes",
    "id": "way/350501285"
  },
  "geometry": {
    "type": "Polygon",
    "coordinates": [
      [
        [
          77.1301972,
          28.672784
        ],
        [
          77.1301074,
          28.6725657
        ],
        [
          77.1301871,
          28.6725405
        ],
        [
          77.1302769,
          28.6727587
        ],
        [
          77.1301972,
          28.672784
        ]
      ]
    ]
  }
},
{
  "type": "Feature",
  "id": "way/350501286",
  "properties": {
    "building": "yes",
    "id": "way/350501286"
  },
  "geometry": {
    "type": "Polygon",
    "coordinates": [
      [
        [
          77.1299411,
          28.673295
        ],
        [
          77.1299174,
          28.6732469
        ],
        [
          77.1300535,
          28.6731953
        ],
        [
          77.1300772,
          28.6732435
        ],
        [
          77.1299411,
          28.673295
        ]
      ]
    ]
  }
},
{
  "type": "Feature",
  "id": "way/350501287",
  "properties": {
    "building": "yes",
    "id": "way/350501287"
  },
  "geometry": {
    "type": "Polygon",
    "coordinates": [
      [
        [
          77.1270644,
          28.6751021
        ],
        [
          77.1270452,
          28.6748861
        ],
        [
          77.1271949,
          28.6748758
        ],
        [
          77.1272141,
          28.6750918
        ],
        [
          77.1270644,
          28.6751021
        ]
      ]
    ]
  }
},
{
  "type": "Feature",
  "id": "way/350501288",
  "properties": {
    "building": "yes",
    "id": "way/350501288"
  },
  "geometry": {
    "type": "Polygon",
    "coordinates": [
      [
        [
          77.1256057,
          28.674235
        ],
        [
          77.1255921,
          28.6740627
        ],
        [
          77.1256826,
          28.6740572
        ],
        [
          77.1256962,
          28.6742295
        ],
        [
          77.1256057,
          28.674235
        ]
      ]
    ]
  }
},
{
  "type": "Feature",
  "id": "way/350501289",
  "properties": {
    "building": "yes",
    "id": "way/350501289"
  },
  "geometry": {
    "type": "Polygon",
    "coordinates": [
      [
        [
          77.1245904,
          28.6677638
        ],
        [
          77.1245622,
          28.6675566
        ],
        [
          77.1247062,
          28.6675415
        ],
        [
          77.1247344,
          28.6677487
        ],
        [
          77.1245904,
          28.6677638
        ]
      ]
    ]
  }
},
{
  "type": "Feature",
  "id": "way/350501290",
  "properties": {
    "building": "yes",
    "id": "way/350501290"
  },
  "geometry": {
    "type": "Polygon",
    "coordinates": [
      [
        [
          77.1246722,
          28.6734463
        ],
        [
          77.1246594,
          28.6733649
        ],
        [
          77.1248383,
          28.6733432
        ],
        [
          77.1248511,
          28.6734246
        ],
        [
          77.1246722,
          28.6734463
        ]
      ]
    ]
  }
},
{
  "type": "Feature",
  "id": "way/350501291",
  "properties": {
    "building": "yes",
    "id": "way/350501291"
  },
  "geometry": {
    "type": "Polygon",
    "coordinates": [
      [
        [
          77.1285384,
          28.6739838
        ],
        [
          77.1285239,
          28.6738588
        ],
        [
          77.1287993,
          28.6738342
        ],
        [
          77.1288138,
          28.6739592
        ],
        [
          77.1285384,
          28.6739838
        ]
      ]
    ]
  }
},
{
  "type": "Feature",
  "id": "way/350501292",
  "properties": {
    "building": "yes",
    "id": "way/350501292"
  },
  "geometry": {
    "type": "Polygon",
    "coordinates": [
      [
        [
          77.1283931,
          28.6728892
        ],
        [
          77.128376,
          28.6727424
        ],
        [
          77.1286065,
          28.6727217
        ],
        [
          77.1286236,
          28.6728686
        ],
        [
          77.1283931,
          28.6728892
        ]
      ]
    ]
  }
},
{
  "type": "Feature",
  "id": "way/350501293",
  "properties": {
    "building": "yes",
    "id": "way/350501293"
  },
  "geometry": {
    "type": "Polygon",
    "coordinates": [
      [
        [
          77.1306473,
          28.6735238
        ],
        [
          77.1308885,
          28.6734509
        ],
        [
          77.1309252,
          28.6735444
        ],
        [
          77.130684,
          28.6736173
        ],
        [
          77.1306473,
          28.6735238
        ]
      ]
    ]
  }
},
{
  "type": "Feature",
  "id": "way/350501294",
  "properties": {
    "building": "yes",
    "id": "way/350501294"
  },
  "geometry": {
    "type": "Polygon",
    "coordinates": [
      [
        [
          77.1264145,
          28.669872
        ],
        [
          77.1264042,
          28.6697871
        ],
        [
          77.1266071,
          28.6697682
        ],
        [
          77.1266174,
          28.6698531
        ],
        [
          77.1264145,
          28.669872
        ]
      ]
    ]
  }
},
{
  "type": "Feature",
  "id": "way/350501295",
  "properties": {
    "building": "yes",
    "id": "way/350501295"
  },
  "geometry": {
    "type": "Polygon",
    "coordinates": [
      [
        [
          77.1285862,
          28.6743003
        ],
        [
          77.1285679,
          28.6741431
        ],
        [
          77.1288268,
          28.6741199
        ],
        [
          77.128845,
          28.6742771
        ],
        [
          77.1285862,
          28.6743003
        ]
      ]
    ]
  }
},
{
  "type": "Feature",
  "id": "way/350501296",
  "properties": {
    "building": "yes",
    "id": "way/350501296"
  },
  "geometry": {
    "type": "Polygon",
    "coordinates": [
      [
        [
          77.1273571,
          28.6703455
        ],
        [
          77.127345,
          28.6702342
        ],
        [
          77.1275542,
          28.6702166
        ],
        [
          77.1275663,
          28.670328
        ],
        [
          77.1273571,
          28.6703455
        ]
      ]
    ]
  }
},
{
  "type": "Feature",
  "id": "way/350501297",
  "properties": {
    "building": "yes",
    "id": "way/350501297"
  },
  "geometry": {
    "type": "Polygon",
    "coordinates": [
      [
        [
          77.1284654,
          28.6732841
        ],
        [
          77.1284481,
          28.6731349
        ],
        [
          77.1287071,
          28.6731117
        ],
        [
          77.1287244,
          28.6732609
        ],
        [
          77.1284654,
          28.6732841
        ]
      ]
    ]
  }
},
{
  "type": "Feature",
  "id": "way/350501298",
  "properties": {
    "building": "yes",
    "id": "way/350501298"
  },
  "geometry": {
    "type": "Polygon",
    "coordinates": [
      [
        [
          77.1279018,
          28.6718891
        ],
        [
          77.1278969,
          28.6717737
        ],
        [
          77.128174,
          28.6717646
        ],
        [
          77.1281789,
          28.67188
        ],
        [
          77.1279018,
          28.6718891
        ]
      ]
    ]
  }
},
{
  "type": "Feature",
  "id": "way/350501299",
  "properties": {
    "building": "yes",
    "id": "way/350501299"
  },
  "geometry": {
    "type": "Polygon",
    "coordinates": [
      [
        [
          77.1298665,
          28.6731081
        ],
        [
          77.129789,
          28.6729274
        ],
        [
          77.1299327,
          28.67288
        ],
        [
          77.1300101,
          28.6730607
        ],
        [
          77.1298665,
          28.6731081
        ]
      ]
    ]
  }
},
{
  "type": "Feature",
  "id": "way/350501301",
  "properties": {
    "building": "yes",
    "id": "way/350501301"
  },
  "geometry": {
    "type": "Polygon",
    "coordinates": [
      [
        [
          77.1317291,
          28.6737633
        ],
        [
          77.1315861,
          28.6736393
        ],
        [
          77.1316441,
          28.6735878
        ],
        [
          77.131787,
          28.6737118
        ],
        [
          77.1317291,
          28.6737633
        ]
      ]
    ]
  }
},
{
  "type": "Feature",
  "id": "way/350501302",
  "properties": {
    "building": "yes",
    "id": "way/350501302"
  },
  "geometry": {
    "type": "Polygon",
    "coordinates": [
      [
        [
          77.1265876,
          28.669304
        ],
        [
          77.1265782,
          28.6692161
        ],
        [
          77.1267571,
          28.6692014
        ],
        [
          77.1267664,
          28.6692892
        ],
        [
          77.1265876,
          28.669304
        ]
      ]
    ]
  }
},
{
  "type": "Feature",
  "id": "way/350501303",
  "properties": {
    "building": "yes",
    "id": "way/350501303"
  },
  "geometry": {
    "type": "Polygon",
    "coordinates": [
      [
        [
          77.1260566,
          28.6743732
        ],
        [
          77.1260441,
          28.6742796
        ],
        [
          77.1262373,
          28.6742598
        ],
        [
          77.1262498,
          28.6743534
        ],
        [
          77.1260566,
          28.6743732
        ]
      ]
    ]
  }
},
{
  "type": "Feature",
  "id": "way/350501304",
  "properties": {
    "building": "yes",
    "id": "way/350501304"
  },
  "geometry": {
    "type": "Polygon",
    "coordinates": [
      [
        [
          77.1292281,
          28.6723866
        ],
        [
          77.1292135,
          28.6722939
        ],
        [
          77.1294755,
          28.6722622
        ],
        [
          77.1294901,
          28.6723549
        ],
        [
          77.1292281,
          28.6723866
        ]
      ]
    ]
  }
},
{
  "type": "Feature",
  "id": "way/350501305",
  "properties": {
    "building": "yes",
    "id": "way/350501305"
  },
  "geometry": {
    "type": "Polygon",
    "coordinates": [
      [
        [
          77.1281938,
          28.6717292
        ],
        [
          77.1281774,
          28.6715881
        ],
        [
          77.1284502,
          28.6715637
        ],
        [
          77.1284666,
          28.6717048
        ],
        [
          77.1281938,
          28.6717292
        ]
      ]
    ]
  }
},
{
  "type": "Feature",
  "id": "way/350501306",
  "properties": {
    "building": "yes",
    "id": "way/350501306"
  },
  "geometry": {
    "type": "Polygon",
    "coordinates": [
      [
        [
          77.1260688,
          28.6744635
        ],
        [
          77.1260585,
          28.6743853
        ],
        [
          77.1262403,
          28.674367
        ],
        [
          77.1262506,
          28.6744452
        ],
        [
          77.1260688,
          28.6744635
        ]
      ]
    ]
  }
},
{
  "type": "Feature",
  "id": "way/350501307",
  "properties": {
    "building": "yes",
    "id": "way/350501307"
  },
  "geometry": {
    "type": "Polygon",
    "coordinates": [
      [
        [
          77.1296174,
          28.6719449
        ],
        [
          77.1298027,
          28.6719253
        ],
        [
          77.1298106,
          28.6719824
        ],
        [
          77.1296253,
          28.672002
        ],
        [
          77.1296174,
          28.6719449
        ]
      ]
    ]
  }
},
{
  "type": "Feature",
  "id": "way/350501308",
  "properties": {
    "building": "yes",
    "id": "way/350501308"
  },
  "geometry": {
    "type": "Polygon",
    "coordinates": [
      [
        [
          77.1246208,
          28.6688109
        ],
        [
          77.1246114,
          28.6687154
        ],
        [
          77.1247967,
          28.6687014
        ],
        [
          77.1248061,
          28.6687969
        ],
        [
          77.1246208,
          28.6688109
        ]
      ]
    ]
  }
},
{
  "type": "Feature",
  "id": "way/350501309",
  "properties": {
    "building": "yes",
    "id": "way/350501309"
  },
  "geometry": {
    "type": "Polygon",
    "coordinates": [
      [
        [
          77.1288964,
          28.6722266
        ],
        [
          77.129124,
          28.6721964
        ],
        [
          77.1291383,
          28.6722796
        ],
        [
          77.1289107,
          28.6723097
        ],
        [
          77.1288964,
          28.6722266
        ]
      ]
    ]
  }
},
{
  "type": "Feature",
  "id": "way/350501310",
  "properties": {
    "building": "yes",
    "id": "way/350501310"
  },
  "geometry": {
    "type": "Polygon",
    "coordinates": [
      [
        [
          77.1302772,
          28.6737046
        ],
        [
          77.1302554,
          28.6736477
        ],
        [
          77.1303592,
          28.673617
        ],
        [
          77.1303811,
          28.6736739
        ],
        [
          77.1302772,
          28.6737046
        ]
      ]
    ]
  }
},
{
  "type": "Feature",
  "id": "way/350501311",
  "properties": {
    "building": "yes",
    "id": "way/350501311"
  },
  "geometry": {
    "type": "Polygon",
    "coordinates": [
      [
        [
          77.1282271,
          28.6739775
        ],
        [
          77.1282011,
          28.6737537
        ],
        [
          77.1284575,
          28.6737307
        ],
        [
          77.1284835,
          28.6739546
        ],
        [
          77.1282271,
          28.6739775
        ]
      ]
    ]
  }
},
{
  "type": "Feature",
  "id": "way/350501312",
  "properties": {
    "building": "yes",
    "id": "way/350501312"
  },
  "geometry": {
    "type": "Polygon",
    "coordinates": [
      [
        [
          77.1279324,
          28.6712016
        ],
        [
          77.1279037,
          28.6709451
        ],
        [
          77.128034,
          28.6709338
        ],
        [
          77.1280628,
          28.6711903
        ],
        [
          77.1279324,
          28.6712016
        ]
      ]
    ]
  }
},
{
  "type": "Feature",
  "id": "way/350501313",
  "properties": {
    "building": "yes",
    "id": "way/350501313"
  },
  "geometry": {
    "type": "Polygon",
    "coordinates": [
      [
        [
          77.1273897,
          28.6750982
        ],
        [
          77.1273569,
          28.6748188
        ],
        [
          77.1274949,
          28.6748063
        ],
        [
          77.1275277,
          28.6750857
        ],
        [
          77.1273897,
          28.6750982
        ]
      ]
    ]
  }
},
{
  "type": "Feature",
  "id": "way/350501314",
  "properties": {
    "building": "yes",
    "id": "way/350501314"
  },
  "geometry": {
    "type": "Polygon",
    "coordinates": [
      [
        [
          77.1264145,
          28.6698791
        ],
        [
          77.1266174,
          28.6698602
        ],
        [
          77.1266324,
          28.669984
        ],
        [
          77.1264295,
          28.670003
        ],
        [
          77.1264145,
          28.6698791
        ]
      ]
    ]
  }
},
{
  "type": "Feature",
  "id": "way/350501315",
  "properties": {
    "building": "yes",
    "id": "way/350501315"
  },
  "geometry": {
    "type": "Polygon",
    "coordinates": [
      [
        [
          77.1270545,
          28.669995
        ],
        [
          77.1270439,
          28.6698953
        ],
        [
          77.127242,
          28.6698792
        ],
        [
          77.1272525,
          28.6699789
        ],
        [
          77.1270545,
          28.669995
        ]
      ]
    ]
  }
},
{
  "type": "Feature",
  "id": "way/350501316",
  "properties": {
    "building": "yes",
    "id": "way/350501316"
  },
  "geometry": {
    "type": "Polygon",
    "coordinates": [
      [
        [
          77.1276257,
          28.6712114
        ],
        [
          77.1276074,
          28.6709998
        ],
        [
          77.1277266,
          28.6709918
        ],
        [
          77.127745,
          28.6712034
        ],
        [
          77.1276257,
          28.6712114
        ]
      ]
    ]
  }
},
{
  "type": "Feature",
  "id": "way/350501318",
  "properties": {
    "building": "yes",
    "id": "way/350501318"
  },
  "geometry": {
    "type": "Polygon",
    "coordinates": [
      [
        [
          77.1308699,
          28.6743521
        ],
        [
          77.1310788,
          28.6743184
        ],
        [
          77.131111,
          28.674472
        ],
        [
          77.1309021,
          28.6745057
        ],
        [
          77.1308699,
          28.6743521
        ]
      ]
    ]
  }
},
{
  "type": "Feature",
  "id": "way/350501319",
  "properties": {
    "building": "yes",
    "id": "way/350501319"
  },
  "geometry": {
    "type": "Polygon",
    "coordinates": [
      [
        [
          77.1305086,
          28.6736557
        ],
        [
          77.1304823,
          28.6735703
        ],
        [
          77.1306111,
          28.6735397
        ],
        [
          77.1306374,
          28.6736251
        ],
        [
          77.1305086,
          28.6736557
        ]
      ]
    ]
  }
},
{
  "type": "Feature",
  "id": "way/350501320",
  "properties": {
    "building": "yes",
    "id": "way/350501320"
  },
  "geometry": {
    "type": "Polygon",
    "coordinates": [
      [
        [
          77.1248746,
          28.6688683
        ],
        [
          77.1248646,
          28.6687481
        ],
        [
          77.1250815,
          28.6687342
        ],
        [
          77.1250915,
          28.6688544
        ],
        [
          77.1248746,
          28.6688683
        ]
      ]
    ]
  }
},
{
  "type": "Feature",
  "id": "way/350501321",
  "properties": {
    "building": "yes",
    "id": "way/350501321"
  },
  "geometry": {
    "type": "Polygon",
    "coordinates": [
      [
        [
          77.1299236,
          28.6732366
        ],
        [
          77.1298973,
          28.6731786
        ],
        [
          77.1300277,
          28.673133
        ],
        [
          77.130054,
          28.673191
        ],
        [
          77.1299236,
          28.6732366
        ]
      ]
    ]
  }
},
{
  "type": "Feature",
  "id": "way/350501322",
  "properties": {
    "building": "yes",
    "id": "way/350501322"
  },
  "geometry": {
    "type": "Polygon",
    "coordinates": [
      [
        [
          77.1256842,
          28.6693047
        ],
        [
          77.1256701,
          28.6691614
        ],
        [
          77.1258955,
          28.6691443
        ],
        [
          77.1259096,
          28.6692877
        ],
        [
          77.1256842,
          28.6693047
        ]
      ]
    ]
  }
},
{
  "type": "Feature",
  "id": "way/350501323",
  "properties": {
    "building": "yes",
    "id": "way/350501323"
  },
  "geometry": {
    "type": "Polygon",
    "coordinates": [
      [
        [
          77.1308763,
          28.6737956
        ],
        [
          77.1308619,
          28.6737143
        ],
        [
          77.1309516,
          28.6737021
        ],
        [
          77.130966,
          28.6737834
        ],
        [
          77.1308763,
          28.6737956
        ]
      ]
    ]
  }
},
{
  "type": "Feature",
  "id": "way/350501324",
  "properties": {
    "building": "yes",
    "id": "way/350501324"
  },
  "geometry": {
    "type": "Polygon",
    "coordinates": [
      [
        [
          77.1241404,
          28.6678141
        ],
        [
          77.1241333,
          28.6675812
        ],
        [
          77.1243924,
          28.6675582
        ],
        [
          77.1244004,
          28.6678077
        ],
        [
          77.1241404,
          28.6678141
        ]
      ]
    ]
  }
},
{
  "type": "Feature",
  "id": "way/350501325",
  "properties": {
    "building": "yes",
    "id": "way/350501325"
  },
  "geometry": {
    "type": "Polygon",
    "coordinates": [
      [
        [
          77.1276891,
          28.6701125
        ],
        [
          77.1276809,
          28.6700289
        ],
        [
          77.1278925,
          28.6700128
        ],
        [
          77.1279008,
          28.6700964
        ],
        [
          77.1276891,
          28.6701125
        ]
      ]
    ]
  }
},
{
  "type": "Feature",
  "id": "way/350501326",
  "properties": {
    "building": "yes",
    "id": "way/350501326"
  },
  "geometry": {
    "type": "Polygon",
    "coordinates": [
      [
        [
          77.1244694,
          28.6734473
        ],
        [
          77.124461,
          28.6733729
        ],
        [
          77.1246383,
          28.6733575
        ],
        [
          77.1246467,
          28.6734319
        ],
        [
          77.1244694,
          28.6734473
        ]
      ]
    ]
  }
},
{
  "type": "Feature",
  "id": "way/350501327",
  "properties": {
    "building": "yes",
    "id": "way/350501327"
  },
  "geometry": {
    "type": "Polygon",
    "coordinates": [
      [
        [
          77.1285562,
          28.6741087
        ],
        [
          77.1285434,
          28.6739984
        ],
        [
          77.1287833,
          28.6739769
        ],
        [
          77.1287961,
          28.6740873
        ],
        [
          77.1285562,
          28.6741087
        ]
      ]
    ]
  }
},
{
  "type": "Feature",
  "id": "way/350501328",
  "properties": {
    "building": "yes",
    "id": "way/350501328"
  },
  "geometry": {
    "type": "Polygon",
    "coordinates": [
      [
        [
          77.1284221,
          28.6731309
        ],
        [
          77.1284031,
          28.6729675
        ],
        [
          77.1286582,
          28.6729446
        ],
        [
          77.1286772,
          28.6731081
        ],
        [
          77.1284221,
          28.6731309
        ]
      ]
    ]
  }
},
{
  "type": "Feature",
  "id": "way/350501329",
  "properties": {
    "building": "yes",
    "id": "way/350501329"
  },
  "geometry": {
    "type": "Polygon",
    "coordinates": [
      [
        [
          77.127737,
          28.6703066
        ],
        [
          77.1277267,
          28.6702246
        ],
        [
          77.1279135,
          28.6702064
        ],
        [
          77.1279239,
          28.6702884
        ],
        [
          77.127737,
          28.6703066
        ]
      ]
    ]
  }
},
{
  "type": "Feature",
  "id": "way/350501330",
  "properties": {
    "building": "yes",
    "id": "way/350501330"
  },
  "geometry": {
    "type": "Polygon",
    "coordinates": [
      [
        [
          77.1253341,
          28.6742504
        ],
        [
          77.1253158,
          28.6740521
        ],
        [
          77.1254715,
          28.674041
        ],
        [
          77.1254899,
          28.6742393
        ],
        [
          77.1253341,
          28.6742504
        ]
      ]
    ]
  }
},
{
  "type": "Feature",
  "id": "way/350501331",
  "properties": {
    "building": "yes",
    "id": "way/350501331"
  },
  "geometry": {
    "type": "Polygon",
    "coordinates": [
      [
        [
          77.1279802,
          28.6724279
        ],
        [
          77.1279648,
          28.6722945
        ],
        [
          77.1281914,
          28.6722743
        ],
        [
          77.1282069,
          28.6724076
        ],
        [
          77.1279802,
          28.6724279
        ]
      ]
    ]
  }
},
{
  "type": "Feature",
  "id": "way/350501332",
  "properties": {
    "building": "yes",
    "id": "way/350501332"
  },
  "geometry": {
    "type": "Polygon",
    "coordinates": [
      [
        [
          77.1273334,
          28.6702069
        ],
        [
          77.1273257,
          28.6701338
        ],
        [
          77.1275347,
          28.670117
        ],
        [
          77.1275423,
          28.6701901
        ],
        [
          77.1273334,
          28.6702069
        ]
      ]
    ]
  }
},
{
  "type": "Feature",
  "id": "way/350501333",
  "properties": {
    "building": "yes",
    "id": "way/350501333"
  },
  "geometry": {
    "type": "Polygon",
    "coordinates": [
      [
        [
          77.1298935,
          28.6731697
        ],
        [
          77.1298677,
          28.6731147
        ],
        [
          77.1300087,
          28.6730639
        ],
        [
          77.1300345,
          28.6731189
        ],
        [
          77.1298935,
          28.6731697
        ]
      ]
    ]
  }
},
{
  "type": "Feature",
  "id": "way/350501334",
  "properties": {
    "building": "yes",
    "id": "way/350501334"
  },
  "geometry": {
    "type": "Polygon",
    "coordinates": [
      [
        [
          77.1241765,
          28.6683034
        ],
        [
          77.124157,
          28.668145
        ],
        [
          77.1243638,
          28.6681254
        ],
        [
          77.1243834,
          28.6682837
        ],
        [
          77.1241765,
          28.6683034
        ]
      ]
    ]
  }
},
{
  "type": "Feature",
  "id": "way/350501335",
  "properties": {
    "building": "yes",
    "id": "way/350501335"
  },
  "geometry": {
    "type": "Polygon",
    "coordinates": [
      [
        [
          77.1279337,
          28.6720398
        ],
        [
          77.1279277,
          28.6719239
        ],
        [
          77.1281737,
          28.6719141
        ],
        [
          77.1281797,
          28.67203
        ],
        [
          77.1279337,
          28.6720398
        ]
      ]
    ]
  }
},
{
  "type": "Feature",
  "id": "way/350501336",
  "properties": {
    "building": "yes",
    "id": "way/350501336"
  },
  "geometry": {
    "type": "Polygon",
    "coordinates": [
      [
        [
          77.1296454,
          28.672118
        ],
        [
          77.1298347,
          28.6720983
        ],
        [
          77.1298451,
          28.672176
        ],
        [
          77.1296558,
          28.6721956
        ],
        [
          77.1296454,
          28.672118
        ]
      ]
    ]
  }
},
{
  "type": "Feature",
  "id": "way/350501337",
  "properties": {
    "building": "yes",
    "id": "way/350501337"
  },
  "geometry": {
    "type": "Polygon",
    "coordinates": [
      [
        [
          77.1274025,
          28.6706325
        ],
        [
          77.1273924,
          28.6705444
        ],
        [
          77.1275985,
          28.6705262
        ],
        [
          77.1276086,
          28.6706143
        ],
        [
          77.1274025,
          28.6706325
        ]
      ]
    ]
  }
},
{
  "type": "Feature",
  "id": "way/350501338",
  "properties": {
    "building": "yes",
    "id": "way/350501338"
  },
  "geometry": {
    "type": "Polygon",
    "coordinates": [
      [
        [
          77.1252483,
          28.6687299
        ],
        [
          77.12524,
          28.6686419
        ],
        [
          77.1254185,
          28.6686289
        ],
        [
          77.1254268,
          28.6687168
        ],
        [
          77.1252483,
          28.6687299
        ]
      ]
    ]
  }
},
{
  "type": "Feature",
  "id": "way/350501339",
  "properties": {
    "building": "yes",
    "id": "way/350501339"
  },
  "geometry": {
    "type": "Polygon",
    "coordinates": [
      [
        [
          77.1245197,
          28.6680688
        ],
        [
          77.1245109,
          28.6679903
        ],
        [
          77.1247154,
          28.6679728
        ],
        [
          77.1247241,
          28.6680512
        ],
        [
          77.1245197,
          28.6680688
        ]
      ]
    ]
  }
},
{
  "type": "Feature",
  "id": "way/350501340",
  "properties": {
    "building": "yes",
    "id": "way/350501340"
  },
  "geometry": {
    "type": "Polygon",
    "coordinates": [
      [
        [
          77.1266347,
          28.669676
        ],
        [
          77.1266155,
          28.6695079
        ],
        [
          77.1268006,
          28.6694916
        ],
        [
          77.1268198,
          28.6696598
        ],
        [
          77.1266347,
          28.669676
        ]
      ]
    ]
  }
},
{
  "type": "Feature",
  "id": "way/350501341",
  "properties": {
    "building": "yes",
    "id": "way/350501341"
  },
  "geometry": {
    "type": "Polygon",
    "coordinates": [
      [
        [
          77.1297372,
          28.672571
        ],
        [
          77.1296525,
          28.6723657
        ],
        [
          77.1297313,
          28.6723407
        ],
        [
          77.1298159,
          28.672546
        ],
        [
          77.1297372,
          28.672571
        ]
      ]
    ]
  }
},
{
  "type": "Feature",
  "id": "way/350501342",
  "properties": {
    "building": "yes",
    "id": "way/350501342"
  },
  "geometry": {
    "type": "Polygon",
    "coordinates": [
      [
        [
          77.1259752,
          28.6695353
        ],
        [
          77.125952,
          28.6693678
        ],
        [
          77.1261748,
          28.6693441
        ],
        [
          77.126198,
          28.6695116
        ],
        [
          77.1259752,
          28.6695353
        ]
      ]
    ]
  }
},
{
  "type": "Feature",
  "id": "way/350501343",
  "properties": {
    "building": "yes",
    "id": "way/350501343"
  },
  "geometry": {
    "type": "Polygon",
    "coordinates": [
      [
        [
          77.1307493,
          28.674059
        ],
        [
          77.1309585,
          28.6740422
        ],
        [
          77.1309649,
          28.6741032
        ],
        [
          77.1307557,
          28.67412
        ],
        [
          77.1307493,
          28.674059
        ]
      ]
    ]
  }
},
{
  "type": "Feature",
  "id": "way/350501344",
  "properties": {
    "building": "yes",
    "id": "way/350501344"
  },
  "geometry": {
    "type": "Polygon",
    "coordinates": [
      [
        [
          77.1266722,
          28.6699416
        ],
        [
          77.1266613,
          28.669806
        ],
        [
          77.1268649,
          28.6697934
        ],
        [
          77.1268759,
          28.669929
        ],
        [
          77.1266722,
          28.6699416
        ]
      ]
    ]
  }
},
{
  "type": "Feature",
  "id": "way/350501345",
  "properties": {
    "building": "yes",
    "id": "way/350501345"
  },
  "geometry": {
    "type": "Polygon",
    "coordinates": [
      [
        [
          77.1282531,
          28.6741469
        ],
        [
          77.1282386,
          28.6740226
        ],
        [
          77.1284767,
          28.6740013
        ],
        [
          77.1284912,
          28.6741256
        ],
        [
          77.1282531,
          28.6741469
        ]
      ]
    ]
  }
},
{
  "type": "Feature",
  "id": "way/350501346",
  "properties": {
    "building": "yes",
    "id": "way/350501346"
  },
  "geometry": {
    "type": "Polygon",
    "coordinates": [
      [
        [
          77.1270185,
          28.6698815
        ],
        [
          77.127001,
          28.6697558
        ],
        [
          77.1272166,
          28.6697327
        ],
        [
          77.1272341,
          28.6698584
        ],
        [
          77.1270185,
          28.6698815
        ]
      ]
    ]
  }
},
{
  "type": "Feature",
  "id": "way/350501347",
  "properties": {
    "building": "yes",
    "id": "way/350501347"
  },
  "geometry": {
    "type": "Polygon",
    "coordinates": [
      [
        [
          77.1301487,
          28.6732566
        ],
        [
          77.1301087,
          28.6731725
        ],
        [
          77.1302535,
          28.6731195
        ],
        [
          77.1302935,
          28.6732035
        ],
        [
          77.1301487,
          28.6732566
        ]
      ]
    ]
  }
},
{
  "type": "Feature",
  "id": "way/350501348",
  "properties": {
    "building": "yes",
    "id": "way/350501348"
  },
  "geometry": {
    "type": "Polygon",
    "coordinates": [
      [
        [
          77.1263394,
          28.6693494
        ],
        [
          77.1265383,
          28.6693374
        ],
        [
          77.1265432,
          28.6694005
        ],
        [
          77.1263443,
          28.6694124
        ],
        [
          77.1263394,
          28.6693494
        ]
      ]
    ]
  }
},
{
  "type": "Feature",
  "id": "way/350501349",
  "properties": {
    "building": "yes",
    "id": "way/350501349"
  },
  "geometry": {
    "type": "Polygon",
    "coordinates": [
      [
        [
          77.1270728,
          28.6701022
        ],
        [
          77.1270632,
          28.6700048
        ],
        [
          77.127264,
          28.6699896
        ],
        [
          77.1272735,
          28.670087
        ],
        [
          77.1270728,
          28.6701022
        ]
      ]
    ]
  }
},
{
  "type": "Feature",
  "id": "way/350501350",
  "properties": {
    "building": "yes",
    "id": "way/350501350"
  },
  "geometry": {
    "type": "Polygon",
    "coordinates": [
      [
        [
          77.1248966,
          28.6689583
        ],
        [
          77.1248883,
          28.6688844
        ],
        [
          77.1251079,
          28.6688655
        ],
        [
          77.1251162,
          28.6689394
        ],
        [
          77.1248966,
          28.6689583
        ]
      ]
    ]
  }
},
{
  "type": "Feature",
  "id": "way/350501351",
  "properties": {
    "building": "yes",
    "id": "way/350501351"
  },
  "geometry": {
    "type": "Polygon",
    "coordinates": [
      [
        [
          77.1246935,
          28.673572
        ],
        [
          77.1246803,
          28.6734515
        ],
        [
          77.124872,
          28.6734354
        ],
        [
          77.1248851,
          28.6735559
        ],
        [
          77.1246935,
          28.673572
        ]
      ]
    ]
  }
},
{
  "type": "Feature",
  "id": "way/350501352",
  "properties": {
    "building": "yes",
    "id": "way/350501352"
  },
  "geometry": {
    "type": "Polygon",
    "coordinates": [
      [
        [
          77.1248508,
          28.6686874
        ],
        [
          77.1248381,
          28.6686019
        ],
        [
          77.1250521,
          28.6685773
        ],
        [
          77.1250649,
          28.6686629
        ],
        [
          77.1248508,
          28.6686874
        ]
      ]
    ]
  }
},
{
  "type": "Feature",
  "id": "way/350501353",
  "properties": {
    "building": "yes",
    "id": "way/350501353"
  },
  "geometry": {
    "type": "Polygon",
    "coordinates": [
      [
        [
          77.1255443,
          28.6688998
        ],
        [
          77.1257142,
          28.6688825
        ],
        [
          77.1257249,
          28.6689626
        ],
        [
          77.1255549,
          28.6689799
        ],
        [
          77.1255443,
          28.6688998
        ]
      ]
    ]
  }
},
{
  "type": "Feature",
  "id": "way/350501354",
  "properties": {
    "building": "yes",
    "id": "way/350501354"
  },
  "geometry": {
    "type": "Polygon",
    "coordinates": [
      [
        [
          77.125408,
          28.6681604
        ],
        [
          77.125395,
          28.6680595
        ],
        [
          77.1256003,
          28.6680392
        ],
        [
          77.1256133,
          28.6681401
        ],
        [
          77.125408,
          28.6681604
        ]
      ]
    ]
  }
},
{
  "type": "Feature",
  "id": "way/350501355",
  "properties": {
    "building": "yes",
    "id": "way/350501355"
  },
  "geometry": {
    "type": "Polygon",
    "coordinates": [
      [
        [
          77.1271484,
          28.6706595
        ],
        [
          77.1271433,
          28.6705615
        ],
        [
          77.127355,
          28.6705531
        ],
        [
          77.12736,
          28.6706511
        ],
        [
          77.1271484,
          28.6706595
        ]
      ]
    ]
  }
},
{
  "type": "Feature",
  "id": "way/350501356",
  "properties": {
    "building": "yes",
    "id": "way/350501356"
  },
  "geometry": {
    "type": "Polygon",
    "coordinates": [
      [
        [
          77.1298478,
          28.6738184
        ],
        [
          77.1298309,
          28.6737343
        ],
        [
          77.1298333,
          28.6736603
        ],
        [
          77.1300675,
          28.6736931
        ],
        [
          77.1300617,
          28.6737364
        ],
        [
          77.1300642,
          28.6737694
        ],
        [
          77.1298478,
          28.6738184
        ]
      ]
    ]
  }
},
{
  "type": "Feature",
  "id": "way/350501357",
  "properties": {
    "building": "yes",
    "id": "way/350501357"
  },
  "geometry": {
    "type": "Polygon",
    "coordinates": [
      [
        [
          77.1261781,
          28.6690009
        ],
        [
          77.1261661,
          28.6688888
        ],
        [
          77.1263222,
          28.668876
        ],
        [
          77.1263342,
          28.6689881
        ],
        [
          77.1261781,
          28.6690009
        ]
      ]
    ]
  }
},
{
  "type": "Feature",
  "id": "way/350501358",
  "properties": {
    "building": "yes",
    "id": "way/350501358"
  },
  "geometry": {
    "type": "Polygon",
    "coordinates": [
      [
        [
          77.1254663,
          28.6685107
        ],
        [
          77.1254445,
          28.6683478
        ],
        [
          77.1256345,
          28.6683282
        ],
        [
          77.1256564,
          28.6684911
        ],
        [
          77.1254663,
          28.6685107
        ]
      ]
    ]
  }
},
{
  "type": "Feature",
  "id": "way/350501359",
  "properties": {
    "building": "yes",
    "id": "way/350501359"
  },
  "geometry": {
    "type": "Polygon",
    "coordinates": [
      [
        [
          77.1257099,
          28.6694775
        ],
        [
          77.1256904,
          28.6693265
        ],
        [
          77.1259021,
          28.6693054
        ],
        [
          77.1259216,
          28.6694564
        ],
        [
          77.1257099,
          28.6694775
        ]
      ]
    ]
  }
},
{
  "type": "Feature",
  "id": "way/350501360",
  "properties": {
    "building": "yes",
    "id": "way/350501360"
  },
  "geometry": {
    "type": "Polygon",
    "coordinates": [
      [
        [
          77.1248965,
          28.6677578
        ],
        [
          77.1248762,
          28.6675259
        ],
        [
          77.1250689,
          28.6675129
        ],
        [
          77.1250892,
          28.6677448
        ],
        [
          77.1248965,
          28.6677578
        ]
      ]
    ]
  }
},
{
  "type": "Feature",
  "id": "way/350501361",
  "properties": {
    "building": "yes",
    "id": "way/350501361"
  },
  "geometry": {
    "type": "Polygon",
    "coordinates": [
      [
        [
          77.1276995,
          28.6702176
        ],
        [
          77.1276888,
          28.6701223
        ],
        [
          77.1278997,
          28.6701041
        ],
        [
          77.1279103,
          28.6701994
        ],
        [
          77.1276995,
          28.6702176
        ]
      ]
    ]
  }
},
{
  "type": "Feature",
  "id": "way/350501362",
  "properties": {
    "building": "yes",
    "id": "way/350501362"
  },
  "geometry": {
    "type": "Polygon",
    "coordinates": [
      [
        [
          77.1312086,
          28.6739745
        ],
        [
          77.1311758,
          28.6738913
        ],
        [
          77.1312715,
          28.6738623
        ],
        [
          77.1313042,
          28.6739455
        ],
        [
          77.1312086,
          28.6739745
        ]
      ]
    ]
  }
},
{
  "type": "Feature",
  "id": "way/350501363",
  "properties": {
    "building": "yes",
    "id": "way/350501363"
  },
  "geometry": {
    "type": "Polygon",
    "coordinates": [
      [
        [
          77.1277466,
          28.6703977
        ],
        [
          77.1277382,
          28.6703153
        ],
        [
          77.1279251,
          28.6703006
        ],
        [
          77.1279335,
          28.670383
        ],
        [
          77.1277466,
          28.6703977
        ]
      ]
    ]
  }
},
{
  "type": "Feature",
  "id": "way/350501364",
  "properties": {
    "building": "yes",
    "id": "way/350501364"
  },
  "geometry": {
    "type": "Polygon",
    "coordinates": [
      [
        [
          77.1252964,
          28.6691185
        ],
        [
          77.1252844,
          28.6690151
        ],
        [
          77.1254844,
          28.6689973
        ],
        [
          77.1254963,
          28.6691007
        ],
        [
          77.1252964,
          28.6691185
        ]
      ]
    ]
  }
},
{
  "type": "Feature",
  "id": "way/350501365",
  "properties": {
    "building": "yes",
    "id": "way/350501365"
  },
  "geometry": {
    "type": "Polygon",
    "coordinates": [
      [
        [
          77.1313611,
          28.6740052
        ],
        [
          77.1312707,
          28.6738368
        ],
        [
          77.1313461,
          28.6738087
        ],
        [
          77.1314546,
          28.6739623
        ],
        [
          77.1313611,
          28.6740052
        ]
      ]
    ]
  }
},
{
  "type": "Feature",
  "id": "way/350501366",
  "properties": {
    "building": "yes",
    "id": "way/350501366"
  },
  "geometry": {
    "type": "Polygon",
    "coordinates": [
      [
        [
          77.1245412,
          28.6682657
        ],
        [
          77.1245324,
          28.6681818
        ],
        [
          77.1247254,
          28.6681653
        ],
        [
          77.1247386,
          28.6682517
        ],
        [
          77.1245412,
          28.6682657
        ]
      ]
    ]
  }
},
{
  "type": "Feature",
  "id": "way/350501367",
  "properties": {
    "building": "yes",
    "id": "way/350501367"
  },
  "geometry": {
    "type": "Polygon",
    "coordinates": [
      [
        [
          77.1280446,
          28.6729174
        ],
        [
          77.1280243,
          28.6727422
        ],
        [
          77.128292,
          28.6727182
        ],
        [
          77.1283123,
          28.6728934
        ],
        [
          77.1280446,
          28.6729174
        ]
      ]
    ]
  }
},
{
  "type": "Feature",
  "id": "way/350501368",
  "properties": {
    "building": "yes",
    "id": "way/350501368"
  },
  "geometry": {
    "type": "Polygon",
    "coordinates": [
      [
        [
          77.1296302,
          28.6720164
        ],
        [
          77.1298131,
          28.6719953
        ],
        [
          77.129826,
          28.6720817
        ],
        [
          77.1296431,
          28.6721027
        ],
        [
          77.1296302,
          28.6720164
        ]
      ]
    ]
  }
},
{
  "type": "Feature",
  "id": "way/350501369",
  "properties": {
    "building": "yes",
    "id": "way/350501369"
  },
  "geometry": {
    "type": "Polygon",
    "coordinates": [
      [
        [
          77.1260028,
          28.6740088
        ],
        [
          77.1259861,
          28.6739293
        ],
        [
          77.1261506,
          28.6739027
        ],
        [
          77.1261673,
          28.6739822
        ],
        [
          77.1260028,
          28.6740088
        ]
      ]
    ]
  }
},
{
  "type": "Feature",
  "id": "way/350501370",
  "properties": {
    "building": "yes",
    "id": "way/350501370"
  },
  "geometry": {
    "type": "Polygon",
    "coordinates": [
      [
        [
          77.1273822,
          28.6705358
        ],
        [
          77.1273745,
          28.670447
        ],
        [
          77.1275862,
          28.6704329
        ],
        [
          77.1275938,
          28.6705218
        ],
        [
          77.1273822,
          28.6705358
        ]
      ]
    ]
  }
},
{
  "type": "Feature",
  "id": "way/350501371",
  "properties": {
    "building": "yes",
    "id": "way/350501371"
  },
  "geometry": {
    "type": "Polygon",
    "coordinates": [
      [
        [
          77.1252067,
          28.6685525
        ],
        [
          77.1251926,
          28.6684662
        ],
        [
          77.1253903,
          28.6684414
        ],
        [
          77.1254043,
          28.6685277
        ],
        [
          77.1252067,
          28.6685525
        ]
      ]
    ]
  }
},
{
  "type": "Feature",
  "id": "way/350501372",
  "properties": {
    "building": "yes",
    "id": "way/350501372"
  },
  "geometry": {
    "type": "Polygon",
    "coordinates": [
      [
        [
          77.1296825,
          28.6731839
        ],
        [
          77.1296583,
          28.6731207
        ],
        [
          77.1298316,
          28.6730695
        ],
        [
          77.1298558,
          28.6731328
        ],
        [
          77.1296825,
          28.6731839
        ]
      ]
    ]
  }
},
{
  "type": "Feature",
  "id": "way/350501373",
  "properties": {
    "building": "yes",
    "id": "way/350501373"
  },
  "geometry": {
    "type": "Polygon",
    "coordinates": [
      [
        [
          77.1245121,
          28.6681706
        ],
        [
          77.1245027,
          28.6680822
        ],
        [
          77.1247151,
          28.6680647
        ],
        [
          77.1247246,
          28.668153
        ],
        [
          77.1245121,
          28.6681706
        ]
      ]
    ]
  }
},
{
  "type": "Feature",
  "id": "way/350501374",
  "properties": {
    "building": "yes",
    "id": "way/350501374"
  },
  "geometry": {
    "type": "Polygon",
    "coordinates": [
      [
        [
          77.1264313,
          28.6700227
        ],
        [
          77.1266325,
          28.6700017
        ],
        [
          77.1266468,
          28.670107
        ],
        [
          77.1264456,
          28.670128
        ],
        [
          77.1264313,
          28.6700227
        ]
      ]
    ]
  }
},
{
  "type": "Feature",
  "id": "way/350501375",
  "properties": {
    "building": "yes",
    "id": "way/350501375"
  },
  "geometry": {
    "type": "Polygon",
    "coordinates": [
      [
        [
          77.1266522,
          28.6697896
        ],
        [
          77.1266418,
          28.6696889
        ],
        [
          77.1268535,
          28.669672
        ],
        [
          77.1268639,
          28.6697727
        ],
        [
          77.1266522,
          28.6697896
        ]
      ]
    ]
  }
},
{
  "type": "Feature",
  "id": "way/350501376",
  "properties": {
    "building": "yes",
    "id": "way/350501376"
  },
  "geometry": {
    "type": "Polygon",
    "coordinates": [
      [
        [
          77.1259919,
          28.6696474
        ],
        [
          77.1259766,
          28.6695455
        ],
        [
          77.1262011,
          28.6695196
        ],
        [
          77.1262163,
          28.6696215
        ],
        [
          77.1259919,
          28.6696474
        ]
      ]
    ]
  }
},
{
  "type": "Feature",
  "id": "way/350501377",
  "properties": {
    "building": "yes",
    "id": "way/350501377"
  },
  "geometry": {
    "type": "Polygon",
    "coordinates": [
      [
        [
          77.1282525,
          28.6719997
        ],
        [
          77.128239,
          28.6718831
        ],
        [
          77.1284535,
          28.6718639
        ],
        [
          77.1284671,
          28.6719805
        ],
        [
          77.1282525,
          28.6719997
        ]
      ]
    ]
  }
},
{
  "type": "Feature",
  "id": "way/350501378",
  "properties": {
    "building": "yes",
    "id": "way/350501378"
  },
  "geometry": {
    "type": "Polygon",
    "coordinates": [
      [
        [
          77.1266853,
          28.6700487
        ],
        [
          77.1266752,
          28.6699561
        ],
        [
          77.1268802,
          28.6699388
        ],
        [
          77.1268903,
          28.6700314
        ],
        [
          77.1266853,
          28.6700487
        ]
      ]
    ]
  }
},
{
  "type": "Feature",
  "id": "way/350501379",
  "properties": {
    "building": "yes",
    "id": "way/350501379"
  },
  "geometry": {
    "type": "Polygon",
    "coordinates": [
      [
        [
          77.1246581,
          28.6690896
        ],
        [
          77.1246485,
          28.6690157
        ],
        [
          77.124853,
          28.6689954
        ],
        [
          77.1248625,
          28.6690693
        ],
        [
          77.1246581,
          28.6690896
        ]
      ]
    ]
  }
},
{
  "type": "Feature",
  "id": "way/350501380",
  "properties": {
    "building": "yes",
    "id": "way/350501380"
  },
  "geometry": {
    "type": "Polygon",
    "coordinates": [
      [
        [
          77.1268335,
          28.6750059
        ],
        [
          77.1268176,
          28.6748301
        ],
        [
          77.126894,
          28.6748247
        ],
        [
          77.1269099,
          28.6750006
        ],
        [
          77.1268335,
          28.6750059
        ]
      ]
    ]
  }
},
{
  "type": "Feature",
  "id": "way/350501381",
  "properties": {
    "building": "yes",
    "id": "way/350501381"
  },
  "geometry": {
    "type": "Polygon",
    "coordinates": [
      [
        [
          77.1255442,
          28.668993
        ],
        [
          77.125739,
          28.6689671
        ],
        [
          77.1257555,
          28.6690623
        ],
        [
          77.1255606,
          28.6690882
        ],
        [
          77.1255442,
          28.668993
        ]
      ]
    ]
  }
},
{
  "type": "Feature",
  "id": "way/350501382",
  "properties": {
    "building": "yes",
    "id": "way/350501382"
  },
  "geometry": {
    "type": "Polygon",
    "coordinates": [
      [
        [
          77.1255058,
          28.6742448
        ],
        [
          77.1254907,
          28.6740472
        ],
        [
          77.1255792,
          28.674042
        ],
        [
          77.1255944,
          28.6742396
        ],
        [
          77.1255058,
          28.6742448
        ]
      ]
    ]
  }
},
{
  "type": "Feature",
  "id": "way/350501383",
  "properties": {
    "building": "yes",
    "id": "way/350501383"
  },
  "geometry": {
    "type": "Polygon",
    "coordinates": [
      [
        [
          77.125436,
          28.668337
        ],
        [
          77.1254148,
          28.6681747
        ],
        [
          77.1256105,
          28.668155
        ],
        [
          77.1256316,
          28.6683173
        ],
        [
          77.125436,
          28.668337
        ]
      ]
    ]
  }
},
{
  "type": "Feature",
  "id": "way/350501384",
  "properties": {
    "building": "yes",
    "id": "way/350501384"
  },
  "geometry": {
    "type": "Polygon",
    "coordinates": [
      [
        [
          77.1271652,
          28.6712466
        ],
        [
          77.1271268,
          28.6710187
        ],
        [
          77.127248,
          28.671003
        ],
        [
          77.1272864,
          28.6712309
        ],
        [
          77.1271652,
          28.6712466
        ]
      ]
    ]
  }
},
{
  "type": "Feature",
  "id": "way/350501385",
  "properties": {
    "building": "yes",
    "id": "way/350501385"
  },
  "geometry": {
    "type": "Polygon",
    "coordinates": [
      [
        [
          77.126653,
          28.6750137
        ],
        [
          77.1266387,
          28.6748602
        ],
        [
          77.1267076,
          28.6748552
        ],
        [
          77.126722,
          28.6750087
        ],
        [
          77.126653,
          28.6750137
        ]
      ]
    ]
  }
},
{
  "type": "Feature",
  "id": "way/350501386",
  "properties": {
    "building": "yes",
    "id": "way/350501386"
  },
  "geometry": {
    "type": "Polygon",
    "coordinates": [
      [
        [
          77.1258922,
          28.6689505
        ],
        [
          77.1258804,
          28.6688527
        ],
        [
          77.1260824,
          28.668834
        ],
        [
          77.1260941,
          28.6689318
        ],
        [
          77.1258922,
          28.6689505
        ]
      ]
    ]
  }
},
{
  "type": "Feature",
  "id": "way/350501387",
  "properties": {
    "building": "yes",
    "id": "way/350501387"
  },
  "geometry": {
    "type": "Polygon",
    "coordinates": [
      [
        [
          77.1306018,
          28.6733465
        ],
        [
          77.1308222,
          28.6732835
        ],
        [
          77.1308692,
          28.6734103
        ],
        [
          77.1306488,
          28.6734733
        ],
        [
          77.1306018,
          28.6733465
        ]
      ]
    ]
  }
},
{
  "type": "Feature",
  "id": "way/350501388",
  "properties": {
    "building": "yes",
    "id": "way/350501388"
  },
  "geometry": {
    "type": "Polygon",
    "coordinates": [
      [
        [
          77.1241533,
          28.6681022
        ],
        [
          77.1241372,
          28.6679626
        ],
        [
          77.1243345,
          28.6679451
        ],
        [
          77.1243506,
          28.6680847
        ],
        [
          77.1241533,
          28.6681022
        ]
      ]
    ]
  }
},
{
  "type": "Feature",
  "id": "way/350501389",
  "properties": {
    "building": "yes",
    "id": "way/350501389"
  },
  "geometry": {
    "type": "Polygon",
    "coordinates": [
      [
        [
          77.1245037,
          28.6736176
        ],
        [
          77.1244932,
          28.6735472
        ],
        [
          77.1246586,
          28.6735283
        ],
        [
          77.124669,
          28.6735987
        ],
        [
          77.1245037,
          28.6736176
        ]
      ]
    ]
  }
},
{
  "type": "Feature",
  "id": "way/350501390",
  "properties": {
    "building": "yes",
    "id": "way/350501390"
  },
  "geometry": {
    "type": "Polygon",
    "coordinates": [
      [
        [
          77.1284687,
          28.6735502
        ],
        [
          77.1284505,
          28.6733933
        ],
        [
          77.1287579,
          28.6733658
        ],
        [
          77.1287761,
          28.6735227
        ],
        [
          77.1284687,
          28.6735502
        ]
      ]
    ]
  }
},
{
  "type": "Feature",
  "id": "way/350501391",
  "properties": {
    "building": "yes",
    "id": "way/350501391"
  },
  "geometry": {
    "type": "Polygon",
    "coordinates": [
      [
        [
          77.1288104,
          28.6716541
        ],
        [
          77.1287953,
          28.6715522
        ],
        [
          77.1290277,
          28.6715256
        ],
        [
          77.1290428,
          28.6716274
        ],
        [
          77.1288104,
          28.6716541
        ]
      ]
    ]
  }
},
{
  "type": "Feature",
  "id": "way/350501392",
  "properties": {
    "building": "yes",
    "id": "way/350501392"
  },
  "geometry": {
    "type": "Polygon",
    "coordinates": [
      [
        [
          77.1252821,
          28.6690013
        ],
        [
          77.1252745,
          28.6689253
        ],
        [
          77.1254614,
          28.6689109
        ],
        [
          77.125469,
          28.6689869
        ],
        [
          77.1252821,
          28.6690013
        ]
      ]
    ]
  }
},
{
  "type": "Feature",
  "id": "way/350501393",
  "properties": {
    "building": "yes",
    "id": "way/350501393"
  },
  "geometry": {
    "type": "Polygon",
    "coordinates": [
      [
        [
          77.1257476,
          28.6696617
        ],
        [
          77.1257345,
          28.6695723
        ],
        [
          77.125915,
          28.669552
        ],
        [
          77.1259281,
          28.6696414
        ],
        [
          77.1257476,
          28.6696617
        ]
      ]
    ]
  }
},
{
  "type": "Feature",
  "id": "way/350501394",
  "properties": {
    "building": "yes",
    "id": "way/350501394"
  },
  "geometry": {
    "type": "Polygon",
    "coordinates": [
      [
        [
          77.1305065,
          28.673839
        ],
        [
          77.1305121,
          28.6737346
        ],
        [
          77.1305899,
          28.6737378
        ],
        [
          77.1305843,
          28.6738422
        ],
        [
          77.1305065,
          28.673839
        ]
      ]
    ]
  }
},
{
  "type": "Feature",
  "id": "way/350501395",
  "properties": {
    "building": "yes",
    "id": "way/350501395"
  },
  "geometry": {
    "type": "Polygon",
    "coordinates": [
      [
        [
          77.1245609,
          28.6684101
        ],
        [
          77.1245496,
          28.668319
        ],
        [
          77.124754,
          28.6682994
        ],
        [
          77.1247654,
          28.6683905
        ],
        [
          77.1245609,
          28.6684101
        ]
      ]
    ]
  }
},
{
  "type": "Feature",
  "id": "way/350501396",
  "properties": {
    "building": "yes",
    "id": "way/350501396"
  },
  "geometry": {
    "type": "Polygon",
    "coordinates": [
      [
        [
          77.1297472,
          28.6728663
        ],
        [
          77.1296918,
          28.6727543
        ],
        [
          77.1297587,
          28.6727288
        ],
        [
          77.129814,
          28.6728408
        ],
        [
          77.1297472,
          28.6728663
        ]
      ]
    ]
  }
},
{
  "type": "Feature",
  "id": "way/350501397",
  "properties": {
    "building": "yes",
    "id": "way/350501397"
  },
  "geometry": {
    "type": "Polygon",
    "coordinates": [
      [
        [
          77.1259932,
          28.6739191
        ],
        [
          77.1259779,
          28.6738404
        ],
        [
          77.1261377,
          28.6738166
        ],
        [
          77.1261529,
          28.6738953
        ],
        [
          77.1259932,
          28.6739191
        ]
      ]
    ]
  }
},
{
  "type": "Feature",
  "id": "way/350501398",
  "properties": {
    "building": "yes",
    "id": "way/350501398"
  },
  "geometry": {
    "type": "Polygon",
    "coordinates": [
      [
        [
          77.1277658,
          28.6706044
        ],
        [
          77.1277522,
          28.6705018
        ],
        [
          77.127951,
          28.6704815
        ],
        [
          77.1279647,
          28.6705841
        ],
        [
          77.1277658,
          28.6706044
        ]
      ]
    ]
  }
},
{
  "type": "Feature",
  "id": "way/350501399",
  "properties": {
    "building": "yes",
    "id": "way/350501399"
  },
  "geometry": {
    "type": "Polygon",
    "coordinates": [
      [
        [
          77.1310814,
          28.6737543
        ],
        [
          77.1310363,
          28.6736658
        ],
        [
          77.1312938,
          28.6735647
        ],
        [
          77.1313389,
          28.6736533
        ],
        [
          77.1310814,
          28.6737543
        ]
      ]
    ]
  }
},
{
  "type": "Feature",
  "id": "way/350501400",
  "properties": {
    "building": "yes",
    "id": "way/350501400"
  },
  "geometry": {
    "type": "Polygon",
    "coordinates": [
      [
        [
          77.128085,
          28.6731624
        ],
        [
          77.1280572,
          28.6729238
        ],
        [
          77.1283255,
          28.6728998
        ],
        [
          77.1283533,
          28.6731384
        ],
        [
          77.128085,
          28.6731624
        ]
      ]
    ]
  }
},
{
  "type": "Feature",
  "id": "way/350501401",
  "properties": {
    "building": "yes",
    "id": "way/350501401"
  },
  "geometry": {
    "type": "Polygon",
    "coordinates": [
      [
        [
          77.1282186,
          28.6718758
        ],
        [
          77.1282029,
          28.6717407
        ],
        [
          77.1284874,
          28.6717153
        ],
        [
          77.1285031,
          28.6718504
        ],
        [
          77.1282186,
          28.6718758
        ]
      ]
    ]
  }
},
{
  "type": "Feature",
  "id": "way/350501402",
  "properties": {
    "building": "yes",
    "id": "way/350501402"
  },
  "geometry": {
    "type": "Polygon",
    "coordinates": [
      [
        [
          77.131196,
          28.6734655
        ],
        [
          77.1310593,
          28.6732683
        ],
        [
          77.131116,
          28.6732302
        ],
        [
          77.1312786,
          28.6733976
        ],
        [
          77.131196,
          28.6734655
        ]
      ]
    ]
  }
},
{
  "type": "Feature",
  "id": "way/350501403",
  "properties": {
    "building": "yes",
    "id": "way/350501403"
  },
  "geometry": {
    "type": "Polygon",
    "coordinates": [
      [
        [
          77.1263427,
          28.6741034
        ],
        [
          77.1263288,
          28.6740147
        ],
        [
          77.1264853,
          28.6739958
        ],
        [
          77.1264993,
          28.6740845
        ],
        [
          77.1263427,
          28.6741034
        ]
      ]
    ]
  }
},
{
  "type": "Feature",
  "id": "way/350501404",
  "properties": {
    "building": "yes",
    "id": "way/350501404"
  },
  "geometry": {
    "type": "Polygon",
    "coordinates": [
      [
        [
          77.129673,
          28.6723287
        ],
        [
          77.1296591,
          28.6722317
        ],
        [
          77.1298811,
          28.6722072
        ],
        [
          77.129895,
          28.6723042
        ],
        [
          77.129673,
          28.6723287
        ]
      ]
    ]
  }
},
{
  "type": "Feature",
  "id": "way/350501405",
  "properties": {
    "building": "yes",
    "id": "way/350501405"
  },
  "geometry": {
    "type": "Polygon",
    "coordinates": [
      [
        [
          77.1295758,
          28.6726418
        ],
        [
          77.1294744,
          28.6723839
        ],
        [
          77.1295501,
          28.672361
        ],
        [
          77.1296515,
          28.6726188
        ],
        [
          77.1295758,
          28.6726418
        ]
      ]
    ]
  }
},
{
  "type": "Feature",
  "id": "way/350501406",
  "properties": {
    "building": "yes",
    "id": "way/350501406"
  },
  "geometry": {
    "type": "Polygon",
    "coordinates": [
      [
        [
          77.128257,
          28.6721543
        ],
        [
          77.1282405,
          28.6720119
        ],
        [
          77.1284874,
          28.6719898
        ],
        [
          77.128504,
          28.6721322
        ],
        [
          77.128257,
          28.6721543
        ]
      ]
    ]
  }
},
{
  "type": "Feature",
  "id": "way/350501407",
  "properties": {
    "building": "yes",
    "id": "way/350501407"
  },
  "geometry": {
    "type": "Polygon",
    "coordinates": [
      [
        [
          77.1291858,
          28.6720123
        ],
        [
          77.1291723,
          28.6718961
        ],
        [
          77.129449,
          28.6718714
        ],
        [
          77.1294625,
          28.6719875
        ],
        [
          77.1291858,
          28.6720123
        ]
      ]
    ]
  }
},
{
  "type": "Feature",
  "id": "way/350501408",
  "properties": {
    "building": "yes",
    "id": "way/350501408"
  },
  "geometry": {
    "type": "Polygon",
    "coordinates": [
      [
        [
          77.1274667,
          28.6712645
        ],
        [
          77.1274509,
          28.6710475
        ],
        [
          77.1276018,
          28.671039
        ],
        [
          77.1276176,
          28.671256
        ],
        [
          77.1274667,
          28.6712645
        ]
      ]
    ]
  }
},
{
  "type": "Feature",
  "id": "way/350501409",
  "properties": {
    "building": "yes",
    "id": "way/350501409"
  },
  "geometry": {
    "type": "Polygon",
    "coordinates": [
      [
        [
          77.1310914,
          28.6629921
        ],
        [
          77.1312075,
          28.6628706
        ],
        [
          77.1314343,
          28.6630374
        ],
        [
          77.1313182,
          28.6631589
        ],
        [
          77.1310914,
          28.6629921
        ]
      ]
    ]
  }
},
{
  "type": "Feature",
  "id": "way/350501410",
  "properties": {
    "building": "yes",
    "id": "way/350501410"
  },
  "geometry": {
    "type": "Polygon",
    "coordinates": [
      [
        [
          77.131206,
          28.6743624
        ],
        [
          77.1314115,
          28.6743247
        ],
        [
          77.1314385,
          28.6744379
        ],
        [
          77.1312329,
          28.6744756
        ],
        [
          77.131206,
          28.6743624
        ]
      ]
    ]
  }
},
{
  "type": "Feature",
  "id": "way/350501411",
  "properties": {
    "building": "yes",
    "id": "way/350501411"
  },
  "geometry": {
    "type": "Polygon",
    "coordinates": [
      [
        [
          77.1252589,
          28.6688289
        ],
        [
          77.1252503,
          28.6687398
        ],
        [
          77.1254311,
          28.6687264
        ],
        [
          77.1254397,
          28.6688156
        ],
        [
          77.1252589,
          28.6688289
        ]
      ]
    ]
  }
},
{
  "type": "Feature",
  "id": "way/350501412",
  "properties": {
    "building": "yes",
    "id": "way/350501412"
  },
  "geometry": {
    "type": "Polygon",
    "coordinates": [
      [
        [
          77.1263578,
          28.6695098
        ],
        [
          77.1265615,
          28.6694972
        ],
        [
          77.126568,
          28.6695789
        ],
        [
          77.1263644,
          28.6695915
        ],
        [
          77.1263578,
          28.6695098
        ]
      ]
    ]
  }
},
{
  "type": "Feature",
  "id": "way/350501413",
  "properties": {
    "building": "yes",
    "id": "way/350501413"
  },
  "geometry": {
    "type": "Polygon",
    "coordinates": [
      [
        [
          77.1277765,
          28.6742562
        ],
        [
          77.1277539,
          28.6740639
        ],
        [
          77.1279474,
          28.6740464
        ],
        [
          77.12797,
          28.6742387
        ],
        [
          77.1277765,
          28.6742562
        ]
      ]
    ]
  }
},
{
  "type": "Feature",
  "id": "way/350501414",
  "properties": {
    "building": "yes",
    "id": "way/350501414"
  },
  "geometry": {
    "type": "Polygon",
    "coordinates": [
      [
        [
          77.131039,
          28.6734982
        ],
        [
          77.1310051,
          28.6732971
        ],
        [
          77.1310629,
          28.6732896
        ],
        [
          77.1311679,
          28.6734511
        ],
        [
          77.131039,
          28.6734982
        ]
      ]
    ]
  }
},
{
  "type": "Feature",
  "id": "way/350501415",
  "properties": {
    "building": "yes",
    "id": "way/350501415"
  },
  "geometry": {
    "type": "Polygon",
    "coordinates": [
      [
        [
          77.1308902,
          28.6745255
        ],
        [
          77.131141,
          28.6744849
        ],
        [
          77.1311704,
          28.6746246
        ],
        [
          77.1309196,
          28.6746652
        ],
        [
          77.1308902,
          28.6745255
        ]
      ]
    ]
  }
},
{
  "type": "Feature",
  "id": "way/350501416",
  "properties": {
    "building": "yes",
    "id": "way/350501416"
  },
  "geometry": {
    "type": "Polygon",
    "coordinates": [
      [
        [
          77.1267337,
          28.6750151
        ],
        [
          77.1267201,
          28.6748644
        ],
        [
          77.1268117,
          28.6748581
        ],
        [
          77.1268252,
          28.6750087
        ],
        [
          77.1267337,
          28.6750151
        ]
      ]
    ]
  }
},
{
  "type": "Feature",
  "id": "way/350501417",
  "properties": {
    "building": "yes",
    "id": "way/350501417"
  },
  "geometry": {
    "type": "Polygon",
    "coordinates": [
      [
        [
          77.1265484,
          28.6750452
        ],
        [
          77.1265316,
          28.67487
        ],
        [
          77.1266308,
          28.6748627
        ],
        [
          77.1266476,
          28.6750379
        ],
        [
          77.1265484,
          28.6750452
        ]
      ]
    ]
  }
},
{
  "type": "Feature",
  "id": "way/350501418",
  "properties": {
    "building": "yes",
    "id": "way/350501418"
  },
  "geometry": {
    "type": "Polygon",
    "coordinates": [
      [
        [
          77.1307341,
          28.6738264
        ],
        [
          77.1307309,
          28.6737178
        ],
        [
          77.1308532,
          28.673715
        ],
        [
          77.1308564,
          28.6738236
        ],
        [
          77.1307341,
          28.6738264
        ]
      ]
    ]
  }
},
{
  "type": "Feature",
  "id": "way/350501419",
  "properties": {
    "building": "yes",
    "id": "way/350501419"
  },
  "geometry": {
    "type": "Polygon",
    "coordinates": [
      [
        [
          77.1244877,
          28.6735419
        ],
        [
          77.1244753,
          28.6734688
        ],
        [
          77.1246518,
          28.6734456
        ],
        [
          77.1246642,
          28.6735188
        ],
        [
          77.1244877,
          28.6735419
        ]
      ]
    ]
  }
},
{
  "type": "Feature",
  "id": "way/350501420",
  "properties": {
    "building": "yes",
    "id": "way/350501420"
  },
  "geometry": {
    "type": "Polygon",
    "coordinates": [
      [
        [
          77.1305818,
          28.673333
        ],
        [
          77.1305287,
          28.6731814
        ],
        [
          77.1307526,
          28.673121
        ],
        [
          77.1308057,
          28.6732726
        ],
        [
          77.1305818,
          28.673333
        ]
      ]
    ]
  }
},
{
  "type": "Feature",
  "id": "way/350501421",
  "properties": {
    "building": "yes",
    "id": "way/350501421"
  },
  "geometry": {
    "type": "Polygon",
    "coordinates": [
      [
        [
          77.1296795,
          28.6729334
        ],
        [
          77.1295884,
          28.6727575
        ],
        [
          77.1296697,
          28.6727252
        ],
        [
          77.1297607,
          28.672901
        ],
        [
          77.1296795,
          28.6729334
        ]
      ]
    ]
  }
},
{
  "type": "Feature",
  "id": "way/350501422",
  "properties": {
    "building": "yes",
    "id": "way/350501422"
  },
  "geometry": {
    "type": "Polygon",
    "coordinates": [
      [
        [
          77.1247853,
          28.6683012
        ],
        [
          77.1247775,
          28.6682124
        ],
        [
          77.1250043,
          28.668197
        ],
        [
          77.1250121,
          28.6682858
        ],
        [
          77.1247853,
          28.6683012
        ]
      ]
    ]
  }
},
{
  "type": "Feature",
  "id": "way/350501423",
  "properties": {
    "building": "yes",
    "id": "way/350501423"
  },
  "geometry": {
    "type": "Polygon",
    "coordinates": [
      [
        [
          77.1244965,
          28.6737395
        ],
        [
          77.1244786,
          28.673631
        ],
        [
          77.1246607,
          28.6736079
        ],
        [
          77.1246786,
          28.6737164
        ],
        [
          77.1244965,
          28.6737395
        ]
      ]
    ]
  }
},
{
  "type": "Feature",
  "id": "way/350501424",
  "properties": {
    "building": "yes",
    "id": "way/350501424"
  },
  "geometry": {
    "type": "Polygon",
    "coordinates": [
      [
        [
          77.1280277,
          28.67263
        ],
        [
          77.1280139,
          28.6725111
        ],
        [
          77.128257,
          28.6724893
        ],
        [
          77.1282708,
          28.6726083
        ],
        [
          77.1280277,
          28.67263
        ]
      ]
    ]
  }
},
{
  "type": "Feature",
  "id": "way/350501425",
  "properties": {
    "building": "yes",
    "id": "way/350501425"
  },
  "geometry": {
    "type": "Polygon",
    "coordinates": [
      [
        [
          77.1273178,
          28.670006
        ],
        [
          77.1275022,
          28.6699787
        ],
        [
          77.127516,
          28.6700503
        ],
        [
          77.1273315,
          28.6700777
        ],
        [
          77.1273178,
          28.670006
        ]
      ]
    ]
  }
},
{
  "type": "Feature",
  "id": "way/350501426",
  "properties": {
    "building": "yes",
    "id": "way/350501426"
  },
  "geometry": {
    "type": "Polygon",
    "coordinates": [
      [
        [
          77.1285098,
          28.6736736
        ],
        [
          77.1284968,
          28.6735623
        ],
        [
          77.1287695,
          28.6735379
        ],
        [
          77.1287825,
          28.6736492
        ],
        [
          77.1285098,
          28.6736736
        ]
      ]
    ]
  }
},
{
  "type": "Feature",
  "id": "way/350501427",
  "properties": {
    "building": "yes",
    "id": "way/350501427"
  },
  "geometry": {
    "type": "Polygon",
    "coordinates": [
      [
        [
          77.1283008,
          28.6687299
        ],
        [
          77.1282775,
          28.6685485
        ],
        [
          77.1283899,
          28.6685374
        ],
        [
          77.1284132,
          28.6687188
        ],
        [
          77.1283008,
          28.6687299
        ]
      ]
    ]
  }
},
{
  "type": "Feature",
  "id": "way/350501428",
  "properties": {
    "building": "yes",
    "id": "way/350501428"
  },
  "geometry": {
    "type": "Polygon",
    "coordinates": [
      [
        [
          77.1260247,
          28.669817
        ],
        [
          77.1260017,
          28.6696571
        ],
        [
          77.1262046,
          28.6696346
        ],
        [
          77.1262275,
          28.6697946
        ],
        [
          77.1260247,
          28.669817
        ]
      ]
    ]
  }
},
{
  "type": "Feature",
  "id": "way/350501429",
  "properties": {
    "building": "yes",
    "id": "way/350501429"
  },
  "geometry": {
    "type": "Polygon",
    "coordinates": [
      [
        [
          77.125758,
          28.6697717
        ],
        [
          77.1257425,
          28.6696741
        ],
        [
          77.1259318,
          28.6696509
        ],
        [
          77.1259472,
          28.6697486
        ],
        [
          77.125758,
          28.6697717
        ]
      ]
    ]
  }
},
{
  "type": "Feature",
  "id": "way/350501430",
  "properties": {
    "building": "yes",
    "id": "way/350501430"
  },
  "geometry": {
    "type": "Polygon",
    "coordinates": [
      [
        [
          77.1304086,
          28.6738122
        ],
        [
          77.1304205,
          28.673719
        ],
        [
          77.1305038,
          28.6737272
        ],
        [
          77.1304918,
          28.6738204
        ],
        [
          77.1304086,
          28.6738122
        ]
      ]
    ]
  }
},
{
  "type": "Feature",
  "id": "way/350501431",
  "properties": {
    "building": "yes",
    "id": "way/350501431"
  },
  "geometry": {
    "type": "Polygon",
    "coordinates": [
      [
        [
          77.1241989,
          28.6684519
        ],
        [
          77.1241845,
          28.66831
        ],
        [
          77.1243913,
          28.6682938
        ],
        [
          77.1244057,
          28.6684358
        ],
        [
          77.1241989,
          28.6684519
        ]
      ]
    ]
  }
},
{
  "type": "Feature",
  "id": "way/350501432",
  "properties": {
    "building": "yes",
    "id": "way/350501432"
  },
  "geometry": {
    "type": "Polygon",
    "coordinates": [
      [
        [
          77.1298335,
          28.6728675
        ],
        [
          77.1297656,
          28.6727042
        ],
        [
          77.1298392,
          28.6726807
        ],
        [
          77.1299071,
          28.6728439
        ],
        [
          77.1298335,
          28.6728675
        ]
      ]
    ]
  }
},
{
  "type": "Feature",
  "id": "way/350501433",
  "properties": {
    "building": "yes",
    "id": "way/350501433"
  },
  "geometry": {
    "type": "Polygon",
    "coordinates": [
      [
        [
          77.1242244,
          28.668653
        ],
        [
          77.1242152,
          28.6685711
        ],
        [
          77.1244244,
          28.6685528
        ],
        [
          77.1244337,
          28.6686348
        ],
        [
          77.1242244,
          28.668653
        ]
      ]
    ]
  }
},
{
  "type": "Feature",
  "id": "way/350501434",
  "properties": {
    "building": "yes",
    "id": "way/350501434"
  },
  "geometry": {
    "type": "Polygon",
    "coordinates": [
      [
        [
          77.127789,
          28.6707067
        ],
        [
          77.1277789,
          28.6706089
        ],
        [
          77.1279738,
          28.6705935
        ],
        [
          77.1279838,
          28.6706913
        ],
        [
          77.127789,
          28.6707067
        ]
      ]
    ]
  }
},
{
  "type": "Feature",
  "id": "way/350501435",
  "properties": {
    "building": "yes",
    "id": "way/350501435"
  },
  "geometry": {
    "type": "Polygon",
    "coordinates": [
      [
        [
          77.1314708,
          28.6739699
        ],
        [
          77.1313489,
          28.6737816
        ],
        [
          77.1314184,
          28.6737469
        ],
        [
          77.1315404,
          28.6739352
        ],
        [
          77.1314708,
          28.6739699
        ]
      ]
    ]
  }
},
{
  "type": "Feature",
  "id": "way/350501436",
  "properties": {
    "building": "yes",
    "id": "way/350501436"
  },
  "geometry": {
    "type": "Polygon",
    "coordinates": [
      [
        [
          77.1300563,
          28.6729468
        ],
        [
          77.1300266,
          28.6728808
        ],
        [
          77.130136,
          28.6728429
        ],
        [
          77.1301657,
          28.672909
        ],
        [
          77.1300563,
          28.6729468
        ]
      ]
    ]
  }
},
{
  "type": "Feature",
  "id": "way/350501437",
  "properties": {
    "building": "yes",
    "id": "way/350501437"
  },
  "geometry": {
    "type": "Polygon",
    "coordinates": [
      [
        [
          77.1251868,
          28.6682945
        ],
        [
          77.1251744,
          28.6682082
        ],
        [
          77.1253772,
          28.6681858
        ],
        [
          77.1253896,
          28.6682721
        ],
        [
          77.1251868,
          28.6682945
        ]
      ]
    ]
  }
},
{
  "type": "Feature",
  "id": "way/350501438",
  "properties": {
    "building": "yes",
    "id": "way/350501438"
  },
  "geometry": {
    "type": "Polygon",
    "coordinates": [
      [
        [
          77.1296565,
          28.6726046
        ],
        [
          77.1295567,
          28.6723531
        ],
        [
          77.1296298,
          28.6723307
        ],
        [
          77.1297296,
          28.6725823
        ],
        [
          77.1296565,
          28.6726046
        ]
      ]
    ]
  }
},
{
  "type": "Feature",
  "id": "way/350501439",
  "properties": {
    "building": "yes",
    "id": "way/350501439"
  },
  "geometry": {
    "type": "Polygon",
    "coordinates": [
      [
        [
          77.126322,
          28.6740039
        ],
        [
          77.126306,
          28.67387
        ],
        [
          77.1264586,
          28.673856
        ],
        [
          77.1264745,
          28.67399
        ],
        [
          77.126322,
          28.6740039
        ]
      ]
    ]
  }
},
{
  "type": "Feature",
  "id": "way/350501440",
  "properties": {
    "building": "yes",
    "id": "way/350501440"
  },
  "geometry": {
    "type": "Polygon",
    "coordinates": [
      [
        [
          77.1291613,
          28.6717568
        ],
        [
          77.1294132,
          28.671735
        ],
        [
          77.1294267,
          28.6718554
        ],
        [
          77.1291748,
          28.6718772
        ],
        [
          77.1291613,
          28.6717568
        ]
      ]
    ]
  }
},
{
  "type": "Feature",
  "id": "way/350501441",
  "properties": {
    "building": "yes",
    "id": "way/350501441"
  },
  "geometry": {
    "type": "Polygon",
    "coordinates": [
      [
        [
          77.1276013,
          28.6695429
        ],
        [
          77.1275841,
          28.669385
        ],
        [
          77.1278013,
          28.6693668
        ],
        [
          77.1278185,
          28.6695247
        ],
        [
          77.1276013,
          28.6695429
        ]
      ]
    ]
  }
},
{
  "type": "Feature",
  "id": "way/350501442",
  "properties": {
    "building": "yes",
    "id": "way/350501442"
  },
  "geometry": {
    "type": "Polygon",
    "coordinates": [
      [
        [
          77.1260203,
          28.6742372
        ],
        [
          77.1260099,
          28.6741794
        ],
        [
          77.1261769,
          28.6741563
        ],
        [
          77.1261873,
          28.6742141
        ],
        [
          77.1260203,
          28.6742372
        ]
      ]
    ]
  }
},
{
  "type": "Feature",
  "id": "way/350501443",
  "properties": {
    "building": "yes",
    "id": "way/350501443"
  },
  "geometry": {
    "type": "Polygon",
    "coordinates": [
      [
        [
          77.1294805,
          28.6726539
        ],
        [
          77.1294086,
          28.6724101
        ],
        [
          77.1294728,
          28.6723955
        ],
        [
          77.1295646,
          28.6726358
        ],
        [
          77.1294805,
          28.6726539
        ]
      ]
    ]
  }
},
{
  "type": "Feature",
  "id": "way/350501444",
  "properties": {
    "building": "yes",
    "id": "way/350501444"
  },
  "geometry": {
    "type": "Polygon",
    "coordinates": [
      [
        [
          77.1291923,
          28.6721289
        ],
        [
          77.1291827,
          28.6720263
        ],
        [
          77.1294285,
          28.6720085
        ],
        [
          77.1294381,
          28.6721112
        ],
        [
          77.1291923,
          28.6721289
        ]
      ]
    ]
  }
},
{
  "type": "Feature",
  "id": "way/350501445",
  "properties": {
    "building": "yes",
    "id": "way/350501445"
  },
  "geometry": {
    "type": "Polygon",
    "coordinates": [
      [
        [
          77.1263482,
          28.6694208
        ],
        [
          77.1265543,
          28.6694047
        ],
        [
          77.1265627,
          28.6694881
        ],
        [
          77.1263567,
          28.6695042
        ],
        [
          77.1263482,
          28.6694208
        ]
      ]
    ]
  }
},
{
  "type": "Feature",
  "id": "way/350501446",
  "properties": {
    "building": "yes",
    "id": "way/350501446"
  },
  "geometry": {
    "type": "Polygon",
    "coordinates": [
      [
        [
          77.1270944,
          28.6702697
        ],
        [
          77.1270824,
          28.6701092
        ],
        [
          77.1272774,
          28.670098
        ],
        [
          77.1272894,
          28.6702585
        ],
        [
          77.1270944,
          28.6702697
        ]
      ]
    ]
  }
},
{
  "type": "Feature",
  "id": "way/350501447",
  "properties": {
    "building": "yes",
    "id": "way/350501447"
  },
  "geometry": {
    "type": "Polygon",
    "coordinates": [
      [
        [
          77.1273007,
          28.6712348
        ],
        [
          77.1272645,
          28.6710207
        ],
        [
          77.1274042,
          28.6710026
        ],
        [
          77.1274404,
          28.6712166
        ],
        [
          77.1273007,
          28.6712348
        ]
      ]
    ]
  }
},
{
  "type": "Feature",
  "id": "way/350501448",
  "properties": {
    "building": "yes",
    "id": "way/350501448"
  },
  "geometry": {
    "type": "Polygon",
    "coordinates": [
      [
        [
          77.127738,
          28.6740106
        ],
        [
          77.1277143,
          28.6738392
        ],
        [
          77.1278876,
          28.6738207
        ],
        [
          77.1279113,
          28.6739921
        ],
        [
          77.127738,
          28.6740106
        ]
      ]
    ]
  }
},
{
  "type": "Feature",
  "id": "way/350501449",
  "properties": {
    "building": "yes",
    "id": "way/350501449"
  },
  "geometry": {
    "type": "Polygon",
    "coordinates": [
      [
        [
          77.1283377,
          28.6725721
        ],
        [
          77.1283232,
          28.6724475
        ],
        [
          77.1285693,
          28.6724254
        ],
        [
          77.1285837,
          28.6725501
        ],
        [
          77.1283377,
          28.6725721
        ]
      ]
    ]
  }
},
{
  "type": "Feature",
  "id": "way/350501450",
  "properties": {
    "building": "yes",
    "id": "way/350501450"
  },
  "geometry": {
    "type": "Polygon",
    "coordinates": [
      [
        [
          77.1312613,
          28.6744773
        ],
        [
          77.1314375,
          28.6744506
        ],
        [
          77.1314628,
          28.6745788
        ],
        [
          77.1312866,
          28.6746055
        ],
        [
          77.1312613,
          28.6744773
        ]
      ]
    ]
  }
},
{
  "type": "Feature",
  "id": "way/350501451",
  "properties": {
    "building": "yes",
    "id": "way/350501451"
  },
  "geometry": {
    "type": "Polygon",
    "coordinates": [
      [
        [
          77.1263842,
          28.6696884
        ],
        [
          77.1263738,
          28.6696042
        ],
        [
          77.1265735,
          28.6695853
        ],
        [
          77.1265838,
          28.6696695
        ],
        [
          77.1263842,
          28.6696884
        ]
      ]
    ]
  }
},
{
  "type": "Feature",
  "id": "way/350501452",
  "properties": {
    "building": "yes",
    "id": "way/350501452"
  },
  "geometry": {
    "type": "Polygon",
    "coordinates": [
      [
        [
          77.1248324,
          28.6685935
        ],
        [
          77.1248198,
          28.6684946
        ],
        [
          77.1250339,
          28.6684735
        ],
        [
          77.1250465,
          28.6685725
        ],
        [
          77.1248324,
          28.6685935
        ]
      ]
    ]
  }
},
{
  "type": "Feature",
  "id": "way/350501453",
  "properties": {
    "building": "yes",
    "id": "way/350501453"
  },
  "geometry": {
    "type": "Polygon",
    "coordinates": [
      [
        [
          77.1254891,
          28.6687123
        ],
        [
          77.1254642,
          28.6685191
        ],
        [
          77.1256695,
          28.6684988
        ],
        [
          77.1256943,
          28.668692
        ],
        [
          77.1254891,
          28.6687123
        ]
      ]
    ]
  }
},
{
  "type": "Feature",
  "id": "way/350501454",
  "properties": {
    "building": "yes",
    "id": "way/350501454"
  },
  "geometry": {
    "type": "Polygon",
    "coordinates": [
      [
        [
          77.1257212,
          28.6695629
        ],
        [
          77.1257111,
          28.6694931
        ],
        [
          77.1258988,
          28.6694721
        ],
        [
          77.1259089,
          28.6695418
        ],
        [
          77.1257212,
          28.6695629
        ]
      ]
    ]
  }
},
{
  "type": "Feature",
  "id": "way/350501455",
  "properties": {
    "building": "yes",
    "id": "way/350501455"
  },
  "geometry": {
    "type": "Polygon",
    "coordinates": [
      [
        [
          77.1305951,
          28.6738383
        ],
        [
          77.1305983,
          28.6737353
        ],
        [
          77.1307207,
          28.6737382
        ],
        [
          77.1307175,
          28.6738412
        ],
        [
          77.1305951,
          28.6738383
        ]
      ]
    ]
  }
},
{
  "type": "Feature",
  "id": "way/350501456",
  "properties": {
    "building": "yes",
    "id": "way/350501456"
  },
  "geometry": {
    "type": "Polygon",
    "coordinates": [
      [
        [
          77.1314545,
          28.6737295
        ],
        [
          77.131328,
          28.6735234
        ],
        [
          77.1314163,
          28.6734813
        ],
        [
          77.1315823,
          28.6736567
        ],
        [
          77.1314545,
          28.6737295
        ]
      ]
    ]
  }
},
{
  "type": "Feature",
  "id": "way/350501457",
  "properties": {
    "building": "yes",
    "id": "way/350501457"
  },
  "geometry": {
    "type": "Polygon",
    "coordinates": [
      [
        [
          77.1267695,
          28.6705894
        ],
        [
          77.1267492,
          28.6704209
        ],
        [
          77.1269561,
          28.6704017
        ],
        [
          77.1269764,
          28.6705702
        ],
        [
          77.1267695,
          28.6705894
        ]
      ]
    ]
  }
},
{
  "type": "Feature",
  "id": "way/350501458",
  "properties": {
    "building": "yes",
    "id": "way/350501458"
  },
  "geometry": {
    "type": "Polygon",
    "coordinates": [
      [
        [
          77.1295796,
          28.6729551
        ],
        [
          77.1295054,
          28.6727653
        ],
        [
          77.1295756,
          28.6727441
        ],
        [
          77.1296499,
          28.672934
        ],
        [
          77.1295796,
          28.6729551
        ]
      ]
    ]
  }
},
{
  "type": "Feature",
  "id": "way/350501459",
  "properties": {
    "building": "yes",
    "id": "way/350501459"
  },
  "geometry": {
    "type": "Polygon",
    "coordinates": [
      [
        [
          77.1277644,
          28.6704904
        ],
        [
          77.1277548,
          28.6704051
        ],
        [
          77.127951,
          28.670388
        ],
        [
          77.1279607,
          28.6704733
        ],
        [
          77.1277644,
          28.6704904
        ]
      ]
    ]
  }
},
{
  "type": "Feature",
  "id": "way/350501460",
  "properties": {
    "building": "yes",
    "id": "way/350501460"
  },
  "geometry": {
    "type": "Polygon",
    "coordinates": [
      [
        [
          77.1311379,
          28.6738544
        ],
        [
          77.1310917,
          28.6737702
        ],
        [
          77.1313616,
          28.6736562
        ],
        [
          77.1314078,
          28.6737405
        ],
        [
          77.1311379,
          28.6738544
        ]
      ]
    ]
  }
},
{
  "type": "Feature",
  "id": "way/350501461",
  "properties": {
    "building": "yes",
    "id": "way/350501461"
  },
  "geometry": {
    "type": "Polygon",
    "coordinates": [
      [
        [
          77.1265916,
          28.6747281
        ],
        [
          77.126574,
          28.6745662
        ],
        [
          77.1267516,
          28.6745514
        ],
        [
          77.1267692,
          28.6747132
        ],
        [
          77.1265916,
          28.6747281
        ]
      ]
    ]
  }
},
{
  "type": "Feature",
  "id": "way/350501462",
  "properties": {
    "building": "yes",
    "id": "way/350501462"
  },
  "geometry": {
    "type": "Polygon",
    "coordinates": [
      [
        [
          77.1242164,
          28.6685598
        ],
        [
          77.1242044,
          28.6684637
        ],
        [
          77.1244,
          28.6684447
        ],
        [
          77.1244121,
          28.6685409
        ],
        [
          77.1242164,
          28.6685598
        ]
      ]
    ]
  }
},
{
  "type": "Feature",
  "id": "way/350501463",
  "properties": {
    "building": "yes",
    "id": "way/350501463"
  },
  "geometry": {
    "type": "Polygon",
    "coordinates": [
      [
        [
          77.1245718,
          28.6686066
        ],
        [
          77.1245613,
          28.6685186
        ],
        [
          77.1247753,
          28.668499
        ],
        [
          77.1247858,
          28.668587
        ],
        [
          77.1245718,
          28.6686066
        ]
      ]
    ]
  }
},
{
  "type": "Feature",
  "id": "way/350501464",
  "properties": {
    "building": "yes",
    "id": "way/350501464"
  },
  "geometry": {
    "type": "Polygon",
    "coordinates": [
      [
        [
          77.1288775,
          28.6720885
        ],
        [
          77.1288615,
          28.6719734
        ],
        [
          77.1291171,
          28.671946
        ],
        [
          77.1291331,
          28.6720612
        ],
        [
          77.1288775,
          28.6720885
        ]
      ]
    ]
  }
},
{
  "type": "Feature",
  "id": "way/350501465",
  "properties": {
    "building": "yes",
    "id": "way/350501465"
  },
  "geometry": {
    "type": "Polygon",
    "coordinates": [
      [
        [
          77.1242524,
          28.6687707
        ],
        [
          77.1242412,
          28.6686803
        ],
        [
          77.1244392,
          28.6686614
        ],
        [
          77.1244504,
          28.6687518
        ],
        [
          77.1242524,
          28.6687707
        ]
      ]
    ]
  }
},
{
  "type": "Feature",
  "id": "way/350501466",
  "properties": {
    "building": "yes",
    "id": "way/350501466"
  },
  "geometry": {
    "type": "Polygon",
    "coordinates": [
      [
        [
          77.1260148,
          28.6740845
        ],
        [
          77.1260022,
          28.6740162
        ],
        [
          77.1261603,
          28.6739938
        ],
        [
          77.1261729,
          28.674062
        ],
        [
          77.1260148,
          28.6740845
        ]
      ]
    ]
  }
},
{
  "type": "Feature",
  "id": "way/350501467",
  "properties": {
    "building": "yes",
    "id": "way/350501467"
  },
  "geometry": {
    "type": "Polygon",
    "coordinates": [
      [
        [
          77.1273686,
          28.6704426
        ],
        [
          77.1273579,
          28.6703559
        ],
        [
          77.1275648,
          28.6703363
        ],
        [
          77.1275754,
          28.670423
        ],
        [
          77.1273686,
          28.6704426
        ]
      ]
    ]
  }
},
{
  "type": "Feature",
  "id": "way/350501468",
  "properties": {
    "building": "yes",
    "id": "way/350501468"
  },
  "geometry": {
    "type": "Polygon",
    "coordinates": [
      [
        [
          77.1251937,
          28.6684544
        ],
        [
          77.1251824,
          28.668367
        ],
        [
          77.1253806,
          28.6683472
        ],
        [
          77.1253919,
          28.6684346
        ],
        [
          77.1251937,
          28.6684544
        ]
      ]
    ]
  }
},
{
  "type": "Feature",
  "id": "way/350501469",
  "properties": {
    "building": "yes",
    "id": "way/350501469"
  },
  "geometry": {
    "type": "Polygon",
    "coordinates": [
      [
        [
          77.1281711,
          28.6736081
        ],
        [
          77.1281517,
          28.6734413
        ],
        [
          77.1284139,
          28.6734178
        ],
        [
          77.1284333,
          28.6735846
        ],
        [
          77.1281711,
          28.6736081
        ]
      ]
    ]
  }
},
{
  "type": "Feature",
  "id": "way/350501470",
  "properties": {
    "building": "yes",
    "id": "way/350501470"
  },
  "geometry": {
    "type": "Polygon",
    "coordinates": [
      [
        [
          77.1267997,
          28.6708163
        ],
        [
          77.126776,
          28.6705983
        ],
        [
          77.1270092,
          28.6705787
        ],
        [
          77.1270329,
          28.6707967
        ],
        [
          77.1267997,
          28.6708163
        ]
      ]
    ]
  }
},
{
  "type": "Feature",
  "id": "way/350501471",
  "properties": {
    "building": "yes",
    "id": "way/350501471"
  },
  "geometry": {
    "type": "Polygon",
    "coordinates": [
      [
        [
          77.12517,
          28.6682006
        ],
        [
          77.1251478,
          28.668056
        ],
        [
          77.1253499,
          28.6680321
        ],
        [
          77.1253721,
          28.6681768
        ],
        [
          77.12517,
          28.6682006
        ]
      ]
    ]
  }
},
{
  "type": "Feature",
  "id": "way/350501472",
  "properties": {
    "building": "yes",
    "id": "way/350501472"
  },
  "geometry": {
    "type": "Polygon",
    "coordinates": [
      [
        [
          77.1304312,
          28.6734353
        ],
        [
          77.1305661,
          28.6733971
        ],
        [
          77.1305937,
          28.6734723
        ],
        [
          77.1304588,
          28.6735104
        ],
        [
          77.1304312,
          28.6734353
        ]
      ]
    ]
  }
},
{
  "type": "Feature",
  "id": "way/350501473",
  "properties": {
    "building": "yes",
    "id": "way/350501473"
  },
  "geometry": {
    "type": "Polygon",
    "coordinates": [
      [
        [
          77.1258183,
          28.6741922
        ],
        [
          77.1258058,
          28.674115
        ],
        [
          77.1259967,
          28.6740912
        ],
        [
          77.1260092,
          28.6741684
        ],
        [
          77.1258183,
          28.6741922
        ]
      ]
    ]
  }
},
{
  "type": "Feature",
  "id": "way/350501474",
  "properties": {
    "building": "yes",
    "id": "way/350501474"
  },
  "geometry": {
    "type": "Polygon",
    "coordinates": [
      [
        [
          77.126713,
          28.6702191
        ],
        [
          77.1266962,
          28.670058
        ],
        [
          77.1268935,
          28.6700422
        ],
        [
          77.1269102,
          28.6702033
        ],
        [
          77.126713,
          28.6702191
        ]
      ]
    ]
  }
},
{
  "type": "Feature",
  "id": "way/350501475",
  "properties": {
    "building": "yes",
    "id": "way/350501475"
  },
  "geometry": {
    "type": "Polygon",
    "coordinates": [
      [
        [
          77.1285119,
          28.673816
        ],
        [
          77.1284981,
          28.673697
        ],
        [
          77.1287626,
          28.6736733
        ],
        [
          77.1287765,
          28.6737923
        ],
        [
          77.1285119,
          28.673816
        ]
      ]
    ]
  }
},
{
  "type": "Feature",
  "id": "way/350501476",
  "properties": {
    "building": "yes",
    "id": "way/350501476"
  },
  "geometry": {
    "type": "Polygon",
    "coordinates": [
      [
        [
          77.1283581,
          28.6727039
        ],
        [
          77.1283443,
          28.6725851
        ],
        [
          77.1285783,
          28.6725642
        ],
        [
          77.1285921,
          28.672683
        ],
        [
          77.1283581,
          28.6727039
        ]
      ]
    ]
  }
},
{
  "type": "Feature",
  "id": "way/350501477",
  "properties": {
    "building": "yes",
    "id": "way/350501477"
  },
  "geometry": {
    "type": "Polygon",
    "coordinates": [
      [
        [
          77.1248125,
          28.6684702
        ],
        [
          77.1247921,
          28.6683273
        ],
        [
          77.1250221,
          28.6683021
        ],
        [
          77.1250425,
          28.668445
        ],
        [
          77.1248125,
          28.6684702
        ]
      ]
    ]
  }
},
{
  "type": "Feature",
  "id": "way/350501478",
  "properties": {
    "building": "yes",
    "id": "way/350501478"
  },
  "geometry": {
    "type": "Polygon",
    "coordinates": [
      [
        [
          77.1269878,
          28.6712883
        ],
        [
          77.1269528,
          28.6710286
        ],
        [
          77.1270995,
          28.6710134
        ],
        [
          77.1271345,
          28.671273
        ],
        [
          77.1269878,
          28.6712883
        ]
      ]
    ]
  }
},
{
  "type": "Feature",
  "id": "way/350501479",
  "properties": {
    "building": "yes",
    "id": "way/350501479"
  },
  "geometry": {
    "type": "Polygon",
    "coordinates": [
      [
        [
          77.1259024,
          28.6690482
        ],
        [
          77.1258916,
          28.6689597
        ],
        [
          77.1260882,
          28.6689412
        ],
        [
          77.1260991,
          28.6690297
        ],
        [
          77.1259024,
          28.6690482
        ]
      ]
    ]
  }
},
{
  "type": "Feature",
  "id": "way/350501480",
  "properties": {
    "building": "yes",
    "id": "way/350501480"
  },
  "geometry": {
    "type": "Polygon",
    "coordinates": [
      [
        [
          77.125503,
          28.6688003
        ],
        [
          77.1254935,
          28.6687188
        ],
        [
          77.1256964,
          28.6687005
        ],
        [
          77.1257059,
          28.668782
        ],
        [
          77.125503,
          28.6688003
        ]
      ]
    ]
  }
},
{
  "type": "Feature",
  "id": "way/350501481",
  "properties": {
    "building": "yes",
    "id": "way/350501481"
  },
  "geometry": {
    "type": "Polygon",
    "coordinates": [
      [
        [
          77.1267356,
          28.670411
        ],
        [
          77.1267175,
          28.6702406
        ],
        [
          77.126926,
          28.6702236
        ],
        [
          77.1269441,
          28.670394
        ],
        [
          77.1267356,
          28.670411
        ]
      ]
    ]
  }
},
{
  "type": "Feature",
  "id": "way/350501482",
  "properties": {
    "building": "yes",
    "id": "way/350501482"
  },
  "geometry": {
    "type": "Polygon",
    "coordinates": [
      [
        [
          77.1278563,
          28.6717588
        ],
        [
          77.1278474,
          28.6716424
        ],
        [
          77.1281213,
          28.6716263
        ],
        [
          77.1281302,
          28.6717427
        ],
        [
          77.1278563,
          28.6717588
        ]
      ]
    ]
  }
},
{
  "type": "Feature",
  "id": "way/350501483",
  "properties": {
    "building": "yes",
    "id": "way/350501483"
  },
  "geometry": {
    "type": "Polygon",
    "coordinates": [
      [
        [
          77.1315655,
          28.6739163
        ],
        [
          77.1314458,
          28.6737647
        ],
        [
          77.13153,
          28.6737136
        ],
        [
          77.1316497,
          28.6738652
        ],
        [
          77.1315655,
          28.6739163
        ]
      ]
    ]
  }
},
{
  "type": "Feature",
  "id": "way/350501484",
  "properties": {
    "building": "yes",
    "id": "way/350501484"
  },
  "geometry": {
    "type": "Polygon",
    "coordinates": [
      [
        [
          77.1288312,
          28.671832
        ],
        [
          77.128813,
          28.6717032
        ],
        [
          77.1290718,
          28.6716751
        ],
        [
          77.1290899,
          28.671804
        ],
        [
          77.1288312,
          28.671832
        ]
      ]
    ]
  }
},
{
  "type": "Feature",
  "id": "way/350501485",
  "properties": {
    "building": "yes",
    "id": "way/350501485"
  },
  "geometry": {
    "type": "Polygon",
    "coordinates": [
      [
        [
          77.1264074,
          28.6747477
        ],
        [
          77.1263905,
          28.674595
        ],
        [
          77.1265528,
          28.6745812
        ],
        [
          77.1265697,
          28.6747339
        ],
        [
          77.1264074,
          28.6747477
        ]
      ]
    ]
  }
},
{
  "type": "Feature",
  "id": "way/350501486",
  "properties": {
    "building": "yes",
    "id": "way/350501486"
  },
  "geometry": {
    "type": "Polygon",
    "coordinates": [
      [
        [
          77.1245777,
          28.6685061
        ],
        [
          77.1245685,
          28.6684263
        ],
        [
          77.1247729,
          28.6684081
        ],
        [
          77.1247822,
          28.6684879
        ],
        [
          77.1245777,
          28.6685061
        ]
      ]
    ]
  }
},
{
  "type": "Feature",
  "id": "way/350501487",
  "properties": {
    "building": "yes",
    "id": "way/350501487"
  },
  "geometry": {
    "type": "Polygon",
    "coordinates": [
      [
        [
          77.1307261,
          28.6739798
        ],
        [
          77.1307096,
          28.6738586
        ],
        [
          77.13093,
          28.6738355
        ],
        [
          77.1309465,
          28.6739567
        ],
        [
          77.1307261,
          28.6739798
        ]
      ]
    ]
  }
},
{
  "type": "Feature",
  "id": "way/350501488",
  "properties": {
    "building": "yes",
    "id": "way/350501488"
  },
  "geometry": {
    "type": "Polygon",
    "coordinates": [
      [
        [
          77.1245928,
          28.6687115
        ],
        [
          77.1245824,
          28.6686248
        ],
        [
          77.1247869,
          28.6686058
        ],
        [
          77.1247973,
          28.6686926
        ],
        [
          77.1245928,
          28.6687115
        ]
      ]
    ]
  }
},
{
  "type": "Feature",
  "id": "way/350501489",
  "properties": {
    "building": "yes",
    "id": "way/350501489"
  },
  "geometry": {
    "type": "Polygon",
    "coordinates": [
      [
        [
          77.1281022,
          28.6733186
        ],
        [
          77.1280853,
          28.6731734
        ],
        [
          77.1283778,
          28.6731472
        ],
        [
          77.1283947,
          28.6732925
        ],
        [
          77.1281022,
          28.6733186
        ]
      ]
    ]
  }
},
{
  "type": "Feature",
  "id": "way/350501490",
  "properties": {
    "building": "yes",
    "id": "way/350501490"
  },
  "geometry": {
    "type": "Polygon",
    "coordinates": [
      [
        [
          77.1260339,
          28.674165
        ],
        [
          77.1260213,
          28.6740933
        ],
        [
          77.1261658,
          28.6740737
        ],
        [
          77.1261785,
          28.6741454
        ],
        [
          77.1260339,
          28.674165
        ]
      ]
    ]
  }
},
{
  "type": "Feature",
  "id": "way/350501491",
  "properties": {
    "building": "yes",
    "id": "way/350501491"
  },
  "geometry": {
    "type": "Polygon",
    "coordinates": [
      [
        [
          77.1281621,
          28.6737428
        ],
        [
          77.128148,
          28.6736214
        ],
        [
          77.1284185,
          28.6735972
        ],
        [
          77.1284326,
          28.6737186
        ],
        [
          77.1281621,
          28.6737428
        ]
      ]
    ]
  }
},
{
  "type": "Feature",
  "id": "way/350501492",
  "properties": {
    "building": "yes",
    "id": "way/350501492"
  },
  "geometry": {
    "type": "Polygon",
    "coordinates": [
      [
        [
          77.1269752,
          28.6695444
        ],
        [
          77.1269486,
          28.669365
        ],
        [
          77.1271763,
          28.6693391
        ],
        [
          77.1272028,
          28.6695185
        ],
        [
          77.1269752,
          28.6695444
        ]
      ]
    ]
  }
},
{
  "type": "Feature",
  "id": "way/350501493",
  "properties": {
    "building": "yes",
    "id": "way/350501493"
  },
  "geometry": {
    "type": "Polygon",
    "coordinates": [
      [
        [
          77.1280903,
          28.6710591
        ],
        [
          77.1280751,
          28.6708433
        ],
        [
          77.1282106,
          28.670836
        ],
        [
          77.1282258,
          28.6710518
        ],
        [
          77.1280903,
          28.6710591
        ]
      ]
    ]
  }
},
{
  "type": "Feature",
  "id": "way/350501494",
  "properties": {
    "building": "yes",
    "id": "way/350501494"
  },
  "geometry": {
    "type": "Polygon",
    "coordinates": [
      [
        [
          77.1301127,
          28.673073
        ],
        [
          77.1300905,
          28.6730175
        ],
        [
          77.1302018,
          28.6729833
        ],
        [
          77.1302239,
          28.6730388
        ],
        [
          77.1301127,
          28.673073
        ]
      ]
    ]
  }
},
{
  "type": "Feature",
  "id": "way/350501495",
  "properties": {
    "building": "yes",
    "id": "way/350501495"
  },
  "geometry": {
    "type": "Polygon",
    "coordinates": [
      [
        [
          77.1275481,
          28.6750736
        ],
        [
          77.1275054,
          28.6747917
        ],
        [
          77.1276744,
          28.6747721
        ],
        [
          77.1277171,
          28.6750539
        ],
        [
          77.1275481,
          28.6750736
        ]
      ]
    ]
  }
},
{
  "type": "Feature",
  "id": "way/350501496",
  "properties": {
    "building": "yes",
    "id": "way/350501496"
  },
  "geometry": {
    "type": "Polygon",
    "coordinates": [
      [
        [
          77.1256428,
          28.6744063
        ],
        [
          77.1256274,
          28.6742483
        ],
        [
          77.125718,
          28.6742415
        ],
        [
          77.1257335,
          28.6743995
        ],
        [
          77.1256428,
          28.6744063
        ]
      ]
    ]
  }
},
{
  "type": "Feature",
  "id": "way/350501497",
  "properties": {
    "building": "yes",
    "id": "way/350501497"
  },
  "geometry": {
    "type": "Polygon",
    "coordinates": [
      [
        [
          77.1309991,
          28.6729878
        ],
        [
          77.1310479,
          28.672887
        ],
        [
          77.1312563,
          28.6729646
        ],
        [
          77.1312075,
          28.6730654
        ],
        [
          77.1309991,
          28.6729878
        ]
      ]
    ]
  }
},
{
  "type": "Feature",
  "id": "way/350501498",
  "properties": {
    "building": "yes",
    "id": "way/350501498"
  },
  "geometry": {
    "type": "Polygon",
    "coordinates": [
      [
        [
          77.1249349,
          28.6691377
        ],
        [
          77.1249276,
          28.6690629
        ],
        [
          77.1251224,
          28.6690482
        ],
        [
          77.1251298,
          28.669123
        ],
        [
          77.1249349,
          28.6691377
        ]
      ]
    ]
  }
},
{
  "type": "Feature",
  "id": "way/350501499",
  "properties": {
    "building": "yes",
    "id": "way/350501499"
  },
  "geometry": {
    "type": "Polygon",
    "coordinates": [
      [
        [
          77.1247173,
          28.6737271
        ],
        [
          77.1247106,
          28.6736712
        ],
        [
          77.1248775,
          28.6736558
        ],
        [
          77.1248842,
          28.6737117
        ],
        [
          77.1247173,
          28.6737271
        ]
      ]
    ]
  }
},
{
  "type": "Feature",
  "id": "way/350501500",
  "properties": {
    "building": "yes",
    "id": "way/350501500"
  },
  "geometry": {
    "type": "Polygon",
    "coordinates": [
      [
        [
          77.1282993,
          28.6724175
        ],
        [
          77.1282829,
          28.672276
        ],
        [
          77.1285512,
          28.672252
        ],
        [
          77.1285676,
          28.6723935
        ],
        [
          77.1282993,
          28.6724175
        ]
      ]
    ]
  }
},
{
  "type": "Feature",
  "id": "way/350501501",
  "properties": {
    "building": "yes",
    "id": "way/350501501"
  },
  "geometry": {
    "type": "Polygon",
    "coordinates": [
      [
        [
          77.1304204,
          28.6734208
        ],
        [
          77.1303844,
          28.6732848
        ],
        [
          77.1305193,
          28.6732574
        ],
        [
          77.1305553,
          28.6733933
        ],
        [
          77.1304204,
          28.6734208
        ]
      ]
    ]
  }
},
{
  "type": "Feature",
  "id": "way/350501502",
  "properties": {
    "building": "yes",
    "id": "way/350501502"
  },
  "geometry": {
    "type": "Polygon",
    "coordinates": [
      [
        [
          77.1253609,
          28.6679368
        ],
        [
          77.1253441,
          28.6678188
        ],
        [
          77.1255494,
          28.6677963
        ],
        [
          77.1255661,
          28.6679144
        ],
        [
          77.1253609,
          28.6679368
        ]
      ]
    ]
  }
},
{
  "type": "Feature",
  "id": "way/350501503",
  "properties": {
    "building": "yes",
    "id": "way/350501503"
  },
  "geometry": {
    "type": "Polygon",
    "coordinates": [
      [
        [
          77.1271094,
          28.6704483
        ],
        [
          77.1270934,
          28.6702858
        ],
        [
          77.127305,
          28.6702697
        ],
        [
          77.1273211,
          28.6704322
        ],
        [
          77.1271094,
          28.6704483
        ]
      ]
    ]
  }
},
{
  "type": "Feature",
  "id": "way/350501504",
  "properties": {
    "building": "yes",
    "id": "way/350501504"
  },
  "geometry": {
    "type": "Polygon",
    "coordinates": [
      [
        [
          77.1276524,
          28.6698623
        ],
        [
          77.1278592,
          28.669842
        ],
        [
          77.1278797,
          28.6700023
        ],
        [
          77.1276728,
          28.6700227
        ],
        [
          77.1276524,
          28.6698623
        ]
      ]
    ]
  }
},
{
  "type": "Feature",
  "id": "way/350501505",
  "properties": {
    "building": "yes",
    "id": "way/350501505"
  },
  "geometry": {
    "type": "Polygon",
    "coordinates": [
      [
        [
          77.1301085,
          28.6728099
        ],
        [
          77.1300343,
          28.6726165
        ],
        [
          77.130111,
          28.6725938
        ],
        [
          77.1301852,
          28.6727872
        ],
        [
          77.1301085,
          28.6728099
        ]
      ]
    ]
  }
},
{
  "type": "Feature",
  "id": "way/350501507",
  "properties": {
    "building": "yes",
    "id": "way/350501507"
  },
  "geometry": {
    "type": "Polygon",
    "coordinates": [
      [
        [
          77.1268478,
          28.6712833
        ],
        [
          77.1268196,
          28.6710633
        ],
        [
          77.1269374,
          28.6710517
        ],
        [
          77.1269656,
          28.6712717
        ],
        [
          77.1268478,
          28.6712833
        ]
      ]
    ]
  }
},
{
  "type": "Feature",
  "id": "way/350501508",
  "properties": {
    "building": "yes",
    "id": "way/350501508"
  },
  "geometry": {
    "type": "Polygon",
    "coordinates": [
      [
        [
          77.1267817,
          28.6747091
        ],
        [
          77.1267641,
          28.6745445
        ],
        [
          77.1268598,
          28.6745366
        ],
        [
          77.1268773,
          28.6747013
        ],
        [
          77.1267817,
          28.6747091
        ]
      ]
    ]
  }
},
{
  "type": "Feature",
  "id": "way/350501509",
  "properties": {
    "building": "yes",
    "id": "way/350501509"
  },
  "geometry": {
    "type": "Polygon",
    "coordinates": [
      [
        [
          77.1263341,
          28.6693379
        ],
        [
          77.1263231,
          28.6692223
        ],
        [
          77.1265148,
          28.6692083
        ],
        [
          77.1265258,
          28.6693239
        ],
        [
          77.1263341,
          28.6693379
        ]
      ]
    ]
  }
},
{
  "type": "Feature",
  "id": "way/350501510",
  "properties": {
    "building": "yes",
    "id": "way/350501510"
  },
  "geometry": {
    "type": "Polygon",
    "coordinates": [
      [
        [
          77.1289316,
          28.6725882
        ],
        [
          77.1289086,
          28.6723726
        ],
        [
          77.1291336,
          28.6723541
        ],
        [
          77.1291566,
          28.6725698
        ],
        [
          77.1289316,
          28.6725882
        ]
      ]
    ]
  }
},
{
  "type": "Feature",
  "id": "way/350501511",
  "properties": {
    "building": "yes",
    "id": "way/350501511"
  },
  "geometry": {
    "type": "Polygon",
    "coordinates": [
      [
        [
          77.1247746,
          28.6682056
        ],
        [
          77.1247652,
          28.6681169
        ],
        [
          77.124991,
          28.6680985
        ],
        [
          77.1250004,
          28.6681873
        ],
        [
          77.1247746,
          28.6682056
        ]
      ]
    ]
  }
},
{
  "type": "Feature",
  "id": "way/350501512",
  "properties": {
    "building": "yes",
    "id": "way/350501512"
  },
  "geometry": {
    "type": "Polygon",
    "coordinates": [
      [
        [
          77.1242429,
          28.6675298
        ],
        [
          77.1242221,
          28.6673392
        ],
        [
          77.1243409,
          28.6673293
        ],
        [
          77.1243617,
          28.6675199
        ],
        [
          77.1242429,
          28.6675298
        ]
      ]
    ]
  }
},
{
  "type": "Feature",
  "id": "way/350501513",
  "properties": {
    "building": "yes",
    "id": "way/350501513"
  },
  "geometry": {
    "type": "Polygon",
    "coordinates": [
      [
        [
          77.1288567,
          28.6719603
        ],
        [
          77.1288456,
          28.6718622
        ],
        [
          77.129094,
          28.6718405
        ],
        [
          77.1291051,
          28.6719385
        ],
        [
          77.1288567,
          28.6719603
        ]
      ]
    ]
  }
},
{
  "type": "Feature",
  "id": "way/350501514",
  "properties": {
    "building": "yes",
    "id": "way/350501514"
  },
  "geometry": {
    "type": "Polygon",
    "coordinates": [
      [
        [
          77.1297847,
          28.6734074
        ],
        [
          77.1297466,
          28.6733151
        ],
        [
          77.1299119,
          28.6732626
        ],
        [
          77.1299501,
          28.6733549
        ],
        [
          77.1297847,
          28.6734074
        ]
      ]
    ]
  }
},
{
  "type": "Feature",
  "id": "way/350501515",
  "properties": {
    "building": "yes",
    "id": "way/350501515"
  },
  "geometry": {
    "type": "Polygon",
    "coordinates": [
      [
        [
          77.1244949,
          28.667984
        ],
        [
          77.1244826,
          28.667869
        ],
        [
          77.1246862,
          28.6678521
        ],
        [
          77.1246986,
          28.6679672
        ],
        [
          77.1244949,
          28.667984
        ]
      ]
    ]
  }
},
{
  "type": "Feature",
  "id": "way/350501516",
  "properties": {
    "building": "yes",
    "id": "way/350501516"
  },
  "geometry": {
    "type": "Polygon",
    "coordinates": [
      [
        [
          77.1260383,
          28.6699186
        ],
        [
          77.1260267,
          28.669825
        ],
        [
          77.1262264,
          28.6698061
        ],
        [
          77.1262379,
          28.6698997
        ],
        [
          77.1260383,
          28.6699186
        ]
      ]
    ]
  }
},
{
  "type": "Feature",
  "id": "way/350501517",
  "properties": {
    "building": "yes",
    "id": "way/350501517"
  },
  "geometry": {
    "type": "Polygon",
    "coordinates": [
      [
        [
          77.1257924,
          28.6699434
        ],
        [
          77.1257845,
          28.6698423
        ],
        [
          77.1259839,
          28.6698303
        ],
        [
          77.1259918,
          28.6699314
        ],
        [
          77.1257924,
          28.6699434
        ]
      ]
    ]
  }
},
{
  "type": "Feature",
  "id": "way/350501518",
  "properties": {
    "building": "yes",
    "id": "way/350501518"
  },
  "geometry": {
    "type": "Polygon",
    "coordinates": [
      [
        [
          77.1302976,
          28.6738003
        ],
        [
          77.1303055,
          28.6737414
        ],
        [
          77.1304055,
          28.6737519
        ],
        [
          77.1303976,
          28.6738107
        ],
        [
          77.1302976,
          28.6738003
        ]
      ]
    ]
  }
},
{
  "type": "Feature",
  "id": "way/350501519",
  "properties": {
    "building": "yes",
    "id": "way/350501519"
  },
  "geometry": {
    "type": "Polygon",
    "coordinates": [
      [
        [
          77.126079,
          28.6701954
        ],
        [
          77.1260671,
          28.6701109
        ],
        [
          77.1262739,
          28.6700885
        ],
        [
          77.1262858,
          28.670173
        ],
        [
          77.126079,
          28.6701954
        ]
      ]
    ]
  }
},
{
  "type": "Feature",
  "id": "way/350501520",
  "properties": {
    "building": "yes",
    "id": "way/350501520"
  },
  "geometry": {
    "type": "Polygon",
    "coordinates": [
      [
        [
          77.1265931,
          28.6694848
        ],
        [
          77.1265748,
          28.6693211
        ],
        [
          77.1267776,
          28.6693035
        ],
        [
          77.126796,
          28.6694672
        ],
        [
          77.1265931,
          28.6694848
        ]
      ]
    ]
  }
},
{
  "type": "Feature",
  "id": "way/350501521",
  "properties": {
    "building": "yes",
    "id": "way/350501521"
  },
  "geometry": {
    "type": "Polygon",
    "coordinates": [
      [
        [
          77.1259392,
          28.6693069
        ],
        [
          77.1259256,
          28.6691394
        ],
        [
          77.1261334,
          28.6691264
        ],
        [
          77.1261469,
          28.6692939
        ],
        [
          77.1259392,
          28.6693069
        ]
      ]
    ]
  }
},
{
  "type": "Feature",
  "id": "way/350501522",
  "properties": {
    "building": "yes",
    "id": "way/350501522"
  },
  "geometry": {
    "type": "Polygon",
    "coordinates": [
      [
        [
          77.1307461,
          28.6740513
        ],
        [
          77.1307383,
          28.6739895
        ],
        [
          77.1309492,
          28.6739692
        ],
        [
          77.1309569,
          28.674031
        ],
        [
          77.1307461,
          28.6740513
        ]
      ]
    ]
  }
},
{
  "type": "Feature",
  "id": "way/350501523",
  "properties": {
    "building": "yes",
    "id": "way/350501523"
  },
  "geometry": {
    "type": "Polygon",
    "coordinates": [
      [
        [
          77.1274085,
          28.6706423
        ],
        [
          77.1276082,
          28.6706241
        ],
        [
          77.1276182,
          28.6707087
        ],
        [
          77.1274186,
          28.6707269
        ],
        [
          77.1274085,
          28.6706423
        ]
      ]
    ]
  }
},
{
  "type": "Feature",
  "id": "way/350501524",
  "properties": {
    "building": "yes",
    "id": "way/350501524"
  },
  "geometry": {
    "type": "Polygon",
    "coordinates": [
      [
        [
          77.1300623,
          28.6730153
        ],
        [
          77.1300405,
          28.6729686
        ],
        [
          77.1301687,
          28.6729225
        ],
        [
          77.1301905,
          28.6729692
        ],
        [
          77.1300623,
          28.6730153
        ]
      ]
    ]
  }
},
{
  "type": "Feature",
  "id": "way/350508557",
  "properties": {
    "building": "yes",
    "id": "way/350508557"
  },
  "geometry": {
    "type": "Polygon",
    "coordinates": [
      [
        [
          77.1376641,
          28.6657483
        ],
        [
          77.1378341,
          28.6658361
        ],
        [
          77.1377941,
          28.6658957
        ],
        [
          77.1376242,
          28.665808
        ],
        [
          77.1376641,
          28.6657483
        ]
      ]
    ]
  }
},
{
  "type": "Feature",
  "id": "way/350508561",
  "properties": {
    "building": "yes",
    "id": "way/350508561"
  },
  "geometry": {
    "type": "Polygon",
    "coordinates": [
      [
        [
          77.1372014,
          28.6656308
        ],
        [
          77.1372239,
          28.6655949
        ],
        [
          77.1373853,
          28.6656727
        ],
        [
          77.1373628,
          28.6657086
        ],
        [
          77.1372014,
          28.6656308
        ]
      ]
    ]
  }
},
{
  "type": "Feature",
  "id": "way/350508563",
  "properties": {
    "building": "yes",
    "id": "way/350508563"
  },
  "geometry": {
    "type": "Polygon",
    "coordinates": [
      [
        [
          77.137132,
          28.6657436
        ],
        [
          77.1371803,
          28.6656789
        ],
        [
          77.1373592,
          28.6657819
        ],
        [
          77.1373109,
          28.6658466
        ],
        [
          77.137132,
          28.6657436
        ]
      ]
    ]
  }
},
{
  "type": "Feature",
  "id": "way/350508571",
  "properties": {
    "building": "yes",
    "id": "way/350508571"
  },
  "geometry": {
    "type": "Polygon",
    "coordinates": [
      [
        [
          77.1377641,
          28.6655933
        ],
        [
          77.1379478,
          28.6656936
        ],
        [
          77.1379225,
          28.6657293
        ],
        [
          77.1377388,
          28.6656291
        ],
        [
          77.1377641,
          28.6655933
        ]
      ]
    ]
  }
},
{
  "type": "Feature",
  "id": "way/350508573",
  "properties": {
    "building": "yes",
    "id": "way/350508573"
  },
  "geometry": {
    "type": "Polygon",
    "coordinates": [
      [
        [
          77.1381814,
          28.6657963
        ],
        [
          77.1383028,
          28.6656274
        ],
        [
          77.1383641,
          28.6656613
        ],
        [
          77.1382427,
          28.6658302
        ],
        [
          77.1381814,
          28.6657963
        ]
      ]
    ]
  }
},
{
  "type": "Feature",
  "id": "way/350508586",
  "properties": {
    "building": "yes",
    "id": "way/350508586"
  },
  "geometry": {
    "type": "Polygon",
    "coordinates": [
      [
        [
          77.1382345,
          28.666043
        ],
        [
          77.1383159,
          28.6659379
        ],
        [
          77.1384263,
          28.6660038
        ],
        [
          77.1383448,
          28.6661089
        ],
        [
          77.1382345,
          28.666043
        ]
      ]
    ]
  }
},
{
  "type": "Feature",
  "id": "way/350508592",
  "properties": {
    "building": "yes",
    "id": "way/350508592"
  },
  "geometry": {
    "type": "Polygon",
    "coordinates": [
      [
        [
          77.1375782,
          28.6658843
        ],
        [
          77.1377387,
          28.6659705
        ],
        [
          77.1377098,
          28.666012
        ],
        [
          77.1375493,
          28.6659258
        ],
        [
          77.1375782,
          28.6658843
        ]
      ]
    ]
  }
},
{
  "type": "Feature",
  "id": "way/350508596",
  "properties": {
    "building": "yes",
    "id": "way/350508596"
  },
  "geometry": {
    "type": "Polygon",
    "coordinates": [
      [
        [
          77.1380968,
          28.6657339
        ],
        [
          77.1382046,
          28.6655839
        ],
        [
          77.1382528,
          28.6656106
        ],
        [
          77.1381449,
          28.6657606
        ],
        [
          77.1380968,
          28.6657339
        ]
      ]
    ]
  }
},
{
  "type": "Feature",
  "id": "way/350508597",
  "properties": {
    "building": "yes",
    "id": "way/350508597"
  },
  "geometry": {
    "type": "Polygon",
    "coordinates": [
      [
        [
          77.1381171,
          28.6659856
        ],
        [
          77.1382313,
          28.6658482
        ],
        [
          77.1383139,
          28.6659012
        ],
        [
          77.1381997,
          28.6660385
        ],
        [
          77.1381171,
          28.6659856
        ]
      ]
    ]
  }
},
{
  "type": "Feature",
  "id": "way/350508611",
  "properties": {
    "building": "yes",
    "id": "way/350508611"
  },
  "geometry": {
    "type": "Polygon",
    "coordinates": [
      [
        [
          77.1376151,
          28.6658209
        ],
        [
          77.1377772,
          28.6659064
        ],
        [
          77.1377402,
          28.6659604
        ],
        [
          77.1375781,
          28.6658749
        ],
        [
          77.1376151,
          28.6658209
        ]
      ]
    ]
  }
},
{
  "type": "Feature",
  "id": "way/350508613",
  "properties": {
    "building": "yes",
    "id": "way/350508613"
  },
  "geometry": {
    "type": "Polygon",
    "coordinates": [
      [
        [
          77.1375412,
          28.6659327
        ],
        [
          77.1377049,
          28.6660196
        ],
        [
          77.1376667,
          28.6660751
        ],
        [
          77.137503,
          28.6659882
        ],
        [
          77.1375412,
          28.6659327
        ]
      ]
    ]
  }
},
{
  "type": "Feature",
  "id": "way/350508617",
  "properties": {
    "building": "yes",
    "id": "way/350508617"
  },
  "geometry": {
    "type": "Polygon",
    "coordinates": [
      [
        [
          77.137084,
          28.66582
        ],
        [
          77.1371067,
          28.6657865
        ],
        [
          77.1372936,
          28.6658839
        ],
        [
          77.1372709,
          28.6659174
        ],
        [
          77.137084,
          28.66582
        ]
      ]
    ]
  }
},
{
  "type": "Feature",
  "id": "way/350508646",
  "properties": {
    "building": "yes",
    "id": "way/350508646"
  },
  "geometry": {
    "type": "Polygon",
    "coordinates": [
      [
        [
          77.1378318,
          28.6659173
        ],
        [
          77.1380041,
          28.6660239
        ],
        [
          77.1379741,
          28.6660613
        ],
        [
          77.1378018,
          28.6659547
        ],
        [
          77.1378318,
          28.6659173
        ]
      ]
    ]
  }
},
{
  "type": "Feature",
  "id": "way/350508648",
  "properties": {
    "building": "yes",
    "id": "way/350508648"
  },
  "geometry": {
    "type": "Polygon",
    "coordinates": [
      [
        [
          77.1380568,
          28.6657157
        ],
        [
          77.1381591,
          28.665565
        ],
        [
          77.1381888,
          28.6655805
        ],
        [
          77.1380866,
          28.6657312
        ],
        [
          77.1380568,
          28.6657157
        ]
      ]
    ]
  }
},
{
  "type": "Feature",
  "id": "way/350508650",
  "properties": {
    "building": "yes",
    "id": "way/350508650"
  },
  "geometry": {
    "type": "Polygon",
    "coordinates": [
      [
        [
          77.138038,
          28.6659414
        ],
        [
          77.1381514,
          28.6658013
        ],
        [
          77.1382057,
          28.6658351
        ],
        [
          77.1380923,
          28.6659752
        ],
        [
          77.138038,
          28.6659414
        ]
      ]
    ]
  }
},
{
  "type": "Feature",
  "id": "way/350508652",
  "properties": {
    "building": "yes",
    "id": "way/350508652"
  },
  "geometry": {
    "type": "Polygon",
    "coordinates": [
      [
        [
          77.1379206,
          28.6654033
        ],
        [
          77.1380803,
          28.6654958
        ],
        [
          77.13804,
          28.6655495
        ],
        [
          77.1378802,
          28.665457
        ],
        [
          77.1379206,
          28.6654033
        ]
      ]
    ]
  }
},
{
  "type": "Feature",
  "id": "way/350508656",
  "properties": {
    "building": "yes",
    "id": "way/350508656"
  },
  "geometry": {
    "type": "Polygon",
    "coordinates": [
      [
        [
          77.1383287,
          28.6658686
        ],
        [
          77.1384309,
          28.6657249
        ],
        [
          77.1385076,
          28.6657669
        ],
        [
          77.1384054,
          28.6659106
        ],
        [
          77.1383287,
          28.6658686
        ]
      ]
    ]
  }
},
{
  "type": "Feature",
  "id": "way/350508665",
  "properties": {
    "building": "yes",
    "id": "way/350508665"
  },
  "geometry": {
    "type": "Polygon",
    "coordinates": [
      [
        [
          77.137533,
          28.6663449
        ],
        [
          77.1376848,
          28.6664423
        ],
        [
          77.1376225,
          28.666517
        ],
        [
          77.1374707,
          28.6664196
        ],
        [
          77.137533,
          28.6663449
        ]
      ]
    ]
  }
},
{
  "type": "Feature",
  "id": "way/350508668",
  "properties": {
    "building": "yes",
    "id": "way/350508668"
  },
  "geometry": {
    "type": "Polygon",
    "coordinates": [
      [
        [
          77.1374556,
          28.6660511
        ],
        [
          77.1374853,
          28.6660076
        ],
        [
          77.1376488,
          28.6660937
        ],
        [
          77.137619,
          28.6661373
        ],
        [
          77.1374556,
          28.6660511
        ]
      ]
    ]
  }
},
{
  "type": "Feature",
  "id": "way/350508672",
  "properties": {
    "building": "yes",
    "id": "way/350508672"
  },
  "geometry": {
    "type": "Polygon",
    "coordinates": [
      [
        [
          77.1379905,
          28.6656827
        ],
        [
          77.1381016,
          28.6655265
        ],
        [
          77.1381576,
          28.6655571
        ],
        [
          77.1380466,
          28.6657134
        ],
        [
          77.1379905,
          28.6656827
        ]
      ]
    ]
  }
},
{
  "type": "Feature",
  "id": "way/350508673",
  "properties": {
    "building": "yes",
    "id": "way/350508673"
  },
  "geometry": {
    "type": "Polygon",
    "coordinates": [
      [
        [
          77.1384157,
          28.6659176
        ],
        [
          77.1385212,
          28.665774
        ],
        [
          77.1385589,
          28.6657952
        ],
        [
          77.1384534,
          28.6659389
        ],
        [
          77.1384157,
          28.6659176
        ]
      ]
    ]
  }
},
{
  "type": "Feature",
  "id": "way/350508675",
  "properties": {
    "building": "yes",
    "id": "way/350508675"
  },
  "geometry": {
    "type": "Polygon",
    "coordinates": [
      [
        [
          77.1378119,
          28.6655105
        ],
        [
          77.1379964,
          28.6656149
        ],
        [
          77.137967,
          28.6656549
        ],
        [
          77.1377825,
          28.6655505
        ],
        [
          77.1378119,
          28.6655105
        ]
      ]
    ]
  }
},
{
  "type": "Feature",
  "id": "way/350508685",
  "properties": {
    "building": "yes",
    "id": "way/350508685"
  },
  "geometry": {
    "type": "Polygon",
    "coordinates": [
      [
        [
          77.137311,
          28.6662416
        ],
        [
          77.1374212,
          28.6660882
        ],
        [
          77.1374733,
          28.6661169
        ],
        [
          77.1373631,
          28.6662704
        ],
        [
          77.137311,
          28.6662416
        ]
      ]
    ]
  }
},
{
  "type": "Feature",
  "id": "way/350508696",
  "properties": {
    "building": "yes",
    "id": "way/350508696"
  },
  "geometry": {
    "type": "Polygon",
    "coordinates": [
      [
        [
          77.1377147,
          28.6656788
        ],
        [
          77.1378899,
          28.6657741
        ],
        [
          77.1378476,
          28.665834
        ],
        [
          77.1376724,
          28.6657388
        ],
        [
          77.1377147,
          28.6656788
        ]
      ]
    ]
  }
},
{
  "type": "Feature",
  "id": "way/350508700",
  "properties": {
    "building": "yes",
    "id": "way/350508700"
  },
  "geometry": {
    "type": "Polygon",
    "coordinates": [
      [
        [
          77.1371807,
          28.6656672
        ],
        [
          77.1372021,
          28.6656385
        ],
        [
          77.1373682,
          28.6657338
        ],
        [
          77.1373468,
          28.6657625
        ],
        [
          77.1371807,
          28.6656672
        ]
      ]
    ]
  }
},
{
  "type": "Feature",
  "id": "way/350508714",
  "properties": {
    "building": "yes",
    "id": "way/350508714"
  },
  "geometry": {
    "type": "Polygon",
    "coordinates": [
      [
        [
          77.1382648,
          28.66583
        ],
        [
          77.1383726,
          28.6656843
        ],
        [
          77.138424,
          28.6657135
        ],
        [
          77.1383162,
          28.6658593
        ],
        [
          77.1382648,
          28.66583
        ]
      ]
    ]
  }
},
{
  "type": "Feature",
  "id": "way/350520325",
  "properties": {
    "building": "yes",
    "id": "way/350520325"
  },
  "geometry": {
    "type": "Polygon",
    "coordinates": [
      [
        [
          77.1434498,
          28.6721598
        ],
        [
          77.1434755,
          28.6721642
        ],
        [
          77.1434972,
          28.672177
        ],
        [
          77.1435118,
          28.6721961
        ],
        [
          77.1435169,
          28.6722186
        ],
        [
          77.1435118,
          28.6722411
        ],
        [
          77.1434972,
          28.6722601
        ],
        [
          77.1434755,
          28.6722729
        ],
        [
          77.1434498,
          28.6722774
        ],
        [
          77.1434242,
          28.6722729
        ],
        [
          77.1434024,
          28.6722601
        ],
        [
          77.1433879,
          28.6722411
        ],
        [
          77.1433828,
          28.6722186
        ],
        [
          77.1433879,
          28.6721961
        ],
        [
          77.1434024,
          28.672177
        ],
        [
          77.1434242,
          28.6721642
        ],
        [
          77.1434498,
          28.6721598
        ]
      ]
    ]
  }
},
{
  "type": "Feature",
  "id": "way/350520329",
  "properties": {
    "building": "yes",
    "id": "way/350520329"
  },
  "geometry": {
    "type": "Polygon",
    "coordinates": [
      [
        [
          77.1425106,
          28.6715912
        ],
        [
          77.1425021,
          28.6714555
        ],
        [
          77.1425601,
          28.6714527
        ],
        [
          77.1425624,
          28.6714903
        ],
        [
          77.1425943,
          28.6714888
        ],
        [
          77.142592,
          28.6714512
        ],
        [
          77.1426799,
          28.671447
        ],
        [
          77.1426883,
          28.6715827
        ],
        [
          77.1426136,
          28.6715863
        ],
        [
          77.1426112,
          28.6715486
        ],
        [
          77.1425823,
          28.67155
        ],
        [
          77.1425847,
          28.6715877
        ],
        [
          77.1425106,
          28.6715912
        ]
      ]
    ]
  }
},
{
  "type": "Feature",
  "id": "way/350520333",
  "properties": {
    "building": "yes",
    "id": "way/350520333"
  },
  "geometry": {
    "type": "Polygon",
    "coordinates": [
      [
        [
          77.1422142,
          28.6716219
        ],
        [
          77.1422011,
          28.6715101
        ],
        [
          77.1422634,
          28.6715045
        ],
        [
          77.1422662,
          28.6715282
        ],
        [
          77.1422983,
          28.6715253
        ],
        [
          77.1422956,
          28.6715016
        ],
        [
          77.1423648,
          28.6714953
        ],
        [
          77.142378,
          28.6716072
        ],
        [
          77.1423132,
          28.671613
        ],
        [
          77.1423082,
          28.6715705
        ],
        [
          77.1422725,
          28.6715738
        ],
        [
          77.1422775,
          28.6716162
        ],
        [
          77.1422142,
          28.6716219
        ]
      ]
    ]
  }
},
{
  "type": "Feature",
  "id": "way/350520336",
  "properties": {
    "building": "yes",
    "id": "way/350520336"
  },
  "geometry": {
    "type": "Polygon",
    "coordinates": [
      [
        [
          77.1428212,
          28.671537
        ],
        [
          77.1428156,
          28.6714309
        ],
        [
          77.1428764,
          28.6714284
        ],
        [
          77.1428775,
          28.6714502
        ],
        [
          77.1429086,
          28.6714489
        ],
        [
          77.1429075,
          28.6714272
        ],
        [
          77.142976,
          28.6714244
        ],
        [
          77.1429816,
          28.6715305
        ],
        [
          77.1429233,
          28.6715329
        ],
        [
          77.1429213,
          28.6714961
        ],
        [
          77.1428925,
          28.6714973
        ],
        [
          77.1428945,
          28.671534
        ],
        [
          77.1428212,
          28.671537
        ]
      ]
    ]
  }
},
{
  "type": "Feature",
  "id": "way/350520338",
  "properties": {
    "building": "yes",
    "id": "way/350520338"
  },
  "geometry": {
    "type": "Polygon",
    "coordinates": [
      [
        [
          77.1422679,
          28.672693
        ],
        [
          77.142252,
          28.6725696
        ],
        [
          77.1423231,
          28.6725625
        ],
        [
          77.1423267,
          28.6725907
        ],
        [
          77.142349,
          28.6725885
        ],
        [
          77.1423454,
          28.6725603
        ],
        [
          77.1424309,
          28.6725518
        ],
        [
          77.1424468,
          28.6726752
        ],
        [
          77.1423712,
          28.6726827
        ],
        [
          77.1423664,
          28.6726456
        ],
        [
          77.1423354,
          28.6726487
        ],
        [
          77.1423402,
          28.6726858
        ],
        [
          77.1422679,
          28.672693
        ]
      ]
    ]
  }
},
{
  "type": "Feature",
  "id": "way/350520342",
  "properties": {
    "building": "yes",
    "id": "way/350520342"
  },
  "geometry": {
    "type": "Polygon",
    "coordinates": [
      [
        [
          77.1422633,
          28.6718758
        ],
        [
          77.1422454,
          28.6717607
        ],
        [
          77.1423076,
          28.6717533
        ],
        [
          77.1423108,
          28.6717742
        ],
        [
          77.1423427,
          28.6717704
        ],
        [
          77.1423394,
          28.6717495
        ],
        [
          77.1424051,
          28.6717416
        ],
        [
          77.142423,
          28.6718567
        ],
        [
          77.1423589,
          28.6718644
        ],
        [
          77.1423559,
          28.6718453
        ],
        [
          77.1423306,
          28.6718483
        ],
        [
          77.1423335,
          28.6718674
        ],
        [
          77.1422633,
          28.6718758
        ]
      ]
    ]
  }
},
{
  "type": "Feature",
  "id": "way/350520344",
  "properties": {
    "building": "yes",
    "id": "way/350520344"
  },
  "geometry": {
    "type": "Polygon",
    "coordinates": [
      [
        [
          77.1437838,
          28.6717137
        ],
        [
          77.1437758,
          28.6715942
        ],
        [
          77.1438579,
          28.67159
        ],
        [
          77.1438598,
          28.6716192
        ],
        [
          77.1438854,
          28.6716178
        ],
        [
          77.1438835,
          28.6715887
        ],
        [
          77.1439541,
          28.671585
        ],
        [
          77.1439619,
          28.6717017
        ],
        [
          77.1438978,
          28.671705
        ],
        [
          77.1438953,
          28.6716675
        ],
        [
          77.1438726,
          28.6716687
        ],
        [
          77.1438753,
          28.671709
        ],
        [
          77.1437838,
          28.6717137
        ]
      ]
    ]
  }
},
{
  "type": "Feature",
  "id": "way/350520347",
  "properties": {
    "building": "yes",
    "id": "way/350520347"
  },
  "geometry": {
    "type": "Polygon",
    "coordinates": [
      [
        [
          77.1422092,
          28.6722527
        ],
        [
          77.1421867,
          28.6720989
        ],
        [
          77.1422534,
          28.6720914
        ],
        [
          77.1422611,
          28.6721442
        ],
        [
          77.1422826,
          28.6721418
        ],
        [
          77.1422749,
          28.672089
        ],
        [
          77.1423543,
          28.6720801
        ],
        [
          77.1423768,
          28.6722339
        ],
        [
          77.1423026,
          28.6722422
        ],
        [
          77.1422931,
          28.6721772
        ],
        [
          77.1422741,
          28.6721793
        ],
        [
          77.1422836,
          28.6722444
        ],
        [
          77.1422092,
          28.6722527
        ]
      ]
    ]
  }
},
{
  "type": "Feature",
  "id": "way/350520349",
  "properties": {
    "building": "yes",
    "id": "way/350520349"
  },
  "geometry": {
    "type": "Polygon",
    "coordinates": [
      [
        [
          77.1422529,
          28.6724923
        ],
        [
          77.1422357,
          28.6723691
        ],
        [
          77.1423026,
          28.6723619
        ],
        [
          77.142306,
          28.6723862
        ],
        [
          77.1423339,
          28.6723832
        ],
        [
          77.1423305,
          28.6723589
        ],
        [
          77.1424107,
          28.6723502
        ],
        [
          77.1424279,
          28.6724735
        ],
        [
          77.1423538,
          28.6724815
        ],
        [
          77.1423483,
          28.6724419
        ],
        [
          77.1423201,
          28.672445
        ],
        [
          77.1423257,
          28.6724845
        ],
        [
          77.1422529,
          28.6724923
        ]
      ]
    ]
  }
},
{
  "type": "Feature",
  "id": "way/350520356",
  "properties": {
    "building": "yes",
    "id": "way/350520356"
  },
  "geometry": {
    "type": "Polygon",
    "coordinates": [
      [
        [
          77.141968,
          28.6761503
        ],
        [
          77.1419281,
          28.6759314
        ],
        [
          77.1420544,
          28.6759136
        ],
        [
          77.1420943,
          28.6761326
        ],
        [
          77.141968,
          28.6761503
        ]
      ]
    ]
  }
},
{
  "type": "Feature",
  "id": "way/350520363",
  "properties": {
    "building": "yes",
    "id": "way/350520363"
  },
  "geometry": {
    "type": "Polygon",
    "coordinates": [
      [
        [
          77.1378439,
          28.6648179
        ],
        [
          77.1379796,
          28.6647913
        ],
        [
          77.1379914,
          28.6648376
        ],
        [
          77.1378557,
          28.6648642
        ],
        [
          77.1378439,
          28.6648179
        ]
      ]
    ]
  }
},
{
  "type": "Feature",
  "id": "way/350520376",
  "properties": {
    "building": "yes",
    "id": "way/350520376"
  },
  "geometry": {
    "type": "Polygon",
    "coordinates": [
      [
        [
          77.1404879,
          28.6727041
        ],
        [
          77.1404455,
          28.6725215
        ],
        [
          77.1406055,
          28.6724928
        ],
        [
          77.1406479,
          28.6726754
        ],
        [
          77.1404879,
          28.6727041
        ]
      ]
    ]
  }
},
{
  "type": "Feature",
  "id": "way/350520379",
  "properties": {
    "building": "yes",
    "id": "way/350520379"
  },
  "geometry": {
    "type": "Polygon",
    "coordinates": [
      [
        [
          77.1365518,
          28.6649261
        ],
        [
          77.1366794,
          28.6647429
        ],
        [
          77.1368519,
          28.6648354
        ],
        [
          77.1367243,
          28.6650186
        ],
        [
          77.1365518,
          28.6649261
        ]
      ]
    ]
  }
},
{
  "type": "Feature",
  "id": "way/350520409",
  "properties": {
    "building": "yes",
    "id": "way/350520409"
  },
  "geometry": {
    "type": "Polygon",
    "coordinates": [
      [
        [
          77.1393325,
          28.6639388
        ],
        [
          77.1395114,
          28.664032
        ],
        [
          77.1394652,
          28.6641003
        ],
        [
          77.1392863,
          28.6640071
        ],
        [
          77.1393325,
          28.6639388
        ]
      ]
    ]
  }
},
{
  "type": "Feature",
  "id": "way/350520413",
  "properties": {
    "building": "yes",
    "id": "way/350520413"
  },
  "geometry": {
    "type": "Polygon",
    "coordinates": [
      [
        [
          77.1386584,
          28.6645811
        ],
        [
          77.1387335,
          28.6644718
        ],
        [
          77.1388797,
          28.6645491
        ],
        [
          77.1388046,
          28.6646584
        ],
        [
          77.1386584,
          28.6645811
        ]
      ]
    ]
  }
},
{
  "type": "Feature",
  "id": "way/350520418",
  "properties": {
    "building": "yes",
    "id": "way/350520418"
  },
  "geometry": {
    "type": "Polygon",
    "coordinates": [
      [
        [
          77.1391437,
          28.6634773
        ],
        [
          77.1392722,
          28.663553
        ],
        [
          77.1392511,
          28.6635806
        ],
        [
          77.1391226,
          28.6635049
        ],
        [
          77.1391437,
          28.6634773
        ]
      ]
    ]
  }
},
{
  "type": "Feature",
  "id": "way/350520421",
  "properties": {
    "building": "yes",
    "id": "way/350520421"
  },
  "geometry": {
    "type": "Polygon",
    "coordinates": [
      [
        [
          77.1385711,
          28.6647487
        ],
        [
          77.1387388,
          28.6648377
        ],
        [
          77.1387175,
          28.6648687
        ],
        [
          77.1385498,
          28.6647797
        ],
        [
          77.1385711,
          28.6647487
        ]
      ]
    ]
  }
},
{
  "type": "Feature",
  "id": "way/350520428",
  "properties": {
    "building": "yes",
    "id": "way/350520428"
  },
  "geometry": {
    "type": "Polygon",
    "coordinates": [
      [
        [
          77.1402862,
          28.6733798
        ],
        [
          77.1401512,
          28.6729899
        ],
        [
          77.1404464,
          28.6729232
        ],
        [
          77.1405307,
          28.6733443
        ],
        [
          77.1402862,
          28.6733798
        ]
      ]
    ]
  }
},
{
  "type": "Feature",
  "id": "way/350520434",
  "properties": {
    "building": "yes",
    "id": "way/350520434"
  },
  "geometry": {
    "type": "Polygon",
    "coordinates": [
      [
        [
          77.1380009,
          28.6651185
        ],
        [
          77.1380476,
          28.6650556
        ],
        [
          77.1382145,
          28.6651509
        ],
        [
          77.1381678,
          28.6652138
        ],
        [
          77.1380009,
          28.6651185
        ]
      ]
    ]
  }
},
{
  "type": "Feature",
  "id": "way/350520440",
  "properties": {
    "building": "yes",
    "id": "way/350520440"
  },
  "geometry": {
    "type": "Polygon",
    "coordinates": [
      [
        [
          77.1387852,
          28.6631009
        ],
        [
          77.1389568,
          28.663192
        ],
        [
          77.138884,
          28.6632976
        ],
        [
          77.1387124,
          28.6632064
        ],
        [
          77.1387852,
          28.6631009
        ]
      ]
    ]
  }
},
{
  "type": "Feature",
  "id": "way/350520446",
  "properties": {
    "building": "yes",
    "id": "way/350520446"
  },
  "geometry": {
    "type": "Polygon",
    "coordinates": [
      [
        [
          77.138095,
          28.6649824
        ],
        [
          77.1381453,
          28.6649117
        ],
        [
          77.138309,
          28.6650014
        ],
        [
          77.1382587,
          28.6650721
        ],
        [
          77.138095,
          28.6649824
        ]
      ]
    ]
  }
},
{
  "type": "Feature",
  "id": "way/350520448",
  "properties": {
    "building": "yes",
    "id": "way/350520448"
  },
  "geometry": {
    "type": "Polygon",
    "coordinates": [
      [
        [
          77.1423439,
          28.6730394
        ],
        [
          77.1423243,
          28.6728913
        ],
        [
          77.1424937,
          28.672874
        ],
        [
          77.1425134,
          28.673022
        ],
        [
          77.1423439,
          28.6730394
        ]
      ]
    ]
  }
},
{
  "type": "Feature",
  "id": "way/350520451",
  "properties": {
    "building": "yes",
    "id": "way/350520451"
  },
  "geometry": {
    "type": "Polygon",
    "coordinates": [
      [
        [
          77.1406686,
          28.6724852
        ],
        [
          77.1408242,
          28.6724638
        ],
        [
          77.1408477,
          28.6725952
        ],
        [
          77.1406921,
          28.6726166
        ],
        [
          77.1406686,
          28.6724852
        ]
      ]
    ]
  }
},
{
  "type": "Feature",
  "id": "way/350520456",
  "properties": {
    "building": "yes",
    "id": "way/350520456"
  },
  "geometry": {
    "type": "Polygon",
    "coordinates": [
      [
        [
          77.1421474,
          28.6760995
        ],
        [
          77.1421175,
          28.6759145
        ],
        [
          77.1422316,
          28.6759003
        ],
        [
          77.1422614,
          28.6760854
        ],
        [
          77.1421474,
          28.6760995
        ]
      ]
    ]
  }
},
{
  "type": "Feature",
  "id": "way/350520461",
  "properties": {
    "building": "yes",
    "id": "way/350520461"
  },
  "geometry": {
    "type": "Polygon",
    "coordinates": [
      [
        [
          77.1418857,
          28.6764046
        ],
        [
          77.1418614,
          28.6762484
        ],
        [
          77.1419755,
          28.6762347
        ],
        [
          77.1419999,
          28.6763909
        ],
        [
          77.1418857,
          28.6764046
        ]
      ]
    ]
  }
},
{
  "type": "Feature",
  "id": "way/350520473",
  "properties": {
    "building": "yes",
    "id": "way/350520473"
  },
  "geometry": {
    "type": "Polygon",
    "coordinates": [
      [
        [
          77.1392942,
          28.6632979
        ],
        [
          77.1395706,
          28.6634479
        ],
        [
          77.1394745,
          28.6635842
        ],
        [
          77.1391981,
          28.6634342
        ],
        [
          77.1392942,
          28.6632979
        ]
      ]
    ]
  }
},
{
  "type": "Feature",
  "id": "way/350520482",
  "properties": {
    "building": "yes",
    "id": "way/350520482"
  },
  "geometry": {
    "type": "Polygon",
    "coordinates": [
      [
        [
          77.1380262,
          28.6637178
        ],
        [
          77.1382019,
          28.6638229
        ],
        [
          77.138177,
          28.6638548
        ],
        [
          77.1380014,
          28.6637498
        ],
        [
          77.1380262,
          28.6637178
        ]
      ]
    ]
  }
},
{
  "type": "Feature",
  "id": "way/350520485",
  "properties": {
    "building": "yes",
    "id": "way/350520485"
  },
  "geometry": {
    "type": "Polygon",
    "coordinates": [
      [
        [
          77.1385207,
          28.6643433
        ],
        [
          77.1387195,
          28.6644424
        ],
        [
          77.138667,
          28.6645234
        ],
        [
          77.1384683,
          28.6644243
        ],
        [
          77.1385207,
          28.6643433
        ]
      ]
    ]
  }
},
{
  "type": "Feature",
  "id": "way/350520490",
  "properties": {
    "building": "yes",
    "id": "way/350520490"
  },
  "geometry": {
    "type": "Polygon",
    "coordinates": [
      [
        [
          77.137963,
          28.6637936
        ],
        [
          77.1381544,
          28.6638952
        ],
        [
          77.1381327,
          28.6639267
        ],
        [
          77.1379413,
          28.6638251
        ],
        [
          77.137963,
          28.6637936
        ]
      ]
    ]
  }
},
{
  "type": "Feature",
  "id": "way/350520494",
  "properties": {
    "building": "yes",
    "id": "way/350520494"
  },
  "geometry": {
    "type": "Polygon",
    "coordinates": [
      [
        [
          77.1394052,
          28.6642654
        ],
        [
          77.1394466,
          28.6642048
        ],
        [
          77.1396048,
          28.6642882
        ],
        [
          77.1395633,
          28.6643488
        ],
        [
          77.1394052,
          28.6642654
        ]
      ]
    ]
  }
},
{
  "type": "Feature",
  "id": "way/350520513",
  "properties": {
    "building": "yes",
    "id": "way/350520513"
  },
  "geometry": {
    "type": "Polygon",
    "coordinates": [
      [
        [
          77.1431759,
          28.6718015
        ],
        [
          77.1431577,
          28.671671
        ],
        [
          77.1433348,
          28.671652
        ],
        [
          77.143353,
          28.6717825
        ],
        [
          77.1431759,
          28.6718015
        ]
      ]
    ]
  }
},
{
  "type": "Feature",
  "id": "way/350520516",
  "properties": {
    "building": "yes",
    "id": "way/350520516"
  },
  "geometry": {
    "type": "Polygon",
    "coordinates": [
      [
        [
          77.1413351,
          28.6762118
        ],
        [
          77.141307,
          28.6760078
        ],
        [
          77.1414342,
          28.6759943
        ],
        [
          77.1414624,
          28.6761983
        ],
        [
          77.1413351,
          28.6762118
        ]
      ]
    ]
  }
},
{
  "type": "Feature",
  "id": "way/350520521",
  "properties": {
    "building": "yes",
    "id": "way/350520521"
  },
  "geometry": {
    "type": "Polygon",
    "coordinates": [
      [
        [
          77.1380438,
          28.6650499
        ],
        [
          77.1380886,
          28.6649884
        ],
        [
          77.1382611,
          28.6650851
        ],
        [
          77.1382163,
          28.6651466
        ],
        [
          77.1380438,
          28.6650499
        ]
      ]
    ]
  }
},
{
  "type": "Feature",
  "id": "way/350520524",
  "properties": {
    "building": "yes",
    "id": "way/350520524"
  },
  "geometry": {
    "type": "Polygon",
    "coordinates": [
      [
        [
          77.1385022,
          28.6648557
        ],
        [
          77.1385242,
          28.6648252
        ],
        [
          77.1386943,
          28.6649198
        ],
        [
          77.1386723,
          28.6649503
        ],
        [
          77.1385022,
          28.6648557
        ]
      ]
    ]
  }
},
{
  "type": "Feature",
  "id": "way/350520527",
  "properties": {
    "building": "yes",
    "id": "way/350520527"
  },
  "geometry": {
    "type": "Polygon",
    "coordinates": [
      [
        [
          77.1381156,
          28.6640717
        ],
        [
          77.1381424,
          28.6640343
        ],
        [
          77.1383242,
          28.6641344
        ],
        [
          77.1382974,
          28.6641718
        ],
        [
          77.1381156,
          28.6640717
        ]
      ]
    ]
  }
},
{
  "type": "Feature",
  "id": "way/350520543",
  "properties": {
    "building": "yes",
    "id": "way/350520543"
  },
  "geometry": {
    "type": "Polygon",
    "coordinates": [
      [
        [
          77.1416963,
          28.6764199
        ],
        [
          77.1416658,
          28.6762355
        ],
        [
          77.1417786,
          28.6762212
        ],
        [
          77.1418091,
          28.6764055
        ],
        [
          77.1416963,
          28.6764199
        ]
      ]
    ]
  }
},
{
  "type": "Feature",
  "id": "way/350520549",
  "properties": {
    "building": "yes",
    "id": "way/350520549"
  },
  "geometry": {
    "type": "Polygon",
    "coordinates": [
      [
        [
          77.1395003,
          28.663595
        ],
        [
          77.1396025,
          28.6634591
        ],
        [
          77.139672,
          28.6634993
        ],
        [
          77.1395698,
          28.6636353
        ],
        [
          77.1395003,
          28.663595
        ]
      ]
    ]
  }
},
{
  "type": "Feature",
  "id": "way/350520555",
  "properties": {
    "building": "yes",
    "id": "way/350520555"
  },
  "geometry": {
    "type": "Polygon",
    "coordinates": [
      [
        [
          77.1431635,
          28.6741173
        ],
        [
          77.1433098,
          28.674099
        ],
        [
          77.143353,
          28.6743638
        ],
        [
          77.1432066,
          28.6743822
        ],
        [
          77.1431635,
          28.6741173
        ]
      ]
    ]
  }
},
{
  "type": "Feature",
  "id": "way/350520558",
  "properties": {
    "building": "yes",
    "id": "way/350520558"
  },
  "geometry": {
    "type": "Polygon",
    "coordinates": [
      [
        [
          77.1394702,
          28.6638227
        ],
        [
          77.1396266,
          28.663909
        ],
        [
          77.1395785,
          28.6639762
        ],
        [
          77.1394221,
          28.6638899
        ],
        [
          77.1394702,
          28.6638227
        ]
      ]
    ]
  }
},
{
  "type": "Feature",
  "id": "way/350520564",
  "properties": {
    "building": "yes",
    "id": "way/350520564"
  },
  "geometry": {
    "type": "Polygon",
    "coordinates": [
      [
        [
          77.1386313,
          28.6637876
        ],
        [
          77.1386483,
          28.6637629
        ],
        [
          77.1388187,
          28.663863
        ],
        [
          77.1388056,
          28.66388
        ],
        [
          77.1386313,
          28.6637876
        ]
      ]
    ]
  }
},
{
  "type": "Feature",
  "id": "way/350520576",
  "properties": {
    "building": "yes",
    "id": "way/350520576"
  },
  "geometry": {
    "type": "Polygon",
    "coordinates": [
      [
        [
          77.1389581,
          28.6633262
        ],
        [
          77.1391235,
          28.663418
        ],
        [
          77.1390763,
          28.6634834
        ],
        [
          77.138911,
          28.6633916
        ],
        [
          77.1389581,
          28.6633262
        ]
      ]
    ]
  }
},
{
  "type": "Feature",
  "id": "way/350520578",
  "properties": {
    "building": "yes",
    "id": "way/350520578"
  },
  "geometry": {
    "type": "Polygon",
    "coordinates": [
      [
        [
          77.1393141,
          28.6644133
        ],
        [
          77.1393634,
          28.6643485
        ],
        [
          77.1395152,
          28.6644375
        ],
        [
          77.1394658,
          28.6645023
        ],
        [
          77.1393141,
          28.6644133
        ]
      ]
    ]
  }
},
{
  "type": "Feature",
  "id": "way/350520581",
  "properties": {
    "building": "yes",
    "id": "way/350520581"
  },
  "geometry": {
    "type": "Polygon",
    "coordinates": [
      [
        [
          77.1379963,
          28.663757
        ],
        [
          77.1381731,
          28.6638605
        ],
        [
          77.1381516,
          28.6638888
        ],
        [
          77.1379748,
          28.6637852
        ],
        [
          77.1379963,
          28.663757
        ]
      ]
    ]
  }
},
{
  "type": "Feature",
  "id": "way/350520587",
  "properties": {
    "building": "yes",
    "id": "way/350520587"
  },
  "geometry": {
    "type": "Polygon",
    "coordinates": [
      [
        [
          77.1390682,
          28.6631473
        ],
        [
          77.1392447,
          28.6632461
        ],
        [
          77.1391925,
          28.6633179
        ],
        [
          77.139016,
          28.6632191
        ],
        [
          77.1390682,
          28.6631473
        ]
      ]
    ]
  }
},
{
  "type": "Feature",
  "id": "way/350520592",
  "properties": {
    "building": "yes",
    "id": "way/350520592"
  },
  "geometry": {
    "type": "Polygon",
    "coordinates": [
      [
        [
          77.14339,
          28.6728664
        ],
        [
          77.1433728,
          28.6727327
        ],
        [
          77.143553,
          28.6727148
        ],
        [
          77.1435703,
          28.6728486
        ],
        [
          77.14339,
          28.6728664
        ]
      ]
    ]
  }
},
{
  "type": "Feature",
  "id": "way/350520596",
  "properties": {
    "building": "yes",
    "id": "way/350520596"
  },
  "geometry": {
    "type": "Polygon",
    "coordinates": [
      [
        [
          77.1387106,
          28.6632267
        ],
        [
          77.1388845,
          28.6633159
        ],
        [
          77.138838,
          28.6633858
        ],
        [
          77.1386641,
          28.6632966
        ],
        [
          77.1387106,
          28.6632267
        ]
      ]
    ]
  }
},
{
  "type": "Feature",
  "id": "way/350520602",
  "properties": {
    "building": "yes",
    "id": "way/350520602"
  },
  "geometry": {
    "type": "Polygon",
    "coordinates": [
      [
        [
          77.1392191,
          28.6636537
        ],
        [
          77.139271,
          28.6635857
        ],
        [
          77.1393229,
          28.6635178
        ],
        [
          77.1393624,
          28.6635411
        ],
        [
          77.1392586,
          28.663677
        ],
        [
          77.1392191,
          28.6636537
        ]
      ]
    ]
  }
},
{
  "type": "Feature",
  "id": "way/350520621",
  "properties": {
    "building": "yes",
    "id": "way/350520621"
  },
  "geometry": {
    "type": "Polygon",
    "coordinates": [
      [
        [
          77.1416221,
          28.6761673
        ],
        [
          77.1415967,
          28.6759724
        ],
        [
          77.1417457,
          28.6759575
        ],
        [
          77.1417711,
          28.6761524
        ],
        [
          77.1416221,
          28.6761673
        ]
      ]
    ]
  }
},
{
  "type": "Feature",
  "id": "way/350520623",
  "properties": {
    "building": "yes",
    "id": "way/350520623"
  },
  "geometry": {
    "type": "Polygon",
    "coordinates": [
      [
        [
          77.1384734,
          28.66489
        ],
        [
          77.1384951,
          28.6648614
        ],
        [
          77.1386621,
          28.6649588
        ],
        [
          77.1386403,
          28.6649874
        ],
        [
          77.1384734,
          28.66489
        ]
      ]
    ]
  }
},
{
  "type": "Feature",
  "id": "way/350520636",
  "properties": {
    "building": "yes",
    "id": "way/350520636"
  },
  "geometry": {
    "type": "Polygon",
    "coordinates": [
      [
        [
          77.138236,
          28.6647712
        ],
        [
          77.1382688,
          28.6647261
        ],
        [
          77.1384389,
          28.6648214
        ],
        [
          77.1384061,
          28.6648665
        ],
        [
          77.138236,
          28.6647712
        ]
      ]
    ]
  }
},
{
  "type": "Feature",
  "id": "way/350520638",
  "properties": {
    "building": "yes",
    "id": "way/350520638"
  },
  "geometry": {
    "type": "Polygon",
    "coordinates": [
      [
        [
          77.1378143,
          28.6649204
        ],
        [
          77.1380109,
          28.6650235
        ],
        [
          77.1379858,
          28.6650602
        ],
        [
          77.1377893,
          28.6649572
        ],
        [
          77.1378143,
          28.6649204
        ]
      ]
    ]
  }
},
{
  "type": "Feature",
  "id": "way/350520641",
  "properties": {
    "building": "yes",
    "id": "way/350520641"
  },
  "geometry": {
    "type": "Polygon",
    "coordinates": [
      [
        [
          77.1418917,
          28.6726495
        ],
        [
          77.1418835,
          28.6725873
        ],
        [
          77.1420457,
          28.6725708
        ],
        [
          77.1420539,
          28.6726331
        ],
        [
          77.1418917,
          28.6726495
        ]
      ]
    ]
  }
},
{
  "type": "Feature",
  "id": "way/350520655",
  "properties": {
    "building": "yes",
    "id": "way/350520655"
  },
  "geometry": {
    "type": "Polygon",
    "coordinates": [
      [
        [
          77.1389907,
          28.6632671
        ],
        [
          77.1391529,
          28.6633533
        ],
        [
          77.1391289,
          28.6633881
        ],
        [
          77.1389667,
          28.6633019
        ],
        [
          77.1389907,
          28.6632671
        ]
      ]
    ]
  }
},
{
  "type": "Feature",
  "id": "way/350520658",
  "properties": {
    "building": "yes",
    "id": "way/350520658"
  },
  "geometry": {
    "type": "Polygon",
    "coordinates": [
      [
        [
          77.1393556,
          28.6643341
        ],
        [
          77.1393965,
          28.6642751
        ],
        [
          77.139553,
          28.6643585
        ],
        [
          77.1395122,
          28.6644175
        ],
        [
          77.1393556,
          28.6643341
        ]
      ]
    ]
  }
},
{
  "type": "Feature",
  "id": "way/350520661",
  "properties": {
    "building": "yes",
    "id": "way/350520661"
  },
  "geometry": {
    "type": "Polygon",
    "coordinates": [
      [
        [
          77.138668,
          28.6637043
        ],
        [
          77.1386878,
          28.6636767
        ],
        [
          77.1388663,
          28.6637753
        ],
        [
          77.1388465,
          28.663803
        ],
        [
          77.138668,
          28.6637043
        ]
      ]
    ]
  }
},
{
  "type": "Feature",
  "id": "way/350520677",
  "properties": {
    "building": "yes",
    "id": "way/350520677"
  },
  "geometry": {
    "type": "Polygon",
    "coordinates": [
      [
        [
          77.1393041,
          28.663695
        ],
        [
          77.1393928,
          28.6635723
        ],
        [
          77.1394238,
          28.6635896
        ],
        [
          77.1393352,
          28.6637122
        ],
        [
          77.1393041,
          28.663695
        ]
      ]
    ]
  }
},
{
  "type": "Feature",
  "id": "way/350520679",
  "properties": {
    "building": "yes",
    "id": "way/350520679"
  },
  "geometry": {
    "type": "Polygon",
    "coordinates": [
      [
        [
          77.1385405,
          28.6647884
        ],
        [
          77.138717,
          28.6648788
        ],
        [
          77.1386973,
          28.6649084
        ],
        [
          77.1385208,
          28.664818
        ],
        [
          77.1385405,
          28.6647884
        ]
      ]
    ]
  }
},
{
  "type": "Feature",
  "id": "way/350520685",
  "properties": {
    "building": "yes",
    "id": "way/350520685"
  },
  "geometry": {
    "type": "Polygon",
    "coordinates": [
      [
        [
          77.1378436,
          28.6640101
        ],
        [
          77.1378946,
          28.663942
        ],
        [
          77.1380476,
          28.6640302
        ],
        [
          77.1379967,
          28.6640983
        ],
        [
          77.1378436,
          28.6640101
        ]
      ]
    ]
  }
},
{
  "type": "Feature",
  "id": "way/350520689",
  "properties": {
    "building": "yes",
    "id": "way/350520689"
  },
  "geometry": {
    "type": "Polygon",
    "coordinates": [
      [
        [
          77.1425882,
          28.6718925
        ],
        [
          77.1425676,
          28.6717551
        ],
        [
          77.1427213,
          28.6717374
        ],
        [
          77.1427419,
          28.6718747
        ],
        [
          77.1425882,
          28.6718925
        ]
      ]
    ]
  }
},
{
  "type": "Feature",
  "id": "way/350520694",
  "properties": {
    "building": "yes",
    "id": "way/350520694"
  },
  "geometry": {
    "type": "Polygon",
    "coordinates": [
      [
        [
          77.138142,
          28.6649036
        ],
        [
          77.1381855,
          28.6648406
        ],
        [
          77.1383556,
          28.664931
        ],
        [
          77.1383121,
          28.664994
        ],
        [
          77.138142,
          28.6649036
        ]
      ]
    ]
  }
},
{
  "type": "Feature",
  "id": "way/350520695",
  "properties": {
    "building": "yes",
    "id": "way/350520695"
  },
  "geometry": {
    "type": "Polygon",
    "coordinates": [
      [
        [
          77.1414588,
          28.6726473
        ],
        [
          77.1415913,
          28.672631
        ],
        [
          77.1416001,
          28.6726858
        ],
        [
          77.1414675,
          28.672702
        ],
        [
          77.1414588,
          28.6726473
        ]
      ]
    ]
  }
},
{
  "type": "Feature",
  "id": "way/350520698",
  "properties": {
    "building": "yes",
    "id": "way/350520698"
  },
  "geometry": {
    "type": "Polygon",
    "coordinates": [
      [
        [
          77.1382093,
          28.6652612
        ],
        [
          77.1383021,
          28.665129
        ],
        [
          77.1384302,
          28.6651981
        ],
        [
          77.1383374,
          28.6653304
        ],
        [
          77.1382093,
          28.6652612
        ]
      ]
    ]
  }
},
{
  "type": "Feature",
  "id": "way/350520701",
  "properties": {
    "building": "yes",
    "id": "way/350520701"
  },
  "geometry": {
    "type": "Polygon",
    "coordinates": [
      [
        [
          77.1379436,
          28.6642535
        ],
        [
          77.1381297,
          28.6643636
        ],
        [
          77.1381038,
          28.6643972
        ],
        [
          77.1379177,
          28.6642872
        ],
        [
          77.1379436,
          28.6642535
        ]
      ]
    ]
  }
},
{
  "type": "Feature",
  "id": "way/350520710",
  "properties": {
    "building": "yes",
    "id": "way/350520710"
  },
  "geometry": {
    "type": "Polygon",
    "coordinates": [
      [
        [
          77.1378445,
          28.6648936
        ],
        [
          77.1380394,
          28.6649903
        ],
        [
          77.1380219,
          28.6650174
        ],
        [
          77.137827,
          28.6649207
        ],
        [
          77.1378445,
          28.6648936
        ]
      ]
    ]
  }
},
{
  "type": "Feature",
  "id": "way/350520717",
  "properties": {
    "building": "yes",
    "id": "way/350520717"
  },
  "geometry": {
    "type": "Polygon",
    "coordinates": [
      [
        [
          77.139152,
          28.6642058
        ],
        [
          77.1393245,
          28.6643081
        ],
        [
          77.1392988,
          28.6643415
        ],
        [
          77.1391263,
          28.6642392
        ],
        [
          77.139152,
          28.6642058
        ]
      ]
    ]
  }
},
{
  "type": "Feature",
  "id": "way/350520719",
  "properties": {
    "building": "yes",
    "id": "way/350520719"
  },
  "geometry": {
    "type": "Polygon",
    "coordinates": [
      [
        [
          77.1419645,
          28.6724254
        ],
        [
          77.1421098,
          28.6724106
        ],
        [
          77.1421274,
          28.6725432
        ],
        [
          77.1419821,
          28.672558
        ],
        [
          77.1419645,
          28.6724254
        ]
      ]
    ]
  }
},
{
  "type": "Feature",
  "id": "way/350520724",
  "properties": {
    "building": "yes",
    "id": "way/350520724"
  },
  "geometry": {
    "type": "Polygon",
    "coordinates": [
      [
        [
          77.1428925,
          28.6744235
        ],
        [
          77.1428408,
          28.6741339
        ],
        [
          77.1431455,
          28.674092
        ],
        [
          77.1431972,
          28.6743816
        ],
        [
          77.1428925,
          28.6744235
        ]
      ]
    ]
  }
},
{
  "type": "Feature",
  "id": "way/350520740",
  "properties": {
    "building": "yes",
    "id": "way/350520740"
  },
  "geometry": {
    "type": "Polygon",
    "coordinates": [
      [
        [
          77.1386991,
          28.6636716
        ],
        [
          77.138717,
          28.6636469
        ],
        [
          77.1388858,
          28.6637411
        ],
        [
          77.1388679,
          28.6637658
        ],
        [
          77.1386991,
          28.6636716
        ]
      ]
    ]
  }
},
{
  "type": "Feature",
  "id": "way/350520743",
  "properties": {
    "building": "yes",
    "id": "way/350520743"
  },
  "geometry": {
    "type": "Polygon",
    "coordinates": [
      [
        [
          77.1379362,
          28.6638298
        ],
        [
          77.1381214,
          28.6639329
        ],
        [
          77.1380996,
          28.6639631
        ],
        [
          77.1379144,
          28.66386
        ],
        [
          77.1379362,
          28.6638298
        ]
      ]
    ]
  }
},
{
  "type": "Feature",
  "id": "way/350520754",
  "properties": {
    "building": "yes",
    "id": "way/350520754"
  },
  "geometry": {
    "type": "Polygon",
    "coordinates": [
      [
        [
          77.1368605,
          28.6626755
        ],
        [
          77.1370114,
          28.662747
        ],
        [
          77.1369438,
          28.6628568
        ],
        [
          77.1367929,
          28.6627852
        ],
        [
          77.1368605,
          28.6626755
        ]
      ]
    ]
  }
},
{
  "type": "Feature",
  "id": "way/350520757",
  "properties": {
    "building": "yes",
    "id": "way/350520757"
  },
  "geometry": {
    "type": "Polygon",
    "coordinates": [
      [
        [
          77.1394563,
          28.6641974
        ],
        [
          77.1394996,
          28.6641364
        ],
        [
          77.1396522,
          28.6642198
        ],
        [
          77.1396088,
          28.6642808
        ],
        [
          77.1394563,
          28.6641974
        ]
      ]
    ]
  }
},
{
  "type": "Feature",
  "id": "way/350520765",
  "properties": {
    "building": "yes",
    "id": "way/350520765"
  },
  "geometry": {
    "type": "Polygon",
    "coordinates": [
      [
        [
          77.1429428,
          28.6729428
        ],
        [
          77.1429212,
          28.6727973
        ],
        [
          77.1430976,
          28.6727772
        ],
        [
          77.1431192,
          28.6729227
        ],
        [
          77.1429428,
          28.6729428
        ]
      ]
    ]
  }
},
{
  "type": "Feature",
  "id": "way/350520767",
  "properties": {
    "building": "yes",
    "id": "way/350520767"
  },
  "geometry": {
    "type": "Polygon",
    "coordinates": [
      [
        [
          77.1396234,
          28.6639863
        ],
        [
          77.139759,
          28.6640705
        ],
        [
          77.1397,
          28.6641435
        ],
        [
          77.1395645,
          28.6640593
        ],
        [
          77.1396234,
          28.6639863
        ]
      ]
    ]
  }
},
{
  "type": "Feature",
  "id": "way/350520770",
  "properties": {
    "building": "yes",
    "id": "way/350520770"
  },
  "geometry": {
    "type": "Polygon",
    "coordinates": [
      [
        [
          77.1428556,
          28.6718305
        ],
        [
          77.142835,
          28.671703
        ],
        [
          77.1430111,
          28.6716811
        ],
        [
          77.1430318,
          28.6718086
        ],
        [
          77.1428556,
          28.6718305
        ]
      ]
    ]
  }
},
{
  "type": "Feature",
  "id": "way/350520783",
  "properties": {
    "building": "yes",
    "id": "way/350520783"
  },
  "geometry": {
    "type": "Polygon",
    "coordinates": [
      [
        [
          77.1380051,
          28.6641877
        ],
        [
          77.1381568,
          28.664269
        ],
        [
          77.1381098,
          28.6643366
        ],
        [
          77.1379581,
          28.6642553
        ],
        [
          77.1380051,
          28.6641877
        ]
      ]
    ]
  }
},
{
  "type": "Feature",
  "id": "way/350520786",
  "properties": {
    "building": "yes",
    "id": "way/350520786"
  },
  "geometry": {
    "type": "Polygon",
    "coordinates": [
      [
        [
          77.138204,
          28.6648386
        ],
        [
          77.138241,
          28.6647859
        ],
        [
          77.1383968,
          28.66487
        ],
        [
          77.1383598,
          28.6649227
        ],
        [
          77.138204,
          28.6648386
        ]
      ]
    ]
  }
},
{
  "type": "Feature",
  "id": "way/350520789",
  "properties": {
    "building": "yes",
    "id": "way/350520789"
  },
  "geometry": {
    "type": "Polygon",
    "coordinates": [
      [
        [
          77.1413169,
          28.6727741
        ],
        [
          77.141427,
          28.6727613
        ],
        [
          77.1414366,
          28.6728249
        ],
        [
          77.1413265,
          28.6728377
        ],
        [
          77.1413169,
          28.6727741
        ]
      ]
    ]
  }
},
{
  "type": "Feature",
  "id": "way/350520791",
  "properties": {
    "building": "yes",
    "id": "way/350520791"
  },
  "geometry": {
    "type": "Polygon",
    "coordinates": [
      [
        [
          77.1383701,
          28.6650293
        ],
        [
          77.1384891,
          28.6650959
        ],
        [
          77.1384735,
          28.6651174
        ],
        [
          77.1383545,
          28.6650508
        ],
        [
          77.1383701,
          28.6650293
        ]
      ]
    ]
  }
},
{
  "type": "Feature",
  "id": "way/350520794",
  "properties": {
    "building": "yes",
    "id": "way/350520794"
  },
  "geometry": {
    "type": "Polygon",
    "coordinates": [
      [
        [
          77.1378981,
          28.6643173
        ],
        [
          77.1379151,
          28.6642951
        ],
        [
          77.1381004,
          28.6644044
        ],
        [
          77.1380834,
          28.6644266
        ],
        [
          77.1378981,
          28.6643173
        ]
      ]
    ]
  }
},
{
  "type": "Feature",
  "id": "way/350520799",
  "properties": {
    "building": "yes",
    "id": "way/350520799"
  },
  "geometry": {
    "type": "Polygon",
    "coordinates": [
      [
        [
          77.1390074,
          28.6661316
        ],
        [
          77.1390924,
          28.666002
        ],
        [
          77.1393734,
          28.6661439
        ],
        [
          77.1392884,
          28.6662735
        ],
        [
          77.1390074,
          28.6661316
        ]
      ]
    ]
  }
},
{
  "type": "Feature",
  "id": "way/350520806",
  "properties": {
    "building": "yes",
    "id": "way/350520806"
  },
  "geometry": {
    "type": "Polygon",
    "coordinates": [
      [
        [
          77.1390953,
          28.6642934
        ],
        [
          77.1391225,
          28.6642558
        ],
        [
          77.1393077,
          28.6643588
        ],
        [
          77.1392806,
          28.6643964
        ],
        [
          77.1390953,
          28.6642934
        ]
      ]
    ]
  }
},
{
  "type": "Feature",
  "id": "way/350520810",
  "properties": {
    "building": "yes",
    "id": "way/350520810"
  },
  "geometry": {
    "type": "Polygon",
    "coordinates": [
      [
        [
          77.1415662,
          28.6764155
        ],
        [
          77.1415344,
          28.676228
        ],
        [
          77.1416496,
          28.6762129
        ],
        [
          77.1416815,
          28.6764004
        ],
        [
          77.1415662,
          28.6764155
        ]
      ]
    ]
  }
},
{
  "type": "Feature",
  "id": "way/350520814",
  "properties": {
    "building": "yes",
    "id": "way/350520814"
  },
  "geometry": {
    "type": "Polygon",
    "coordinates": [
      [
        [
          77.1414507,
          28.6769058
        ],
        [
          77.1414083,
          28.6767011
        ],
        [
          77.1415855,
          28.6766729
        ],
        [
          77.1416279,
          28.6768776
        ],
        [
          77.1414507,
          28.6769058
        ]
      ]
    ]
  }
},
{
  "type": "Feature",
  "id": "way/350520818",
  "properties": {
    "building": "yes",
    "id": "way/350520818"
  },
  "geometry": {
    "type": "Polygon",
    "coordinates": [
      [
        [
          77.1386415,
          28.6637455
        ],
        [
          77.1386657,
          28.6637126
        ],
        [
          77.1388492,
          28.6638166
        ],
        [
          77.138825,
          28.6638495
        ],
        [
          77.1386415,
          28.6637455
        ]
      ]
    ]
  }
},
{
  "type": "Feature",
  "id": "way/350520821",
  "properties": {
    "building": "yes",
    "id": "way/350520821"
  },
  "geometry": {
    "type": "Polygon",
    "coordinates": [
      [
        [
          77.1392465,
          28.664088
        ],
        [
          77.1394216,
          28.6641802
        ],
        [
          77.1393999,
          28.6642119
        ],
        [
          77.1392248,
          28.6641198
        ],
        [
          77.1392465,
          28.664088
        ]
      ]
    ]
  }
},
{
  "type": "Feature",
  "id": "way/350520822",
  "properties": {
    "building": "yes",
    "id": "way/350520822"
  },
  "geometry": {
    "type": "Polygon",
    "coordinates": [
      [
        [
          77.1376924,
          28.6650849
        ],
        [
          77.1378753,
          28.665181
        ],
        [
          77.1378277,
          28.6652509
        ],
        [
          77.1376447,
          28.6651548
        ],
        [
          77.1376924,
          28.6650849
        ]
      ]
    ]
  }
},
{
  "type": "Feature",
  "id": "way/350520826",
  "properties": {
    "building": "yes",
    "id": "way/350520826"
  },
  "geometry": {
    "type": "Polygon",
    "coordinates": [
      [
        [
          77.1388481,
          28.6634743
        ],
        [
          77.1390241,
          28.6635601
        ],
        [
          77.1390026,
          28.6635941
        ],
        [
          77.1388266,
          28.6635083
        ],
        [
          77.1388481,
          28.6634743
        ]
      ]
    ]
  }
},
{
  "type": "Feature",
  "id": "way/350520828",
  "properties": {
    "building": "yes",
    "id": "way/350520828"
  },
  "geometry": {
    "type": "Polygon",
    "coordinates": [
      [
        [
          77.1378938,
          28.6638898
        ],
        [
          77.1379138,
          28.6638635
        ],
        [
          77.1380939,
          28.6639685
        ],
        [
          77.138074,
          28.6639948
        ],
        [
          77.1378938,
          28.6638898
        ]
      ]
    ]
  }
},
{
  "type": "Feature",
  "id": "way/350520834",
  "properties": {
    "building": "yes",
    "id": "way/350520834"
  },
  "geometry": {
    "type": "Polygon",
    "coordinates": [
      [
        [
          77.1379007,
          28.6652931
        ],
        [
          77.1379624,
          28.6652068
        ],
        [
          77.1381037,
          28.6652846
        ],
        [
          77.138042,
          28.6653709
        ],
        [
          77.1379007,
          28.6652931
        ]
      ]
    ]
  }
},
{
  "type": "Feature",
  "id": "way/350520840",
  "properties": {
    "building": "yes",
    "id": "way/350520840"
  },
  "geometry": {
    "type": "Polygon",
    "coordinates": [
      [
        [
          77.1367705,
          28.6628161
        ],
        [
          77.1369533,
          28.6629025
        ],
        [
          77.1369076,
          28.6629768
        ],
        [
          77.1367248,
          28.6628905
        ],
        [
          77.1367705,
          28.6628161
        ]
      ]
    ]
  }
},
{
  "type": "Feature",
  "id": "way/350520842",
  "properties": {
    "building": "yes",
    "id": "way/350520842"
  },
  "geometry": {
    "type": "Polygon",
    "coordinates": [
      [
        [
          77.1431607,
          28.672908
        ],
        [
          77.1431438,
          28.672769
        ],
        [
          77.1433334,
          28.6727513
        ],
        [
          77.1433503,
          28.6728903
        ],
        [
          77.1431607,
          28.672908
        ]
      ]
    ]
  }
},
{
  "type": "Feature",
  "id": "way/350520844",
  "properties": {
    "building": "yes",
    "id": "way/350520844"
  },
  "geometry": {
    "type": "Polygon",
    "coordinates": [
      [
        [
          77.1395481,
          28.6640699
        ],
        [
          77.1396831,
          28.6641519
        ],
        [
          77.1396407,
          28.6642056
        ],
        [
          77.1395058,
          28.6641236
        ],
        [
          77.1395481,
          28.6640699
        ]
      ]
    ]
  }
},
{
  "type": "Feature",
  "id": "way/350520848",
  "properties": {
    "building": "yes",
    "id": "way/350520848"
  },
  "geometry": {
    "type": "Polygon",
    "coordinates": [
      [
        [
          77.141128,
          28.672655
        ],
        [
          77.1410924,
          28.6724346
        ],
        [
          77.1412407,
          28.6724161
        ],
        [
          77.1412763,
          28.6726365
        ],
        [
          77.141128,
          28.672655
        ]
      ]
    ]
  }
},
{
  "type": "Feature",
  "id": "way/350520851",
  "properties": {
    "building": "yes",
    "id": "way/350520851"
  },
  "geometry": {
    "type": "Polygon",
    "coordinates": [
      [
        [
          77.1428978,
          28.6730369
        ],
        [
          77.1427312,
          28.6730459
        ],
        [
          77.1427228,
          28.672925
        ],
        [
          77.1428894,
          28.672916
        ],
        [
          77.1428978,
          28.6730369
        ]
      ]
    ]
  }
},
{
  "type": "Feature",
  "id": "way/350520855",
  "properties": {
    "building": "yes",
    "id": "way/350520855"
  },
  "geometry": {
    "type": "Polygon",
    "coordinates": [
      [
        [
          77.1415301,
          28.6761904
        ],
        [
          77.1414973,
          28.6759749
        ],
        [
          77.1415795,
          28.6759653
        ],
        [
          77.1416123,
          28.6761808
        ],
        [
          77.1415301,
          28.6761904
        ]
      ]
    ]
  }
},
{
  "type": "Feature",
  "id": "way/350520859",
  "properties": {
    "building": "yes",
    "id": "way/350520859"
  },
  "geometry": {
    "type": "Polygon",
    "coordinates": [
      [
        [
          77.1418415,
          28.6761354
        ],
        [
          77.1418167,
          28.675941
        ],
        [
          77.1419226,
          28.6759306
        ],
        [
          77.1419474,
          28.676125
        ],
        [
          77.1418415,
          28.6761354
        ]
      ]
    ]
  }
},
{
  "type": "Feature",
  "id": "way/350520861",
  "properties": {
    "building": "yes",
    "id": "way/350520861"
  },
  "geometry": {
    "type": "Polygon",
    "coordinates": [
      [
        [
          77.138418,
          28.664953
        ],
        [
          77.1385705,
          28.6650427
        ],
        [
          77.1385211,
          28.6651074
        ],
        [
          77.1383685,
          28.6650177
        ],
        [
          77.138418,
          28.664953
        ]
      ]
    ]
  }
},
{
  "type": "Feature",
  "id": "way/350520863",
  "properties": {
    "building": "yes",
    "id": "way/350520863"
  },
  "geometry": {
    "type": "Polygon",
    "coordinates": [
      [
        [
          77.1383301,
          28.6650903
        ],
        [
          77.1383551,
          28.6650581
        ],
        [
          77.1384654,
          28.665124
        ],
        [
          77.1384403,
          28.6651562
        ],
        [
          77.1383301,
          28.6650903
        ]
      ]
    ]
  }
},
{
  "type": "Feature",
  "id": "way/350520871",
  "properties": {
    "building": "yes",
    "id": "way/350520871"
  },
  "geometry": {
    "type": "Polygon",
    "coordinates": [
      [
        [
          77.1382686,
          28.6647188
        ],
        [
          77.1383264,
          28.6646352
        ],
        [
          77.1385069,
          28.6647312
        ],
        [
          77.1384491,
          28.6648148
        ],
        [
          77.1382686,
          28.6647188
        ]
      ]
    ]
  }
},
{
  "type": "Feature",
  "id": "way/350520872",
  "properties": {
    "building": "yes",
    "id": "way/350520872"
  },
  "geometry": {
    "type": "Polygon",
    "coordinates": [
      [
        [
          77.1377759,
          28.6649729
        ],
        [
          77.137951,
          28.6650592
        ],
        [
          77.1379214,
          28.6651054
        ],
        [
          77.1377463,
          28.6650192
        ],
        [
          77.1377759,
          28.6649729
        ]
      ]
    ]
  }
},
{
  "type": "Feature",
  "id": "way/350520876",
  "properties": {
    "building": "yes",
    "id": "way/350520876"
  },
  "geometry": {
    "type": "Polygon",
    "coordinates": [
      [
        [
          77.1384337,
          28.6645269
        ],
        [
          77.1385771,
          28.6646002
        ],
        [
          77.1385466,
          28.6646462
        ],
        [
          77.1384031,
          28.6645728
        ],
        [
          77.1384337,
          28.6645269
        ]
      ]
    ]
  }
},
{
  "type": "Feature",
  "id": "way/350520882",
  "properties": {
    "building": "yes",
    "id": "way/350520882"
  },
  "geometry": {
    "type": "Polygon",
    "coordinates": [
      [
        [
          77.139198,
          28.6641509
        ],
        [
          77.1392196,
          28.6641215
        ],
        [
          77.1393975,
          28.6642221
        ],
        [
          77.1393758,
          28.6642515
        ],
        [
          77.139198,
          28.6641509
        ]
      ]
    ]
  }
},
{
  "type": "Feature",
  "id": "way/350520887",
  "properties": {
    "building": "yes",
    "id": "way/350520887"
  },
  "geometry": {
    "type": "Polygon",
    "coordinates": [
      [
        [
          77.139271,
          28.6640061
        ],
        [
          77.1394802,
          28.6641217
        ],
        [
          77.1394375,
          28.6641813
        ],
        [
          77.1392283,
          28.6640657
        ],
        [
          77.139271,
          28.6640061
        ]
      ]
    ]
  }
},
{
  "type": "Feature",
  "id": "way/350520891",
  "properties": {
    "building": "yes",
    "id": "way/350520891"
  },
  "geometry": {
    "type": "Polygon",
    "coordinates": [
      [
        [
          77.1415471,
          28.6726122
        ],
        [
          77.1415142,
          28.6723729
        ],
        [
          77.1416793,
          28.6723555
        ],
        [
          77.1417121,
          28.6725948
        ],
        [
          77.1415471,
          28.6726122
        ]
      ]
    ]
  }
},
{
  "type": "Feature",
  "id": "way/350520895",
  "properties": {
    "building": "yes",
    "id": "way/350520895"
  },
  "geometry": {
    "type": "Polygon",
    "coordinates": [
      [
        [
          77.1388669,
          28.6634317
        ],
        [
          77.1390402,
          28.6635194
        ],
        [
          77.1390212,
          28.6635484
        ],
        [
          77.1388478,
          28.6634607
        ],
        [
          77.1388669,
          28.6634317
        ]
      ]
    ]
  }
},
{
  "type": "Feature",
  "id": "way/350520898",
  "properties": {
    "building": "yes",
    "id": "way/350520898"
  },
  "geometry": {
    "type": "Polygon",
    "coordinates": [
      [
        [
          77.1379511,
          28.6651865
        ],
        [
          77.1379973,
          28.6651237
        ],
        [
          77.1381666,
          28.6652197
        ],
        [
          77.1381204,
          28.6652825
        ],
        [
          77.1379511,
          28.6651865
        ]
      ]
    ]
  }
},
{
  "type": "Feature",
  "id": "way/350520902",
  "properties": {
    "building": "yes",
    "id": "way/350520902"
  },
  "geometry": {
    "type": "Polygon",
    "coordinates": [
      [
        [
          77.1434459,
          28.6714822
        ],
        [
          77.1434337,
          28.6713604
        ],
        [
          77.1436011,
          28.6713475
        ],
        [
          77.1436132,
          28.6714693
        ],
        [
          77.1434459,
          28.6714822
        ]
      ]
    ]
  }
},
{
  "type": "Feature",
  "id": "way/350520913",
  "properties": {
    "building": "yes",
    "id": "way/350520913"
  },
  "geometry": {
    "type": "Polygon",
    "coordinates": [
      [
        [
          77.1397899,
          28.6636917
        ],
        [
          77.139873,
          28.663581
        ],
        [
          77.1400221,
          28.6636673
        ],
        [
          77.139939,
          28.6637779
        ],
        [
          77.1397899,
          28.6636917
        ]
      ]
    ]
  }
},
{
  "type": "Feature",
  "id": "way/350520923",
  "properties": {
    "building": "yes",
    "id": "way/350520923"
  },
  "geometry": {
    "type": "Polygon",
    "coordinates": [
      [
        [
          77.138338,
          28.6646315
        ],
        [
          77.1383828,
          28.6645684
        ],
        [
          77.1385457,
          28.6646574
        ],
        [
          77.1385009,
          28.6647205
        ],
        [
          77.138338,
          28.6646315
        ]
      ]
    ]
  }
},
{
  "type": "Feature",
  "id": "way/350520924",
  "properties": {
    "building": "yes",
    "id": "way/350520924"
  },
  "geometry": {
    "type": "Polygon",
    "coordinates": [
      [
        [
          77.137742,
          28.6650265
        ],
        [
          77.1379239,
          28.6651176
        ],
        [
          77.1379033,
          28.6651492
        ],
        [
          77.1377215,
          28.665058
        ],
        [
          77.137742,
          28.6650265
        ]
      ]
    ]
  }
},
{
  "type": "Feature",
  "id": "way/350520925",
  "properties": {
    "building": "yes",
    "id": "way/350520925"
  },
  "geometry": {
    "type": "Polygon",
    "coordinates": [
      [
        [
          77.1419392,
          28.6723259
        ],
        [
          77.1420911,
          28.6723086
        ],
        [
          77.1421048,
          28.6724015
        ],
        [
          77.1419529,
          28.6724187
        ],
        [
          77.1419392,
          28.6723259
        ]
      ]
    ]
  }
},
{
  "type": "Feature",
  "id": "way/350520926",
  "properties": {
    "building": "yes",
    "id": "way/350520926"
  },
  "geometry": {
    "type": "Polygon",
    "coordinates": [
      [
        [
          77.1391863,
          28.6645422
        ],
        [
          77.1392297,
          28.6644805
        ],
        [
          77.139403,
          28.6645744
        ],
        [
          77.1393596,
          28.6646361
        ],
        [
          77.1391863,
          28.6645422
        ]
      ]
    ]
  }
},
{
  "type": "Feature",
  "id": "way/350520930",
  "properties": {
    "building": "yes",
    "id": "way/350520930"
  },
  "geometry": {
    "type": "Polygon",
    "coordinates": [
      [
        [
          77.1381402,
          28.6636228
        ],
        [
          77.1381929,
          28.6636124
        ],
        [
          77.1382352,
          28.6637763
        ],
        [
          77.1381825,
          28.6637868
        ],
        [
          77.1381402,
          28.6636228
        ]
      ]
    ]
  }
},
{
  "type": "Feature",
  "id": "way/350520932",
  "properties": {
    "building": "yes",
    "id": "way/350520932"
  },
  "geometry": {
    "type": "Polygon",
    "coordinates": [
      [
        [
          77.1384894,
          28.6644488
        ],
        [
          77.1386339,
          28.6645202
        ],
        [
          77.1385901,
          28.6645887
        ],
        [
          77.1384455,
          28.6645173
        ],
        [
          77.1384894,
          28.6644488
        ]
      ]
    ]
  }
},
{
  "type": "Feature",
  "id": "way/350520937",
  "properties": {
    "building": "yes",
    "id": "way/350520937"
  },
  "geometry": {
    "type": "Polygon",
    "coordinates": [
      [
        [
          77.1385256,
          28.663456
        ],
        [
          77.1387181,
          28.6635534
        ],
        [
          77.1386967,
          28.6635859
        ],
        [
          77.1385043,
          28.6634885
        ],
        [
          77.1385256,
          28.663456
        ]
      ]
    ]
  }
},
{
  "type": "Feature",
  "id": "way/350520943",
  "properties": {
    "building": "yes",
    "id": "way/350520943"
  },
  "geometry": {
    "type": "Polygon",
    "coordinates": [
      [
        [
          77.1387256,
          28.6636417
        ],
        [
          77.1387444,
          28.6636158
        ],
        [
          77.1389081,
          28.6637076
        ],
        [
          77.1388893,
          28.6637335
        ],
        [
          77.1387256,
          28.6636417
        ]
      ]
    ]
  }
},
{
  "type": "Feature",
  "id": "way/350520946",
  "properties": {
    "building": "yes",
    "id": "way/350520946"
  },
  "geometry": {
    "type": "Polygon",
    "coordinates": [
      [
        [
          77.1413146,
          28.6725176
        ],
        [
          77.1412986,
          28.672405
        ],
        [
          77.1414508,
          28.6723884
        ],
        [
          77.1414668,
          28.6725011
        ],
        [
          77.1413146,
          28.6725176
        ]
      ]
    ]
  }
},
{
  "type": "Feature",
  "id": "way/350520948",
  "properties": {
    "building": "yes",
    "id": "way/350520948"
  },
  "geometry": {
    "type": "Polygon",
    "coordinates": [
      [
        [
          77.1387985,
          28.6635258
        ],
        [
          77.1389814,
          28.6636244
        ],
        [
          77.1389536,
          28.6636642
        ],
        [
          77.1387706,
          28.6635656
        ],
        [
          77.1387985,
          28.6635258
        ]
      ]
    ]
  }
},
{
  "type": "Feature",
  "id": "way/350520950",
  "properties": {
    "building": "yes",
    "id": "way/350520950"
  },
  "geometry": {
    "type": "Polygon",
    "coordinates": [
      [
        [
          77.1400647,
          28.6728825
        ],
        [
          77.1399812,
          28.6725929
        ],
        [
          77.140167,
          28.6725516
        ],
        [
          77.1402505,
          28.6728412
        ],
        [
          77.1400647,
          28.6728825
        ]
      ]
    ]
  }
},
{
  "type": "Feature",
  "id": "way/350520952",
  "properties": {
    "building": "yes",
    "id": "way/350520952"
  },
  "geometry": {
    "type": "Polygon",
    "coordinates": [
      [
        [
          77.1431245,
          28.6715294
        ],
        [
          77.1431104,
          28.6713978
        ],
        [
          77.1432702,
          28.6713847
        ],
        [
          77.1432843,
          28.6715163
        ],
        [
          77.1431245,
          28.6715294
        ]
      ]
    ]
  }
},
{
  "type": "Feature",
  "id": "way/350520957",
  "properties": {
    "building": "yes",
    "id": "way/350520957"
  },
  "geometry": {
    "type": "Polygon",
    "coordinates": [
      [
        [
          77.1397099,
          28.6638332
        ],
        [
          77.1398612,
          28.6639164
        ],
        [
          77.1397996,
          28.6640027
        ],
        [
          77.1396553,
          28.6639186
        ],
        [
          77.1397099,
          28.6638332
        ]
      ]
    ]
  }
},
{
  "type": "Feature",
  "id": "way/350520966",
  "properties": {
    "building": "yes",
    "id": "way/350520966"
  },
  "geometry": {
    "type": "Polygon",
    "coordinates": [
      [
        [
          77.137422,
          28.6645552
        ],
        [
          77.1374506,
          28.664515
        ],
        [
          77.1376359,
          28.6646166
        ],
        [
          77.1376073,
          28.6646568
        ],
        [
          77.137422,
          28.6645552
        ]
      ]
    ]
  }
},
{
  "type": "Feature",
  "id": "way/350520974",
  "properties": {
    "building": "yes",
    "id": "way/350520974"
  },
  "geometry": {
    "type": "Polygon",
    "coordinates": [
      [
        [
          77.1395765,
          28.66365
        ],
        [
          77.1396804,
          28.6635073
        ],
        [
          77.1398243,
          28.663588
        ],
        [
          77.1397204,
          28.6637307
        ],
        [
          77.1395765,
          28.66365
        ]
      ]
    ]
  }
},
{
  "type": "Feature",
  "id": "way/350520976",
  "properties": {
    "building": "yes",
    "id": "way/350520976"
  },
  "geometry": {
    "type": "Polygon",
    "coordinates": [
      [
        [
          77.1378597,
          28.6643972
        ],
        [
          77.1379032,
          28.6643368
        ],
        [
          77.1380677,
          28.6644279
        ],
        [
          77.1380243,
          28.6644883
        ],
        [
          77.1378597,
          28.6643972
        ]
      ]
    ]
  }
},
{
  "type": "Feature",
  "id": "way/350520980",
  "properties": {
    "building": "yes",
    "id": "way/350520980"
  },
  "geometry": {
    "type": "Polygon",
    "coordinates": [
      [
        [
          77.1389008,
          28.6662177
        ],
        [
          77.1389635,
          28.6661273
        ],
        [
          77.1392552,
          28.6662832
        ],
        [
          77.1391924,
          28.6663736
        ],
        [
          77.1389008,
          28.6662177
        ]
      ]
    ]
  }
},
{
  "type": "Feature",
  "id": "way/350520984",
  "properties": {
    "building": "yes",
    "id": "way/350520984"
  },
  "geometry": {
    "type": "Polygon",
    "coordinates": [
      [
        [
          77.1408974,
          28.6732877
        ],
        [
          77.1408449,
          28.672939
        ],
        [
          77.1411051,
          28.6729088
        ],
        [
          77.1411576,
          28.6732575
        ],
        [
          77.1408974,
          28.6732877
        ]
      ]
    ]
  }
},
{
  "type": "Feature",
  "id": "way/350520993",
  "properties": {
    "building": "yes",
    "id": "way/350520993"
  },
  "geometry": {
    "type": "Polygon",
    "coordinates": [
      [
        [
          77.1390426,
          28.6643684
        ],
        [
          77.1390887,
          28.6643033
        ],
        [
          77.1392763,
          28.6644056
        ],
        [
          77.1392303,
          28.6644707
        ],
        [
          77.1390426,
          28.6643684
        ]
      ]
    ]
  }
},
{
  "type": "Feature",
  "id": "way/350520997",
  "properties": {
    "building": "yes",
    "id": "way/350520997"
  },
  "geometry": {
    "type": "Polygon",
    "coordinates": [
      [
        [
          77.1388861,
          28.6633904
        ],
        [
          77.1390826,
          28.6634906
        ],
        [
          77.1390606,
          28.6635238
        ],
        [
          77.1388642,
          28.6634236
        ],
        [
          77.1388861,
          28.6633904
        ]
      ]
    ]
  }
},
{
  "type": "Feature",
  "id": "way/350520999",
  "properties": {
    "building": "yes",
    "id": "way/350520999"
  },
  "geometry": {
    "type": "Polygon",
    "coordinates": [
      [
        [
          77.1392558,
          28.6644861
        ],
        [
          77.1392993,
          28.6644216
        ],
        [
          77.1394559,
          28.6645029
        ],
        [
          77.1394123,
          28.6645674
        ],
        [
          77.1392558,
          28.6644861
        ]
      ]
    ]
  }
},
{
  "type": "Feature",
  "id": "way/350521005",
  "properties": {
    "building": "yes",
    "id": "way/350521005"
  },
  "geometry": {
    "type": "Polygon",
    "coordinates": [
      [
        [
          77.1383015,
          28.663745
        ],
        [
          77.138262,
          28.6635666
        ],
        [
          77.1383317,
          28.6635547
        ],
        [
          77.1383712,
          28.6637331
        ],
        [
          77.1383015,
          28.663745
        ]
      ]
    ]
  }
},
{
  "type": "Feature",
  "id": "way/350521007",
  "properties": {
    "building": "yes",
    "id": "way/350521007"
  },
  "geometry": {
    "type": "Polygon",
    "coordinates": [
      [
        [
          77.1384884,
          28.6635292
        ],
        [
          77.1385122,
          28.6634965
        ],
        [
          77.1386839,
          28.6635926
        ],
        [
          77.13866,
          28.6636254
        ],
        [
          77.1384884,
          28.6635292
        ]
      ]
    ]
  }
},
{
  "type": "Feature",
  "id": "way/350521010",
  "properties": {
    "building": "yes",
    "id": "way/350521010"
  },
  "geometry": {
    "type": "Polygon",
    "coordinates": [
      [
        [
          77.1391069,
          28.6635145
        ],
        [
          77.1392283,
          28.6635894
        ],
        [
          77.1391875,
          28.6636404
        ],
        [
          77.1390661,
          28.6635654
        ],
        [
          77.1391069,
          28.6635145
        ]
      ]
    ]
  }
},
{
  "type": "Feature",
  "id": "way/350521012",
  "properties": {
    "building": "yes",
    "id": "way/350521012"
  },
  "geometry": {
    "type": "Polygon",
    "coordinates": [
      [
        [
          77.1386616,
          28.6645938
        ],
        [
          77.1388405,
          28.6647024
        ],
        [
          77.1388115,
          28.6647392
        ],
        [
          77.1386326,
          28.6646305
        ],
        [
          77.1386616,
          28.6645938
        ]
      ]
    ]
  }
},
{
  "type": "Feature",
  "id": "way/350521013",
  "properties": {
    "building": "yes",
    "id": "way/350521013"
  },
  "geometry": {
    "type": "Polygon",
    "coordinates": [
      [
        [
          77.1434924,
          28.6717545
        ],
        [
          77.1434796,
          28.6716428
        ],
        [
          77.1436564,
          28.6716271
        ],
        [
          77.1436692,
          28.6717388
        ],
        [
          77.1434924,
          28.6717545
        ]
      ]
    ]
  }
},
{
  "type": "Feature",
  "id": "way/350521015",
  "properties": {
    "building": "yes",
    "id": "way/350521015"
  },
  "geometry": {
    "type": "Polygon",
    "coordinates": [
      [
        [
          77.1386372,
          28.6633119
        ],
        [
          77.1388066,
          28.6634011
        ],
        [
          77.1387559,
          28.6634753
        ],
        [
          77.1385865,
          28.6633861
        ],
        [
          77.1386372,
          28.6633119
        ]
      ]
    ]
  }
},
{
  "type": "Feature",
  "id": "way/350521019",
  "properties": {
    "building": "yes",
    "id": "way/350521019"
  },
  "geometry": {
    "type": "Polygon",
    "coordinates": [
      [
        [
          77.1387674,
          28.6635793
        ],
        [
          77.1389521,
          28.6636705
        ],
        [
          77.1389311,
          28.6637031
        ],
        [
          77.1387465,
          28.663612
        ],
        [
          77.1387674,
          28.6635793
        ]
      ]
    ]
  }
},
{
  "type": "Feature",
  "id": "way/350521024",
  "properties": {
    "building": "yes",
    "id": "way/350521024"
  },
  "geometry": {
    "type": "Polygon",
    "coordinates": [
      [
        [
          77.1417969,
          28.6731186
        ],
        [
          77.1417584,
          28.6728488
        ],
        [
          77.1419763,
          28.6728249
        ],
        [
          77.1420147,
          28.6730947
        ],
        [
          77.1417969,
          28.6731186
        ]
      ]
    ]
  }
},
{
  "type": "Feature",
  "id": "way/350521027",
  "properties": {
    "building": "yes",
    "id": "way/350521027"
  },
  "geometry": {
    "type": "Polygon",
    "coordinates": [
      [
        [
          77.1409481,
          28.6726426
        ],
        [
          77.1409162,
          28.672456
        ],
        [
          77.141044,
          28.6724392
        ],
        [
          77.1410759,
          28.6726259
        ],
        [
          77.1409481,
          28.6726426
        ]
      ]
    ]
  }
},
{
  "type": "Feature",
  "id": "way/350521030",
  "properties": {
    "building": "yes",
    "id": "way/350521030"
  },
  "geometry": {
    "type": "Polygon",
    "coordinates": [
      [
        [
          77.1397267,
          28.6637769
        ],
        [
          77.1397798,
          28.6637025
        ],
        [
          77.1399548,
          28.6637986
        ],
        [
          77.1399017,
          28.663873
        ],
        [
          77.1397267,
          28.6637769
        ]
      ]
    ]
  }
},
{
  "type": "Feature",
  "id": "way/350521035",
  "properties": {
    "building": "yes",
    "id": "way/350521035"
  },
  "geometry": {
    "type": "Polygon",
    "coordinates": [
      [
        [
          77.1417752,
          28.6726022
        ],
        [
          77.1417508,
          28.672441
        ],
        [
          77.1419026,
          28.6724233
        ],
        [
          77.1419216,
          28.6725495
        ],
        [
          77.1418507,
          28.6725577
        ],
        [
          77.141856,
          28.6725928
        ],
        [
          77.1417752,
          28.6726022
        ]
      ]
    ]
  }
},
{
  "type": "Feature",
  "id": "way/350521037",
  "properties": {
    "building": "yes",
    "id": "way/350521037"
  },
  "geometry": {
    "type": "Polygon",
    "coordinates": [
      [
        [
          77.1402885,
          28.6728151
        ],
        [
          77.1402156,
          28.6725627
        ],
        [
          77.1403853,
          28.672525
        ],
        [
          77.1404398,
          28.6727138
        ],
        [
          77.1403512,
          28.6727335
        ],
        [
          77.1403695,
          28.6727971
        ],
        [
          77.1402885,
          28.6728151
        ]
      ]
    ]
  }
},
{
  "type": "Feature",
  "id": "way/350521039",
  "properties": {
    "building": "yes",
    "id": "way/350521039"
  },
  "geometry": {
    "type": "Polygon",
    "coordinates": [
      [
        [
          77.1407006,
          28.672664
        ],
        [
          77.1408571,
          28.6726459
        ],
        [
          77.1408629,
          28.6726845
        ],
        [
          77.1408282,
          28.6726885
        ],
        [
          77.1408367,
          28.672745
        ],
        [
          77.1407149,
          28.6727591
        ],
        [
          77.1407006,
          28.672664
        ]
      ]
    ]
  }
},
{
  "type": "Feature",
  "id": "way/350521041",
  "properties": {
    "building": "yes",
    "id": "way/350521041"
  },
  "geometry": {
    "type": "Polygon",
    "coordinates": [
      [
        [
          77.1414978,
          28.6732042
        ],
        [
          77.1414408,
          28.6728821
        ],
        [
          77.1415575,
          28.6728662
        ],
        [
          77.1415599,
          28.6728797
        ],
        [
          77.1416773,
          28.6728637
        ],
        [
          77.1417319,
          28.6731724
        ],
        [
          77.1414978,
          28.6732042
        ]
      ]
    ]
  }
},
{
  "type": "Feature",
  "id": "way/350521048",
  "properties": {
    "building": "yes",
    "id": "way/350521048"
  },
  "geometry": {
    "type": "Polygon",
    "coordinates": [
      [
        [
          77.139374,
          28.6637434
        ],
        [
          77.1393601,
          28.6637362
        ],
        [
          77.1394514,
          28.6636004
        ],
        [
          77.1395661,
          28.6636597
        ],
        [
          77.1395436,
          28.6636933
        ],
        [
          77.1396007,
          28.6637228
        ],
        [
          77.1396232,
          28.6636894
        ],
        [
          77.1397225,
          28.6637408
        ],
        [
          77.1396314,
          28.6638765
        ],
        [
          77.139374,
          28.6637434
        ]
      ]
    ]
  }
},
{
  "type": "Feature",
  "id": "way/350556030",
  "properties": {
    "building": "yes",
    "id": "way/350556030"
  },
  "geometry": {
    "type": "Polygon",
    "coordinates": [
      [
        [
          77.1386102,
          28.6697311
        ],
        [
          77.1387122,
          28.6696624
        ],
        [
          77.1387645,
          28.6697222
        ],
        [
          77.1388176,
          28.6696864
        ],
        [
          77.1387652,
          28.6696266
        ],
        [
          77.1388794,
          28.6695496
        ],
        [
          77.1389518,
          28.6696321
        ],
        [
          77.1388859,
          28.6696766
        ],
        [
          77.1389041,
          28.6696974
        ],
        [
          77.1387008,
          28.6698345
        ],
        [
          77.1386102,
          28.6697311
        ]
      ]
    ]
  }
},
{
  "type": "Feature",
  "id": "way/350556032",
  "properties": {
    "building": "yes",
    "id": "way/350556032"
  },
  "geometry": {
    "type": "Polygon",
    "coordinates": [
      [
        [
          77.1435417,
          28.6699809
        ],
        [
          77.1435371,
          28.6698767
        ],
        [
          77.1437081,
          28.6698709
        ],
        [
          77.1437127,
          28.6699751
        ],
        [
          77.1435417,
          28.6699809
        ]
      ]
    ]
  }
},
{
  "type": "Feature",
  "id": "way/350556033",
  "properties": {
    "building": "yes",
    "id": "way/350556033"
  },
  "geometry": {
    "type": "Polygon",
    "coordinates": [
      [
        [
          77.1396585,
          28.6698459
        ],
        [
          77.1395582,
          28.6696855
        ],
        [
          77.1396948,
          28.6696604
        ],
        [
          77.1397276,
          28.669834
        ],
        [
          77.1396585,
          28.6698459
        ]
      ]
    ]
  }
},
{
  "type": "Feature",
  "id": "way/350556034",
  "properties": {
    "building": "yes",
    "id": "way/350556034"
  },
  "geometry": {
    "type": "Polygon",
    "coordinates": [
      [
        [
          77.1399278,
          28.6707463
        ],
        [
          77.1402819,
          28.6706191
        ],
        [
          77.1403576,
          28.6707814
        ],
        [
          77.1400035,
          28.6709086
        ],
        [
          77.1399278,
          28.6707463
        ]
      ]
    ]
  }
},
{
  "type": "Feature",
  "id": "way/350556035",
  "properties": {
    "building": "yes",
    "id": "way/350556035"
  },
  "geometry": {
    "type": "Polygon",
    "coordinates": [
      [
        [
          77.1438414,
          28.6699479
        ],
        [
          77.144087,
          28.6699282
        ],
        [
          77.1441012,
          28.6700644
        ],
        [
          77.1438556,
          28.6700842
        ],
        [
          77.1438414,
          28.6699479
        ]
      ]
    ]
  }
},
{
  "type": "Feature",
  "id": "way/350556038",
  "properties": {
    "building": "yes",
    "id": "way/350556038"
  },
  "geometry": {
    "type": "Polygon",
    "coordinates": [
      [
        [
          77.1395939,
          28.6692722
        ],
        [
          77.139566,
          28.6690872
        ],
        [
          77.1396691,
          28.6690753
        ],
        [
          77.1396707,
          28.6690751
        ],
        [
          77.1396985,
          28.66926
        ],
        [
          77.1395939,
          28.6692722
        ]
      ]
    ]
  }
},
{
  "type": "Feature",
  "id": "way/350556043",
  "properties": {
    "building": "yes",
    "id": "way/350556043"
  },
  "geometry": {
    "type": "Polygon",
    "coordinates": [
      [
        [
          77.1389263,
          28.669463
        ],
        [
          77.1391206,
          28.6693412
        ],
        [
          77.1392103,
          28.6694515
        ],
        [
          77.139016,
          28.6695732
        ],
        [
          77.1389263,
          28.669463
        ]
      ]
    ]
  }
},
{
  "type": "Feature",
  "id": "way/350556045",
  "properties": {
    "building": "yes",
    "id": "way/350556045"
  },
  "geometry": {
    "type": "Polygon",
    "coordinates": [
      [
        [
          77.1389415,
          28.6684896
        ],
        [
          77.1389134,
          28.6683226
        ],
        [
          77.1389993,
          28.6683115
        ],
        [
          77.1390274,
          28.6684784
        ],
        [
          77.1389415,
          28.6684896
        ]
      ]
    ]
  }
},
{
  "type": "Feature",
  "id": "way/350556047",
  "properties": {
    "building": "yes",
    "id": "way/350556047"
  },
  "geometry": {
    "type": "Polygon",
    "coordinates": [
      [
        [
          77.1391017,
          28.6696942
        ],
        [
          77.1393083,
          28.6695721
        ],
        [
          77.1394203,
          28.669718
        ],
        [
          77.1392137,
          28.6698401
        ],
        [
          77.1391017,
          28.6696942
        ]
      ]
    ]
  }
},
{
  "type": "Feature",
  "id": "way/350556048",
  "properties": {
    "building": "yes",
    "id": "way/350556048"
  },
  "geometry": {
    "type": "Polygon",
    "coordinates": [
      [
        [
          77.1411685,
          28.6675646
        ],
        [
          77.1411493,
          28.6674459
        ],
        [
          77.1413455,
          28.6674214
        ],
        [
          77.1413647,
          28.6675401
        ],
        [
          77.1411685,
          28.6675646
        ]
      ]
    ]
  }
},
{
  "type": "Feature",
  "id": "way/350556050",
  "properties": {
    "building": "yes",
    "id": "way/350556050"
  },
  "geometry": {
    "type": "Polygon",
    "coordinates": [
      [
        [
          77.1421961,
          28.6684499
        ],
        [
          77.1423845,
          28.6684187
        ],
        [
          77.1423983,
          28.6684824
        ],
        [
          77.1422098,
          28.6685137
        ],
        [
          77.1421961,
          28.6684499
        ]
      ]
    ]
  }
},
{
  "type": "Feature",
  "id": "way/350556052",
  "properties": {
    "building": "yes",
    "id": "way/350556052"
  },
  "geometry": {
    "type": "Polygon",
    "coordinates": [
      [
        [
          77.1408823,
          28.6679752
        ],
        [
          77.1410891,
          28.6679519
        ],
        [
          77.1411147,
          28.6681274
        ],
        [
          77.1409079,
          28.6681507
        ],
        [
          77.1408823,
          28.6679752
        ]
      ]
    ]
  }
},
{
  "type": "Feature",
  "id": "way/350556053",
  "properties": {
    "building": "yes",
    "id": "way/350556053"
  },
  "geometry": {
    "type": "Polygon",
    "coordinates": [
      [
        [
          77.1404959,
          28.6699508
        ],
        [
          77.1404753,
          28.6697994
        ],
        [
          77.1405579,
          28.6697908
        ],
        [
          77.1405786,
          28.6699421
        ],
        [
          77.1404959,
          28.6699508
        ]
      ]
    ]
  }
},
{
  "type": "Feature",
  "id": "way/350556055",
  "properties": {
    "building": "yes",
    "id": "way/350556055"
  },
  "geometry": {
    "type": "Polygon",
    "coordinates": [
      [
        [
          77.1413116,
          28.6718211
        ],
        [
          77.1415132,
          28.671752
        ],
        [
          77.1415594,
          28.6718559
        ],
        [
          77.1413579,
          28.671925
        ],
        [
          77.1413116,
          28.6718211
        ]
      ]
    ]
  }
},
{
  "type": "Feature",
  "id": "way/350556056",
  "properties": {
    "building": "yes",
    "id": "way/350556056"
  },
  "geometry": {
    "type": "Polygon",
    "coordinates": [
      [
        [
          77.1405136,
          28.6707818
        ],
        [
          77.1404636,
          28.6706708
        ],
        [
          77.1406867,
          28.6705935
        ],
        [
          77.1407367,
          28.6707045
        ],
        [
          77.1405136,
          28.6707818
        ]
      ]
    ]
  }
},
{
  "type": "Feature",
  "id": "way/350556057",
  "properties": {
    "building": "yes",
    "id": "way/350556057"
  },
  "geometry": {
    "type": "Polygon",
    "coordinates": [
      [
        [
          77.1415738,
          28.6695761
        ],
        [
          77.141555,
          28.6694141
        ],
        [
          77.1416616,
          28.6694046
        ],
        [
          77.1416803,
          28.6695666
        ],
        [
          77.1415738,
          28.6695761
        ]
      ]
    ]
  }
},
{
  "type": "Feature",
  "id": "way/350556058",
  "properties": {
    "building": "yes",
    "id": "way/350556058"
  },
  "geometry": {
    "type": "Polygon",
    "coordinates": [
      [
        [
          77.1401552,
          28.6675008
        ],
        [
          77.1403436,
          28.6674745
        ],
        [
          77.1403588,
          28.6675585
        ],
        [
          77.1401704,
          28.6675848
        ],
        [
          77.1401552,
          28.6675008
        ]
      ]
    ]
  }
},
{
  "type": "Feature",
  "id": "way/350556059",
  "properties": {
    "building": "yes",
    "id": "way/350556059"
  },
  "geometry": {
    "type": "Polygon",
    "coordinates": [
      [
        [
          77.1414204,
          28.669853
        ],
        [
          77.1413942,
          28.6696687
        ],
        [
          77.1414994,
          28.6696572
        ],
        [
          77.1415256,
          28.6698414
        ],
        [
          77.1414204,
          28.669853
        ]
      ]
    ]
  }
},
{
  "type": "Feature",
  "id": "way/350556061",
  "properties": {
    "building": "yes",
    "id": "way/350556061"
  },
  "geometry": {
    "type": "Polygon",
    "coordinates": [
      [
        [
          77.1408353,
          28.6676888
        ],
        [
          77.1410171,
          28.6676683
        ],
        [
          77.1410283,
          28.6677446
        ],
        [
          77.1408465,
          28.6677652
        ],
        [
          77.1408353,
          28.6676888
        ]
      ]
    ]
  }
},
{
  "type": "Feature",
  "id": "way/350556062",
  "properties": {
    "building": "yes",
    "id": "way/350556062"
  },
  "geometry": {
    "type": "Polygon",
    "coordinates": [
      [
        [
          77.1437171,
          28.671068
        ],
        [
          77.143703,
          28.6709655
        ],
        [
          77.143912,
          28.6709433
        ],
        [
          77.1439261,
          28.6710458
        ],
        [
          77.1437171,
          28.671068
        ]
      ]
    ]
  }
},
{
  "type": "Feature",
  "id": "way/350556063",
  "properties": {
    "building": "yes",
    "id": "way/350556063"
  },
  "geometry": {
    "type": "Polygon",
    "coordinates": [
      [
        [
          77.1419781,
          28.6694963
        ],
        [
          77.1419603,
          28.6693367
        ],
        [
          77.1420996,
          28.6693247
        ],
        [
          77.1421174,
          28.6694843
        ],
        [
          77.1419781,
          28.6694963
        ]
      ]
    ]
  }
},
{
  "type": "Feature",
  "id": "way/350556064",
  "properties": {
    "building": "yes",
    "id": "way/350556064"
  },
  "geometry": {
    "type": "Polygon",
    "coordinates": [
      [
        [
          77.1397749,
          28.6683988
        ],
        [
          77.1397497,
          28.6682232
        ],
        [
          77.1398892,
          28.6682078
        ],
        [
          77.1399144,
          28.6683834
        ],
        [
          77.1397749,
          28.6683988
        ]
      ]
    ]
  }
},
{
  "type": "Feature",
  "id": "way/350556065",
  "properties": {
    "building": "yes",
    "id": "way/350556065"
  },
  "geometry": {
    "type": "Polygon",
    "coordinates": [
      [
        [
          77.1385517,
          28.6690424
        ],
        [
          77.138696,
          28.6689281
        ],
        [
          77.1387774,
          28.6690072
        ],
        [
          77.138633,
          28.6691215
        ],
        [
          77.1385517,
          28.6690424
        ]
      ]
    ]
  }
},
{
  "type": "Feature",
  "id": "way/350556068",
  "properties": {
    "building": "yes",
    "id": "way/350556068"
  },
  "geometry": {
    "type": "Polygon",
    "coordinates": [
      [
        [
          77.1425095,
          28.6681081
        ],
        [
          77.1424871,
          28.6679709
        ],
        [
          77.142684,
          28.6679463
        ],
        [
          77.1427063,
          28.6680834
        ],
        [
          77.1425095,
          28.6681081
        ]
      ]
    ]
  }
},
{
  "type": "Feature",
  "id": "way/350556069",
  "properties": {
    "building": "yes",
    "id": "way/350556069"
  },
  "geometry": {
    "type": "Polygon",
    "coordinates": [
      [
        [
          77.1412381,
          28.6679184
        ],
        [
          77.1412274,
          28.6678471
        ],
        [
          77.141413,
          28.6678257
        ],
        [
          77.1414237,
          28.667897
        ],
        [
          77.1412381,
          28.6679184
        ]
      ]
    ]
  }
},
{
  "type": "Feature",
  "id": "way/350556070",
  "properties": {
    "building": "yes",
    "id": "way/350556070"
  },
  "geometry": {
    "type": "Polygon",
    "coordinates": [
      [
        [
          77.1430745,
          28.6700128
        ],
        [
          77.1430545,
          28.6698776
        ],
        [
          77.1432818,
          28.6698518
        ],
        [
          77.1433017,
          28.6699869
        ],
        [
          77.1430745,
          28.6700128
        ]
      ]
    ]
  }
},
{
  "type": "Feature",
  "id": "way/350556071",
  "properties": {
    "building": "yes",
    "id": "way/350556071"
  },
  "geometry": {
    "type": "Polygon",
    "coordinates": [
      [
        [
          77.1400062,
          28.6680772
        ],
        [
          77.1399946,
          28.6679968
        ],
        [
          77.1401934,
          28.6679747
        ],
        [
          77.140205,
          28.6680551
        ],
        [
          77.1400062,
          28.6680772
        ]
      ]
    ]
  }
},
{
  "type": "Feature",
  "id": "way/350556072",
  "properties": {
    "building": "yes",
    "id": "way/350556072"
  },
  "geometry": {
    "type": "Polygon",
    "coordinates": [
      [
        [
          77.1412083,
          28.6693077
        ],
        [
          77.1411802,
          28.6691177
        ],
        [
          77.1412822,
          28.6691061
        ],
        [
          77.1413103,
          28.6692961
        ],
        [
          77.1412083,
          28.6693077
        ]
      ]
    ]
  }
},
{
  "type": "Feature",
  "id": "way/350556075",
  "properties": {
    "building": "yes",
    "id": "way/350556075"
  },
  "geometry": {
    "type": "Polygon",
    "coordinates": [
      [
        [
          77.1418599,
          28.6718174
        ],
        [
          77.1418307,
          28.6715966
        ],
        [
          77.1419937,
          28.6715799
        ],
        [
          77.142023,
          28.6718008
        ],
        [
          77.1418599,
          28.6718174
        ]
      ]
    ]
  }
},
{
  "type": "Feature",
  "id": "way/350556077",
  "properties": {
    "building": "yes",
    "id": "way/350556077"
  },
  "geometry": {
    "type": "Polygon",
    "coordinates": [
      [
        [
          77.1388169,
          28.6700419
        ],
        [
          77.1391028,
          28.6699005
        ],
        [
          77.139183,
          28.6700253
        ],
        [
          77.1388971,
          28.6701668
        ],
        [
          77.1388169,
          28.6700419
        ]
      ]
    ]
  }
},
{
  "type": "Feature",
  "id": "way/350556079",
  "properties": {
    "building": "yes",
    "id": "way/350556079"
  },
  "geometry": {
    "type": "Polygon",
    "coordinates": [
      [
        [
          77.1419478,
          28.6685013
        ],
        [
          77.1419279,
          28.6683859
        ],
        [
          77.1421388,
          28.668358
        ],
        [
          77.1421587,
          28.6684733
        ],
        [
          77.1419478,
          28.6685013
        ]
      ]
    ]
  }
},
{
  "type": "Feature",
  "id": "way/350556081",
  "properties": {
    "building": "yes",
    "id": "way/350556081"
  },
  "geometry": {
    "type": "Polygon",
    "coordinates": [
      [
        [
          77.1407352,
          28.6686414
        ],
        [
          77.1409354,
          28.668617
        ],
        [
          77.1409499,
          28.6687088
        ],
        [
          77.1407498,
          28.6687332
        ],
        [
          77.1407352,
          28.6686414
        ]
      ]
    ]
  }
},
{
  "type": "Feature",
  "id": "way/350556082",
  "properties": {
    "building": "yes",
    "id": "way/350556082"
  },
  "geometry": {
    "type": "Polygon",
    "coordinates": [
      [
        [
          77.1409292,
          28.6709382
        ],
        [
          77.1411185,
          28.6708683
        ],
        [
          77.1411677,
          28.6709709
        ],
        [
          77.1409784,
          28.6710408
        ],
        [
          77.1409292,
          28.6709382
        ]
      ]
    ]
  }
},
{
  "type": "Feature",
  "id": "way/350556084",
  "properties": {
    "building": "yes",
    "id": "way/350556084"
  },
  "geometry": {
    "type": "Polygon",
    "coordinates": [
      [
        [
          77.1419459,
          28.6686263
        ],
        [
          77.1421765,
          28.6685959
        ],
        [
          77.1421889,
          28.668668
        ],
        [
          77.1419583,
          28.6686984
        ],
        [
          77.1419459,
          28.6686263
        ]
      ]
    ]
  }
},
{
  "type": "Feature",
  "id": "way/350556085",
  "properties": {
    "building": "yes",
    "id": "way/350556085"
  },
  "geometry": {
    "type": "Polygon",
    "coordinates": [
      [
        [
          77.1406928,
          28.6684471
        ],
        [
          77.1406757,
          28.6683244
        ],
        [
          77.1408705,
          28.6683034
        ],
        [
          77.1408877,
          28.6684262
        ],
        [
          77.1406928,
          28.6684471
        ]
      ]
    ]
  }
},
{
  "type": "Feature",
  "id": "way/350556087",
  "properties": {
    "building": "yes",
    "id": "way/350556087"
  },
  "geometry": {
    "type": "Polygon",
    "coordinates": [
      [
        [
          77.1427457,
          28.6702222
        ],
        [
          77.1427322,
          28.6700931
        ],
        [
          77.1429845,
          28.6700735
        ],
        [
          77.1430068,
          28.6702012
        ],
        [
          77.1427457,
          28.6702222
        ]
      ]
    ]
  }
},
{
  "type": "Feature",
  "id": "way/350556088",
  "properties": {
    "building": "yes",
    "id": "way/350556088"
  },
  "geometry": {
    "type": "Polygon",
    "coordinates": [
      [
        [
          77.1421689,
          28.6681941
        ],
        [
          77.1423573,
          28.6681555
        ],
        [
          77.1423909,
          28.6682816
        ],
        [
          77.1422025,
          28.6683202
        ],
        [
          77.1421689,
          28.6681941
        ]
      ]
    ]
  }
},
{
  "type": "Feature",
  "id": "way/350556089",
  "properties": {
    "building": "yes",
    "id": "way/350556089"
  },
  "geometry": {
    "type": "Polygon",
    "coordinates": [
      [
        [
          77.1438386,
          28.6697999
        ],
        [
          77.1440717,
          28.6697878
        ],
        [
          77.1440805,
          28.6699197
        ],
        [
          77.1438475,
          28.6699318
        ],
        [
          77.1438386,
          28.6697999
        ]
      ]
    ]
  }
},
{
  "type": "Feature",
  "id": "way/350556090",
  "properties": {
    "building": "yes",
    "id": "way/350556090"
  },
  "geometry": {
    "type": "Polygon",
    "coordinates": [
      [
        [
          77.1427686,
          28.6702303
        ],
        [
          77.1430123,
          28.6702089
        ],
        [
          77.1430274,
          28.6703408
        ],
        [
          77.1427836,
          28.6703622
        ],
        [
          77.1427686,
          28.6702303
        ]
      ]
    ]
  }
},
{
  "type": "Feature",
  "id": "way/350556091",
  "properties": {
    "building": "yes",
    "id": "way/350556091"
  },
  "geometry": {
    "type": "Polygon",
    "coordinates": [
      [
        [
          77.1398628,
          28.6705225
        ],
        [
          77.1397859,
          28.6703502
        ],
        [
          77.1400669,
          28.6702537
        ],
        [
          77.1401438,
          28.6704259
        ],
        [
          77.1398628,
          28.6705225
        ]
      ]
    ]
  }
},
{
  "type": "Feature",
  "id": "way/350556092",
  "properties": {
    "building": "yes",
    "id": "way/350556092"
  },
  "geometry": {
    "type": "Polygon",
    "coordinates": [
      [
        [
          77.1398989,
          28.6692367
        ],
        [
          77.1398737,
          28.6690587
        ],
        [
          77.1399525,
          28.6690501
        ],
        [
          77.1399777,
          28.6692281
        ],
        [
          77.1398989,
          28.6692367
        ]
      ]
    ]
  }
},
{
  "type": "Feature",
  "id": "way/350556094",
  "properties": {
    "building": "yes",
    "id": "way/350556094"
  },
  "geometry": {
    "type": "Polygon",
    "coordinates": [
      [
        [
          77.1420232,
          28.6697507
        ],
        [
          77.1419998,
          28.6696059
        ],
        [
          77.1421236,
          28.6695905
        ],
        [
          77.142147,
          28.6697352
        ],
        [
          77.1420232,
          28.6697507
        ]
      ]
    ]
  }
},
{
  "type": "Feature",
  "id": "way/350556096",
  "properties": {
    "building": "yes",
    "id": "way/350556096"
  },
  "geometry": {
    "type": "Polygon",
    "coordinates": [
      [
        [
          77.1411831,
          28.6676623
        ],
        [
          77.1411677,
          28.667575
        ],
        [
          77.1413745,
          28.667547
        ],
        [
          77.1413899,
          28.6676344
        ],
        [
          77.1411831,
          28.6676623
        ]
      ]
    ]
  }
},
{
  "type": "Feature",
  "id": "way/350556097",
  "properties": {
    "building": "yes",
    "id": "way/350556097"
  },
  "geometry": {
    "type": "Polygon",
    "coordinates": [
      [
        [
          77.1388389,
          28.668501
        ],
        [
          77.1388141,
          28.6683415
        ],
        [
          77.1389052,
          28.6683306
        ],
        [
          77.13893,
          28.6684901
        ],
        [
          77.1388389,
          28.668501
        ]
      ]
    ]
  }
},
{
  "type": "Feature",
  "id": "way/350556098",
  "properties": {
    "building": "yes",
    "id": "way/350556098"
  },
  "geometry": {
    "type": "Polygon",
    "coordinates": [
      [
        [
          77.1422111,
          28.6685231
        ],
        [
          77.1423986,
          28.668496
        ],
        [
          77.1424187,
          28.6686031
        ],
        [
          77.1422312,
          28.6686303
        ],
        [
          77.1422111,
          28.6685231
        ]
      ]
    ]
  }
},
{
  "type": "Feature",
  "id": "way/350556101",
  "properties": {
    "building": "yes",
    "id": "way/350556101"
  },
  "geometry": {
    "type": "Polygon",
    "coordinates": [
      [
        [
          77.139352,
          28.6684395
        ],
        [
          77.1393229,
          28.6682383
        ],
        [
          77.1395173,
          28.6682166
        ],
        [
          77.1395465,
          28.6684178
        ],
        [
          77.139352,
          28.6684395
        ]
      ]
    ]
  }
},
{
  "type": "Feature",
  "id": "way/350556103",
  "properties": {
    "building": "yes",
    "id": "way/350556103"
  },
  "geometry": {
    "type": "Polygon",
    "coordinates": [
      [
        [
          77.1413716,
          28.6719379
        ],
        [
          77.1415629,
          28.6718762
        ],
        [
          77.1416123,
          28.6719942
        ],
        [
          77.1414211,
          28.6720559
        ],
        [
          77.1413716,
          28.6719379
        ]
      ]
    ]
  }
},
{
  "type": "Feature",
  "id": "way/350556105",
  "properties": {
    "building": "yes",
    "id": "way/350556105"
  },
  "geometry": {
    "type": "Polygon",
    "coordinates": [
      [
        [
          77.1412353,
          28.668013
        ],
        [
          77.141223,
          28.6679297
        ],
        [
          77.141432,
          28.6679059
        ],
        [
          77.1414443,
          28.6679892
        ],
        [
          77.1412353,
          28.668013
        ]
      ]
    ]
  }
},
{
  "type": "Feature",
  "id": "way/350556106",
  "properties": {
    "building": "yes",
    "id": "way/350556106"
  },
  "geometry": {
    "type": "Polygon",
    "coordinates": [
      [
        [
          77.1392727,
          28.669986
        ],
        [
          77.1394583,
          28.669879
        ],
        [
          77.1395268,
          28.6699706
        ],
        [
          77.1393412,
          28.6700776
        ],
        [
          77.1392727,
          28.669986
        ]
      ]
    ]
  }
},
{
  "type": "Feature",
  "id": "way/350556107",
  "properties": {
    "building": "yes",
    "id": "way/350556107"
  },
  "geometry": {
    "type": "Polygon",
    "coordinates": [
      [
        [
          77.1405662,
          28.667697
        ],
        [
          77.1405516,
          28.6676093
        ],
        [
          77.1407569,
          28.6675829
        ],
        [
          77.1407715,
          28.6676707
        ],
        [
          77.1405662,
          28.667697
        ]
      ]
    ]
  }
},
{
  "type": "Feature",
  "id": "way/350556108",
  "properties": {
    "building": "yes",
    "id": "way/350556108"
  },
  "geometry": {
    "type": "Polygon",
    "coordinates": [
      [
        [
          77.1415503,
          28.6683675
        ],
        [
          77.1415371,
          28.668284
        ],
        [
          77.1417471,
          28.6682585
        ],
        [
          77.1417602,
          28.668342
        ],
        [
          77.1415503,
          28.6683675
        ]
      ]
    ]
  }
},
{
  "type": "Feature",
  "id": "way/350556109",
  "properties": {
    "building": "yes",
    "id": "way/350556109"
  },
  "geometry": {
    "type": "Polygon",
    "coordinates": [
      [
        [
          77.1404752,
          28.6706527
        ],
        [
          77.140423,
          28.67054
        ],
        [
          77.1406236,
          28.6704684
        ],
        [
          77.1406758,
          28.6705812
        ],
        [
          77.1404752,
          28.6706527
        ]
      ]
    ]
  }
},
{
  "type": "Feature",
  "id": "way/350556110",
  "properties": {
    "building": "yes",
    "id": "way/350556110"
  },
  "geometry": {
    "type": "Polygon",
    "coordinates": [
      [
        [
          77.1402011,
          28.6677682
        ],
        [
          77.1404027,
          28.6677385
        ],
        [
          77.1404231,
          28.6678457
        ],
        [
          77.1402216,
          28.6678754
        ],
        [
          77.1402011,
          28.6677682
        ]
      ]
    ]
  }
},
{
  "type": "Feature",
  "id": "way/350556111",
  "properties": {
    "building": "yes",
    "id": "way/350556111"
  },
  "geometry": {
    "type": "Polygon",
    "coordinates": [
      [
        [
          77.1386416,
          28.669145
        ],
        [
          77.1388263,
          28.6690151
        ],
        [
          77.1389022,
          28.6690982
        ],
        [
          77.1387176,
          28.6692281
        ],
        [
          77.1386416,
          28.669145
        ]
      ]
    ]
  }
},
{
  "type": "Feature",
  "id": "way/350556114",
  "properties": {
    "building": "yes",
    "id": "way/350556114"
  },
  "geometry": {
    "type": "Polygon",
    "coordinates": [
      [
        [
          77.1373491,
          28.6685385
        ],
        [
          77.1371556,
          28.6683873
        ],
        [
          77.1373169,
          28.6682283
        ],
        [
          77.1375104,
          28.6683795
        ],
        [
          77.1373491,
          28.6685385
        ]
      ]
    ]
  }
},
{
  "type": "Feature",
  "id": "way/350556115",
  "properties": {
    "building": "yes",
    "id": "way/350556115"
  },
  "geometry": {
    "type": "Polygon",
    "coordinates": [
      [
        [
          77.141217,
          28.6698711
        ],
        [
          77.1411823,
          28.6696885
        ],
        [
          77.141272,
          28.6696754
        ],
        [
          77.1413067,
          28.669858
        ],
        [
          77.141217,
          28.6698711
        ]
      ]
    ]
  }
},
{
  "type": "Feature",
  "id": "way/350556117",
  "properties": {
    "building": "yes",
    "id": "way/350556117"
  },
  "geometry": {
    "type": "Polygon",
    "coordinates": [
      [
        [
          77.1410098,
          28.6698941
        ],
        [
          77.1409798,
          28.6697025
        ],
        [
          77.1410717,
          28.6696914
        ],
        [
          77.1411017,
          28.669883
        ],
        [
          77.1410098,
          28.6698941
        ]
      ]
    ]
  }
},
{
  "type": "Feature",
  "id": "way/350556124",
  "properties": {
    "building": "yes",
    "id": "way/350556124"
  },
  "geometry": {
    "type": "Polygon",
    "coordinates": [
      [
        [
          77.141959,
          28.6685975
        ],
        [
          77.1419454,
          28.6685169
        ],
        [
          77.1421535,
          28.6684897
        ],
        [
          77.1421671,
          28.6685704
        ],
        [
          77.141959,
          28.6685975
        ]
      ]
    ]
  }
},
{
  "type": "Feature",
  "id": "way/350556126",
  "properties": {
    "building": "yes",
    "id": "way/350556126"
  },
  "geometry": {
    "type": "Polygon",
    "coordinates": [
      [
        [
          77.139644,
          28.6709723
        ],
        [
          77.139569,
          28.6707947
        ],
        [
          77.1397334,
          28.6707412
        ],
        [
          77.1398084,
          28.6709189
        ],
        [
          77.139644,
          28.6709723
        ]
      ]
    ]
  }
},
{
  "type": "Feature",
  "id": "way/350556128",
  "properties": {
    "building": "yes",
    "id": "way/350556128"
  },
  "geometry": {
    "type": "Polygon",
    "coordinates": [
      [
        [
          77.1434471,
          28.6682971
        ],
        [
          77.1436168,
          28.6682773
        ],
        [
          77.1436276,
          28.6683491
        ],
        [
          77.1434579,
          28.6683688
        ],
        [
          77.1434471,
          28.6682971
        ]
      ]
    ]
  }
},
{
  "type": "Feature",
  "id": "way/350556134",
  "properties": {
    "building": "yes",
    "id": "way/350556134"
  },
  "geometry": {
    "type": "Polygon",
    "coordinates": [
      [
        [
          77.142742,
          28.67004
        ],
        [
          77.1427336,
          28.6699342
        ],
        [
          77.1429581,
          28.6699206
        ],
        [
          77.1429665,
          28.6700264
        ],
        [
          77.142742,
          28.67004
        ]
      ]
    ]
  }
},
{
  "type": "Feature",
  "id": "way/350556137",
  "properties": {
    "building": "yes",
    "id": "way/350556137"
  },
  "geometry": {
    "type": "Polygon",
    "coordinates": [
      [
        [
          77.1422017,
          28.6683381
        ],
        [
          77.1423733,
          28.6683142
        ],
        [
          77.14239,
          28.668407
        ],
        [
          77.1422185,
          28.6684309
        ],
        [
          77.1422017,
          28.6683381
        ]
      ]
    ]
  }
},
{
  "type": "Feature",
  "id": "way/350556138",
  "properties": {
    "building": "yes",
    "id": "way/350556138"
  },
  "geometry": {
    "type": "Polygon",
    "coordinates": [
      [
        [
          77.1428158,
          28.6703717
        ],
        [
          77.1430464,
          28.6703487
        ],
        [
          77.1430624,
          28.6704718
        ],
        [
          77.1428318,
          28.6704948
        ],
        [
          77.1428158,
          28.6703717
        ]
      ]
    ]
  }
},
{
  "type": "Feature",
  "id": "way/350556139",
  "properties": {
    "building": "yes",
    "id": "way/350556139"
  },
  "geometry": {
    "type": "Polygon",
    "coordinates": [
      [
        [
          77.1400941,
          28.6711333
        ],
        [
          77.1403884,
          28.6710426
        ],
        [
          77.1404256,
          28.6711356
        ],
        [
          77.1401313,
          28.6712264
        ],
        [
          77.1400941,
          28.6711333
        ]
      ]
    ]
  }
},
{
  "type": "Feature",
  "id": "way/350556140",
  "properties": {
    "building": "yes",
    "id": "way/350556140"
  },
  "geometry": {
    "type": "Polygon",
    "coordinates": [
      [
        [
          77.1406411,
          28.6681668
        ],
        [
          77.1406173,
          28.6680051
        ],
        [
          77.1408228,
          28.6679818
        ],
        [
          77.1408466,
          28.6681436
        ],
        [
          77.1406411,
          28.6681668
        ]
      ]
    ]
  }
},
{
  "type": "Feature",
  "id": "way/350556142",
  "properties": {
    "building": "yes",
    "id": "way/350556142"
  },
  "geometry": {
    "type": "Polygon",
    "coordinates": [
      [
        [
          77.1376489,
          28.6687995
        ],
        [
          77.1377762,
          28.668675
        ],
        [
          77.137887,
          28.6687623
        ],
        [
          77.1377598,
          28.6688867
        ],
        [
          77.1376489,
          28.6687995
        ]
      ]
    ]
  }
},
{
  "type": "Feature",
  "id": "way/350556143",
  "properties": {
    "building": "yes",
    "id": "way/350556143"
  },
  "geometry": {
    "type": "Polygon",
    "coordinates": [
      [
        [
          77.1419239,
          28.6697704
        ],
        [
          77.1419023,
          28.6696199
        ],
        [
          77.1419903,
          28.6696102
        ],
        [
          77.1420119,
          28.6697607
        ],
        [
          77.1419239,
          28.6697704
        ]
      ]
    ]
  }
},
{
  "type": "Feature",
  "id": "way/350556145",
  "properties": {
    "building": "yes",
    "id": "way/350556145"
  },
  "geometry": {
    "type": "Polygon",
    "coordinates": [
      [
        [
          77.1405267,
          28.6708073
        ],
        [
          77.1407592,
          28.6707341
        ],
        [
          77.1408071,
          28.6708513
        ],
        [
          77.1405746,
          28.6709245
        ],
        [
          77.1405267,
          28.6708073
        ]
      ]
    ]
  }
},
{
  "type": "Feature",
  "id": "way/350556146",
  "properties": {
    "building": "yes",
    "id": "way/350556146"
  },
  "geometry": {
    "type": "Polygon",
    "coordinates": [
      [
        [
          77.1398016,
          28.6700438
        ],
        [
          77.1397088,
          28.6699064
        ],
        [
          77.139844,
          28.669893
        ],
        [
          77.1398655,
          28.6700378
        ],
        [
          77.1398016,
          28.6700438
        ]
      ]
    ]
  }
},
{
  "type": "Feature",
  "id": "way/350556147",
  "properties": {
    "building": "yes",
    "id": "way/350556147"
  },
  "geometry": {
    "type": "Polygon",
    "coordinates": [
      [
        [
          77.1439353,
          28.6704788
        ],
        [
          77.1439178,
          28.6703732
        ],
        [
          77.1441371,
          28.6703452
        ],
        [
          77.1441546,
          28.6704508
        ],
        [
          77.1439353,
          28.6704788
        ]
      ]
    ]
  }
},
{
  "type": "Feature",
  "id": "way/350556149",
  "properties": {
    "building": "yes",
    "id": "way/350556149"
  },
  "geometry": {
    "type": "Polygon",
    "coordinates": [
      [
        [
          77.1395476,
          28.6695275
        ],
        [
          77.1395158,
          28.6693402
        ],
        [
          77.1396099,
          28.6693279
        ],
        [
          77.1396417,
          28.6695151
        ],
        [
          77.1395476,
          28.6695275
        ]
      ]
    ]
  }
},
{
  "type": "Feature",
  "id": "way/350556153",
  "properties": {
    "building": "yes",
    "id": "way/350556153"
  },
  "geometry": {
    "type": "Polygon",
    "coordinates": [
      [
        [
          77.142526,
          28.6682293
        ],
        [
          77.1427019,
          28.6682009
        ],
        [
          77.1427214,
          28.6682936
        ],
        [
          77.1425454,
          28.668322
        ],
        [
          77.142526,
          28.6682293
        ]
      ]
    ]
  }
},
{
  "type": "Feature",
  "id": "way/350556157",
  "properties": {
    "building": "yes",
    "id": "way/350556157"
  },
  "geometry": {
    "type": "Polygon",
    "coordinates": [
      [
        [
          77.1424785,
          28.66796
        ],
        [
          77.142463,
          28.6678576
        ],
        [
          77.1426739,
          28.6678329
        ],
        [
          77.1426894,
          28.6679353
        ],
        [
          77.1424785,
          28.66796
        ]
      ]
    ]
  }
},
{
  "type": "Feature",
  "id": "way/350556158",
  "properties": {
    "building": "yes",
    "id": "way/350556158"
  },
  "geometry": {
    "type": "Polygon",
    "coordinates": [
      [
        [
          77.1414846,
          28.6679998
        ],
        [
          77.1414751,
          28.6679237
        ],
        [
          77.1416804,
          28.6679039
        ],
        [
          77.1416899,
          28.6679801
        ],
        [
          77.1414846,
          28.6679998
        ]
      ]
    ]
  }
},
{
  "type": "Feature",
  "id": "way/350556159",
  "properties": {
    "building": "yes",
    "id": "way/350556159"
  },
  "geometry": {
    "type": "Polygon",
    "coordinates": [
      [
        [
          77.1393443,
          28.670093
        ],
        [
          77.1395219,
          28.6699849
        ],
        [
          77.1396103,
          28.6700966
        ],
        [
          77.1394327,
          28.6702048
        ],
        [
          77.1393443,
          28.670093
        ]
      ]
    ]
  }
},
{
  "type": "Feature",
  "id": "way/350556162",
  "properties": {
    "building": "yes",
    "id": "way/350556162"
  },
  "geometry": {
    "type": "Polygon",
    "coordinates": [
      [
        [
          77.1436426,
          28.6707799
        ],
        [
          77.1436266,
          28.6706713
        ],
        [
          77.1438872,
          28.6706417
        ],
        [
          77.1439032,
          28.6707503
        ],
        [
          77.1436426,
          28.6707799
        ]
      ]
    ]
  }
},
{
  "type": "Feature",
  "id": "way/350556164",
  "properties": {
    "building": "yes",
    "id": "way/350556164"
  },
  "geometry": {
    "type": "Polygon",
    "coordinates": [
      [
        [
          77.139869,
          28.668956
        ],
        [
          77.1398372,
          28.6687606
        ],
        [
          77.1399527,
          28.6687461
        ],
        [
          77.1399845,
          28.6689415
        ],
        [
          77.139869,
          28.668956
        ]
      ]
    ]
  }
},
{
  "type": "Feature",
  "id": "way/350556169",
  "properties": {
    "building": "yes",
    "id": "way/350556169"
  },
  "geometry": {
    "type": "Polygon",
    "coordinates": [
      [
        [
          77.1403477,
          28.6686701
        ],
        [
          77.1403393,
          28.6686097
        ],
        [
          77.1405409,
          28.6685883
        ],
        [
          77.1405492,
          28.6686487
        ],
        [
          77.1403477,
          28.6686701
        ]
      ]
    ]
  }
},
{
  "type": "Feature",
  "id": "way/350556170",
  "properties": {
    "building": "yes",
    "id": "way/350556170"
  },
  "geometry": {
    "type": "Polygon",
    "coordinates": [
      [
        [
          77.1411176,
          28.6698785
        ],
        [
          77.1410876,
          28.6696967
        ],
        [
          77.141172,
          28.669686
        ],
        [
          77.141202,
          28.6698678
        ],
        [
          77.1411176,
          28.6698785
        ]
      ]
    ]
  }
},
{
  "type": "Feature",
  "id": "way/350556172",
  "properties": {
    "building": "yes",
    "id": "way/350556172"
  },
  "geometry": {
    "type": "Polygon",
    "coordinates": [
      [
        [
          77.1399598,
          28.6678656
        ],
        [
          77.1399519,
          28.6678051
        ],
        [
          77.1401481,
          28.6677853
        ],
        [
          77.140156,
          28.6678458
        ],
        [
          77.1399598,
          28.6678656
        ]
      ]
    ]
  }
},
{
  "type": "Feature",
  "id": "way/350556173",
  "properties": {
    "building": "yes",
    "id": "way/350556173"
  },
  "geometry": {
    "type": "Polygon",
    "coordinates": [
      [
        [
          77.1400522,
          28.6697711
        ],
        [
          77.1400316,
          28.6696337
        ],
        [
          77.1401244,
          28.669623
        ],
        [
          77.140145,
          28.6697603
        ],
        [
          77.1400522,
          28.6697711
        ]
      ]
    ]
  }
},
{
  "type": "Feature",
  "id": "way/350556174",
  "properties": {
    "building": "yes",
    "id": "way/350556174"
  },
  "geometry": {
    "type": "Polygon",
    "coordinates": [
      [
        [
          77.1403542,
          28.6686825
        ],
        [
          77.1405586,
          28.6686644
        ],
        [
          77.1405695,
          28.6687591
        ],
        [
          77.1403651,
          28.6687772
        ],
        [
          77.1403542,
          28.6686825
        ]
      ]
    ]
  }
},
{
  "type": "Feature",
  "id": "way/350556175",
  "properties": {
    "building": "yes",
    "id": "way/350556175"
  },
  "geometry": {
    "type": "Polygon",
    "coordinates": [
      [
        [
          77.1409077,
          28.6699048
        ],
        [
          77.1408758,
          28.6697271
        ],
        [
          77.140966,
          28.6697147
        ],
        [
          77.1409979,
          28.6698923
        ],
        [
          77.1409077,
          28.6699048
        ]
      ]
    ]
  }
},
{
  "type": "Feature",
  "id": "way/350556179",
  "properties": {
    "building": "yes",
    "id": "way/350556179"
  },
  "geometry": {
    "type": "Polygon",
    "coordinates": [
      [
        [
          77.1431474,
          28.6704129
        ],
        [
          77.1431311,
          28.6703101
        ],
        [
          77.1433405,
          28.6702845
        ],
        [
          77.1433569,
          28.6703873
        ],
        [
          77.1431474,
          28.6704129
        ]
      ]
    ]
  }
},
{
  "type": "Feature",
  "id": "way/350556180",
  "properties": {
    "building": "yes",
    "id": "way/350556180"
  },
  "geometry": {
    "type": "Polygon",
    "coordinates": [
      [
        [
          77.1407639,
          28.669683
        ],
        [
          77.140747,
          28.6695308
        ],
        [
          77.1408438,
          28.6695226
        ],
        [
          77.1408607,
          28.6696747
        ],
        [
          77.1407639,
          28.669683
        ]
      ]
    ]
  }
},
{
  "type": "Feature",
  "id": "way/350556181",
  "properties": {
    "building": "yes",
    "id": "way/350556181"
  },
  "geometry": {
    "type": "Polygon",
    "coordinates": [
      [
        [
          77.1393047,
          28.670793
        ],
        [
          77.1392128,
          28.670587
        ],
        [
          77.139644,
          28.670439
        ],
        [
          77.1397358,
          28.670645
        ],
        [
          77.1393047,
          28.670793
        ]
      ]
    ]
  }
},
{
  "type": "Feature",
  "id": "way/350556182",
  "properties": {
    "building": "yes",
    "id": "way/350556182"
  },
  "geometry": {
    "type": "Polygon",
    "coordinates": [
      [
        [
          77.1415308,
          28.6692748
        ],
        [
          77.1415017,
          28.6690889
        ],
        [
          77.1415934,
          28.6690779
        ],
        [
          77.1416225,
          28.6692638
        ],
        [
          77.1415308,
          28.6692748
        ]
      ]
    ]
  }
},
{
  "type": "Feature",
  "id": "way/350556183",
  "properties": {
    "building": "yes",
    "id": "way/350556183"
  },
  "geometry": {
    "type": "Polygon",
    "coordinates": [
      [
        [
          77.1410092,
          28.6711888
        ],
        [
          77.1411751,
          28.6711156
        ],
        [
          77.1412331,
          28.6712168
        ],
        [
          77.1410671,
          28.67129
        ],
        [
          77.1410092,
          28.6711888
        ]
      ]
    ]
  }
},
{
  "type": "Feature",
  "id": "way/350556184",
  "properties": {
    "building": "yes",
    "id": "way/350556184"
  },
  "geometry": {
    "type": "Polygon",
    "coordinates": [
      [
        [
          77.1420705,
          28.6675962
        ],
        [
          77.1422317,
          28.6675715
        ],
        [
          77.1422479,
          28.6676531
        ],
        [
          77.1420867,
          28.6676778
        ],
        [
          77.1420705,
          28.6675962
        ]
      ]
    ]
  }
},
{
  "type": "Feature",
  "id": "way/350556185",
  "properties": {
    "building": "yes",
    "id": "way/350556185"
  },
  "geometry": {
    "type": "Polygon",
    "coordinates": [
      [
        [
          77.1431563,
          28.6705885
        ],
        [
          77.1433711,
          28.6705571
        ],
        [
          77.1433953,
          28.6706844
        ],
        [
          77.1431805,
          28.6707158
        ],
        [
          77.1431563,
          28.6705885
        ]
      ]
    ]
  }
},
{
  "type": "Feature",
  "id": "way/350556186",
  "properties": {
    "building": "yes",
    "id": "way/350556186"
  },
  "geometry": {
    "type": "Polygon",
    "coordinates": [
      [
        [
          77.1409748,
          28.6696789
        ],
        [
          77.1409495,
          28.6695029
        ],
        [
          77.1410406,
          28.6694928
        ],
        [
          77.1410659,
          28.6696688
        ],
        [
          77.1409748,
          28.6696789
        ]
      ]
    ]
  }
},
{
  "type": "Feature",
  "id": "way/350556187",
  "properties": {
    "building": "yes",
    "id": "way/350556187"
  },
  "geometry": {
    "type": "Polygon",
    "coordinates": [
      [
        [
          77.1419506,
          28.6692136
        ],
        [
          77.1419234,
          28.6690195
        ],
        [
          77.1420536,
          28.6690055
        ],
        [
          77.1420808,
          28.6691996
        ],
        [
          77.1419506,
          28.6692136
        ]
      ]
    ]
  }
},
{
  "type": "Feature",
  "id": "way/350556192",
  "properties": {
    "building": "yes",
    "id": "way/350556192"
  },
  "geometry": {
    "type": "Polygon",
    "coordinates": [
      [
        [
          77.1378332,
          28.6689484
        ],
        [
          77.1379856,
          28.668803
        ],
        [
          77.1380746,
          28.6688748
        ],
        [
          77.1379222,
          28.6690202
        ],
        [
          77.1378332,
          28.6689484
        ]
      ]
    ]
  }
},
{
  "type": "Feature",
  "id": "way/350556193",
  "properties": {
    "building": "yes",
    "id": "way/350556193"
  },
  "geometry": {
    "type": "Polygon",
    "coordinates": [
      [
        [
          77.1415512,
          28.6682713
        ],
        [
          77.1415385,
          28.6681875
        ],
        [
          77.1417223,
          28.6681661
        ],
        [
          77.1417349,
          28.6682499
        ],
        [
          77.1415512,
          28.6682713
        ]
      ]
    ]
  }
},
{
  "type": "Feature",
  "id": "way/350556195",
  "properties": {
    "building": "yes",
    "id": "way/350556195"
  },
  "geometry": {
    "type": "Polygon",
    "coordinates": [
      [
        [
          77.143894,
          28.6701045
        ],
        [
          77.1441077,
          28.6700856
        ],
        [
          77.1441192,
          28.6701857
        ],
        [
          77.1439055,
          28.6702046
        ],
        [
          77.143894,
          28.6701045
        ]
      ]
    ]
  }
},
{
  "type": "Feature",
  "id": "way/350556196",
  "properties": {
    "building": "yes",
    "id": "way/350556196"
  },
  "geometry": {
    "type": "Polygon",
    "coordinates": [
      [
        [
          77.1416227,
          28.6687505
        ],
        [
          77.1416086,
          28.6686181
        ],
        [
          77.1417873,
          28.6686035
        ],
        [
          77.1418014,
          28.6687359
        ],
        [
          77.1416227,
          28.6687505
        ]
      ]
    ]
  }
},
{
  "type": "Feature",
  "id": "way/350556197",
  "properties": {
    "building": "yes",
    "id": "way/350556197"
  },
  "geometry": {
    "type": "Polygon",
    "coordinates": [
      [
        [
          77.1406106,
          28.6679039
        ],
        [
          77.1408028,
          28.6678784
        ],
        [
          77.1408183,
          28.6679679
        ],
        [
          77.1406261,
          28.6679935
        ],
        [
          77.1406106,
          28.6679039
        ]
      ]
    ]
  }
},
{
  "type": "Feature",
  "id": "way/350556198",
  "properties": {
    "building": "yes",
    "id": "way/350556198"
  },
  "geometry": {
    "type": "Polygon",
    "coordinates": [
      [
        [
          77.1394882,
          28.6692808
        ],
        [
          77.139459,
          28.6691051
        ],
        [
          77.139553,
          28.6690931
        ],
        [
          77.1395822,
          28.6692687
        ],
        [
          77.1394882,
          28.6692808
        ]
      ]
    ]
  }
},
{
  "type": "Feature",
  "id": "way/350556202",
  "properties": {
    "building": "yes",
    "id": "way/350556202"
  },
  "geometry": {
    "type": "Polygon",
    "coordinates": [
      [
        [
          77.1381148,
          28.668633
        ],
        [
          77.1382733,
          28.6684799
        ],
        [
          77.1383583,
          28.6685477
        ],
        [
          77.1381998,
          28.6687008
        ],
        [
          77.1381148,
          28.668633
        ]
      ]
    ]
  }
},
{
  "type": "Feature",
  "id": "way/350556203",
  "properties": {
    "building": "yes",
    "id": "way/350556203"
  },
  "geometry": {
    "type": "Polygon",
    "coordinates": [
      [
        [
          77.1392036,
          28.6698606
        ],
        [
          77.1394011,
          28.6697478
        ],
        [
          77.1394748,
          28.6698471
        ],
        [
          77.1392773,
          28.6699599
        ],
        [
          77.1392036,
          28.6698606
        ]
      ]
    ]
  }
},
{
  "type": "Feature",
  "id": "way/350556204",
  "properties": {
    "building": "yes",
    "id": "way/350556204"
  },
  "geometry": {
    "type": "Polygon",
    "coordinates": [
      [
        [
          77.1428784,
          28.6707598
        ],
        [
          77.1431051,
          28.6707389
        ],
        [
          77.1431201,
          28.6708637
        ],
        [
          77.1428934,
          28.6708847
        ],
        [
          77.1428784,
          28.6707598
        ]
      ]
    ]
  }
},
{
  "type": "Feature",
  "id": "way/350556205",
  "properties": {
    "building": "yes",
    "id": "way/350556205"
  },
  "geometry": {
    "type": "Polygon",
    "coordinates": [
      [
        [
          77.1409062,
          28.668161
        ],
        [
          77.1410892,
          28.6681343
        ],
        [
          77.1411043,
          28.6682138
        ],
        [
          77.1409213,
          28.6682406
        ],
        [
          77.1409062,
          28.668161
        ]
      ]
    ]
  }
},
{
  "type": "Feature",
  "id": "way/350556206",
  "properties": {
    "building": "yes",
    "id": "way/350556206"
  },
  "geometry": {
    "type": "Polygon",
    "coordinates": [
      [
        [
          77.1408088,
          28.6706463
        ],
        [
          77.1409954,
          28.6705797
        ],
        [
          77.1410455,
          28.6706878
        ],
        [
          77.140859,
          28.6707544
        ],
        [
          77.1408088,
          28.6706463
        ]
      ]
    ]
  }
},
{
  "type": "Feature",
  "id": "way/350556208",
  "properties": {
    "building": "yes",
    "id": "way/350556208"
  },
  "geometry": {
    "type": "Polygon",
    "coordinates": [
      [
        [
          77.1425092,
          28.6682199
        ],
        [
          77.1424931,
          28.6681304
        ],
        [
          77.1427022,
          28.6681016
        ],
        [
          77.1427182,
          28.6681911
        ],
        [
          77.1425092,
          28.6682199
        ]
      ]
    ]
  }
},
{
  "type": "Feature",
  "id": "way/350556209",
  "properties": {
    "building": "yes",
    "id": "way/350556209"
  },
  "geometry": {
    "type": "Polygon",
    "coordinates": [
      [
        [
          77.1418256,
          28.6677234
        ],
        [
          77.1418128,
          28.6676392
        ],
        [
          77.1420087,
          28.6676162
        ],
        [
          77.1420215,
          28.6677004
        ],
        [
          77.1418256,
          28.6677234
        ]
      ]
    ]
  }
},
{
  "type": "Feature",
  "id": "way/350556210",
  "properties": {
    "building": "yes",
    "id": "way/350556210"
  },
  "geometry": {
    "type": "Polygon",
    "coordinates": [
      [
        [
          77.1439653,
          28.6706457
        ],
        [
          77.1439391,
          28.670491
        ],
        [
          77.1441725,
          28.6704606
        ],
        [
          77.1441987,
          28.6706153
        ],
        [
          77.1439653,
          28.6706457
        ]
      ]
    ]
  }
},
{
  "type": "Feature",
  "id": "way/350556211",
  "properties": {
    "building": "yes",
    "id": "way/350556211"
  },
  "geometry": {
    "type": "Polygon",
    "coordinates": [
      [
        [
          77.1409367,
          28.6683413
        ],
        [
          77.1411223,
          28.6683169
        ],
        [
          77.1411383,
          28.6684101
        ],
        [
          77.1409527,
          28.6684346
        ],
        [
          77.1409367,
          28.6683413
        ]
      ]
    ]
  }
},
{
  "type": "Feature",
  "id": "way/350556212",
  "properties": {
    "building": "yes",
    "id": "way/350556212"
  },
  "geometry": {
    "type": "Polygon",
    "coordinates": [
      [
        [
          77.1401614,
          28.6694449
        ],
        [
          77.1401322,
          28.6692448
        ],
        [
          77.140253,
          28.6692313
        ],
        [
          77.1402821,
          28.6694313
        ],
        [
          77.1401614,
          28.6694449
        ]
      ]
    ]
  }
},
{
  "type": "Feature",
  "id": "way/350556215",
  "properties": {
    "building": "yes",
    "id": "way/350556215"
  },
  "geometry": {
    "type": "Polygon",
    "coordinates": [
      [
        [
          77.1425405,
          28.6683361
        ],
        [
          77.1427252,
          28.6683123
        ],
        [
          77.1427399,
          28.6684003
        ],
        [
          77.1425552,
          28.6684241
        ],
        [
          77.1425405,
          28.6683361
        ]
      ]
    ]
  }
},
{
  "type": "Feature",
  "id": "way/350556216",
  "properties": {
    "building": "yes",
    "id": "way/350556216"
  },
  "geometry": {
    "type": "Polygon",
    "coordinates": [
      [
        [
          77.1436933,
          28.6709099
        ],
        [
          77.1436789,
          28.670792
        ],
        [
          77.1439067,
          28.6707706
        ],
        [
          77.143921,
          28.6708885
        ],
        [
          77.1436933,
          28.6709099
        ]
      ]
    ]
  }
},
{
  "type": "Feature",
  "id": "way/350556218",
  "properties": {
    "building": "yes",
    "id": "way/350556218"
  },
  "geometry": {
    "type": "Polygon",
    "coordinates": [
      [
        [
          77.1399193,
          28.672215
        ],
        [
          77.1403732,
          28.6720557
        ],
        [
          77.1404586,
          28.6722431
        ],
        [
          77.1400048,
          28.6724023
        ],
        [
          77.1399193,
          28.672215
        ]
      ]
    ]
  }
},
{
  "type": "Feature",
  "id": "way/350556219",
  "properties": {
    "building": "yes",
    "id": "way/350556219"
  },
  "geometry": {
    "type": "Polygon",
    "coordinates": [
      [
        [
          77.1398189,
          28.668692
        ],
        [
          77.1397911,
          28.668514
        ],
        [
          77.1399069,
          28.6685001
        ],
        [
          77.1399348,
          28.6686781
        ],
        [
          77.1398189,
          28.668692
        ]
      ]
    ]
  }
},
{
  "type": "Feature",
  "id": "way/350556221",
  "properties": {
    "building": "yes",
    "id": "way/350556221"
  },
  "geometry": {
    "type": "Polygon",
    "coordinates": [
      [
        [
          77.1436552,
          28.6706546
        ],
        [
          77.1436426,
          28.6705458
        ],
        [
          77.1438621,
          28.6705262
        ],
        [
          77.1438747,
          28.670635
        ],
        [
          77.1436552,
          28.6706546
        ]
      ]
    ]
  }
},
{
  "type": "Feature",
  "id": "way/350556226",
  "properties": {
    "building": "yes",
    "id": "way/350556226"
  },
  "geometry": {
    "type": "Polygon",
    "coordinates": [
      [
        [
          77.1414734,
          28.667916
        ],
        [
          77.1414591,
          28.6678394
        ],
        [
          77.1416597,
          28.6678106
        ],
        [
          77.141674,
          28.6678872
        ],
        [
          77.1414734,
          28.667916
        ]
      ]
    ]
  }
},
{
  "type": "Feature",
  "id": "way/350556228",
  "properties": {
    "building": "yes",
    "id": "way/350556228"
  },
  "geometry": {
    "type": "Polygon",
    "coordinates": [
      [
        [
          77.1399929,
          28.6679772
        ],
        [
          77.1399808,
          28.6678996
        ],
        [
          77.1401544,
          28.6678787
        ],
        [
          77.1401666,
          28.6679563
        ],
        [
          77.1399929,
          28.6679772
        ]
      ]
    ]
  }
},
{
  "type": "Feature",
  "id": "way/350556230",
  "properties": {
    "building": "yes",
    "id": "way/350556230"
  },
  "geometry": {
    "type": "Polygon",
    "coordinates": [
      [
        [
          77.1403261,
          28.6685122
        ],
        [
          77.1405454,
          28.6684859
        ],
        [
          77.1405591,
          28.6685734
        ],
        [
          77.1403397,
          28.6685997
        ],
        [
          77.1403261,
          28.6685122
        ]
      ]
    ]
  }
},
{
  "type": "Feature",
  "id": "way/350556231",
  "properties": {
    "building": "yes",
    "id": "way/350556231"
  },
  "geometry": {
    "type": "Polygon",
    "coordinates": [
      [
        [
          77.141224,
          28.667838
        ],
        [
          77.1412078,
          28.6677544
        ],
        [
          77.1413906,
          28.6677272
        ],
        [
          77.1414067,
          28.6678108
        ],
        [
          77.141224,
          28.667838
        ]
      ]
    ]
  }
},
{
  "type": "Feature",
  "id": "way/350556232",
  "properties": {
    "building": "yes",
    "id": "way/350556232"
  },
  "geometry": {
    "type": "Polygon",
    "coordinates": [
      [
        [
          77.1420939,
          28.667787
        ],
        [
          77.1422767,
          28.6677607
        ],
        [
          77.1422904,
          28.6678339
        ],
        [
          77.1421076,
          28.6678602
        ],
        [
          77.1420939,
          28.667787
        ]
      ]
    ]
  }
},
{
  "type": "Feature",
  "id": "way/350556233",
  "properties": {
    "building": "yes",
    "id": "way/350556233"
  },
  "geometry": {
    "type": "Polygon",
    "coordinates": [
      [
        [
          77.1399373,
          28.6677981
        ],
        [
          77.1399244,
          28.6677231
        ],
        [
          77.1401538,
          28.6676928
        ],
        [
          77.1401666,
          28.6677678
        ],
        [
          77.1399373,
          28.6677981
        ]
      ]
    ]
  }
},
{
  "type": "Feature",
  "id": "way/350556234",
  "properties": {
    "building": "yes",
    "id": "way/350556234"
  },
  "geometry": {
    "type": "Polygon",
    "coordinates": [
      [
        [
          77.1403711,
          28.6687894
        ],
        [
          77.1405858,
          28.6687647
        ],
        [
          77.1406014,
          28.6688695
        ],
        [
          77.1403867,
          28.6688941
        ],
        [
          77.1403711,
          28.6687894
        ]
      ]
    ]
  }
},
{
  "type": "Feature",
  "id": "way/350556237",
  "properties": {
    "building": "yes",
    "id": "way/350556237"
  },
  "geometry": {
    "type": "Polygon",
    "coordinates": [
      [
        [
          77.1409728,
          28.6710594
        ],
        [
          77.1411826,
          28.6709824
        ],
        [
          77.1412323,
          28.6710865
        ],
        [
          77.1410225,
          28.6711636
        ],
        [
          77.1409728,
          28.6710594
        ]
      ]
    ]
  }
},
{
  "type": "Feature",
  "id": "way/350556239",
  "properties": {
    "building": "yes",
    "id": "way/350556239"
  },
  "geometry": {
    "type": "Polygon",
    "coordinates": [
      [
        [
          77.1413441,
          28.6685802
        ],
        [
          77.1415325,
          28.6685539
        ],
        [
          77.141546,
          28.6686285
        ],
        [
          77.1413576,
          28.6686548
        ],
        [
          77.1413441,
          28.6685802
        ]
      ]
    ]
  }
},
{
  "type": "Feature",
  "id": "way/350556240",
  "properties": {
    "building": "yes",
    "id": "way/350556240"
  },
  "geometry": {
    "type": "Polygon",
    "coordinates": [
      [
        [
          77.143158,
          28.6705792
        ],
        [
          77.1431337,
          28.6704621
        ],
        [
          77.1433671,
          28.6704249
        ],
        [
          77.1433913,
          28.670542
        ],
        [
          77.143158,
          28.6705792
        ]
      ]
    ]
  }
},
{
  "type": "Feature",
  "id": "way/350556241",
  "properties": {
    "building": "yes",
    "id": "way/350556241"
  },
  "geometry": {
    "type": "Polygon",
    "coordinates": [
      [
        [
          77.1408605,
          28.6716075
        ],
        [
          77.1408062,
          28.6714889
        ],
        [
          77.1410161,
          28.6714149
        ],
        [
          77.1410704,
          28.6715334
        ],
        [
          77.1408605,
          28.6716075
        ]
      ]
    ]
  }
},
{
  "type": "Feature",
  "id": "way/350556242",
  "properties": {
    "building": "yes",
    "id": "way/350556242"
  },
  "geometry": {
    "type": "Polygon",
    "coordinates": [
      [
        [
          77.1408715,
          28.6696736
        ],
        [
          77.1408434,
          28.6694869
        ],
        [
          77.140937,
          28.669476
        ],
        [
          77.1409651,
          28.6696627
        ],
        [
          77.1408715,
          28.6696736
        ]
      ]
    ]
  }
},
{
  "type": "Feature",
  "id": "way/350556243",
  "properties": {
    "building": "yes",
    "id": "way/350556243"
  },
  "geometry": {
    "type": "Polygon",
    "coordinates": [
      [
        [
          77.1406597,
          28.6683145
        ],
        [
          77.1406449,
          28.6681769
        ],
        [
          77.1408571,
          28.6681595
        ],
        [
          77.1408718,
          28.6682971
        ],
        [
          77.1406597,
          28.6683145
        ]
      ]
    ]
  }
},
{
  "type": "Feature",
  "id": "way/350556244",
  "properties": {
    "building": "yes",
    "id": "way/350556244"
  },
  "geometry": {
    "type": "Polygon",
    "coordinates": [
      [
        [
          77.1418353,
          28.6692317
        ],
        [
          77.1418119,
          28.6690343
        ],
        [
          77.1419124,
          28.6690251
        ],
        [
          77.1419358,
          28.6692225
        ],
        [
          77.1418353,
          28.6692317
        ]
      ]
    ]
  }
},
{
  "type": "Feature",
  "id": "way/350556245",
  "properties": {
    "building": "yes",
    "id": "way/350556245"
  },
  "geometry": {
    "type": "Polygon",
    "coordinates": [
      [
        [
          77.1410729,
          28.671299
        ],
        [
          77.1412594,
          28.6712299
        ],
        [
          77.1413021,
          28.6713186
        ],
        [
          77.1411156,
          28.6713877
        ],
        [
          77.1410729,
          28.671299
        ]
      ]
    ]
  }
},
{
  "type": "Feature",
  "id": "way/350556246",
  "properties": {
    "building": "yes",
    "id": "way/350556246"
  },
  "geometry": {
    "type": "Polygon",
    "coordinates": [
      [
        [
          77.1420639,
          28.6676941
        ],
        [
          77.1422533,
          28.6676644
        ],
        [
          77.1422704,
          28.667749
        ],
        [
          77.1420811,
          28.6677786
        ],
        [
          77.1420639,
          28.6676941
        ]
      ]
    ]
  }
},
{
  "type": "Feature",
  "id": "way/350556248",
  "properties": {
    "building": "yes",
    "id": "way/350556248"
  },
  "geometry": {
    "type": "Polygon",
    "coordinates": [
      [
        [
          77.1410685,
          28.6696346
        ],
        [
          77.1410385,
          28.6694487
        ],
        [
          77.1411341,
          28.6694368
        ],
        [
          77.1411641,
          28.6696227
        ],
        [
          77.1410685,
          28.6696346
        ]
      ]
    ]
  }
},
{
  "type": "Feature",
  "id": "way/350556249",
  "properties": {
    "building": "yes",
    "id": "way/350556249"
  },
  "geometry": {
    "type": "Polygon",
    "coordinates": [
      [
        [
          77.137756,
          28.668329
        ],
        [
          77.1378875,
          28.6682159
        ],
        [
          77.1379859,
          28.6683102
        ],
        [
          77.1378496,
          28.6684174
        ],
        [
          77.137756,
          28.668329
        ]
      ]
    ]
  }
},
{
  "type": "Feature",
  "id": "way/350556251",
  "properties": {
    "building": "yes",
    "id": "way/350556251"
  },
  "geometry": {
    "type": "Polygon",
    "coordinates": [
      [
        [
          77.1399135,
          28.6705127
        ],
        [
          77.1401535,
          28.6704371
        ],
        [
          77.1402063,
          28.6705662
        ],
        [
          77.1399664,
          28.6706419
        ],
        [
          77.1399135,
          28.6705127
        ]
      ]
    ]
  }
},
{
  "type": "Feature",
  "id": "way/350556252",
  "properties": {
    "building": "yes",
    "id": "way/350556252"
  },
  "geometry": {
    "type": "Polygon",
    "coordinates": [
      [
        [
          77.1431593,
          28.668251
        ],
        [
          77.1433655,
          28.6682198
        ],
        [
          77.1433792,
          28.6682889
        ],
        [
          77.1431729,
          28.6683202
        ],
        [
          77.1431593,
          28.668251
        ]
      ]
    ]
  }
},
{
  "type": "Feature",
  "id": "way/350556253",
  "properties": {
    "building": "yes",
    "id": "way/350556253"
  },
  "geometry": {
    "type": "Polygon",
    "coordinates": [
      [
        [
          77.1412897,
          28.668305
        ],
        [
          77.141274,
          28.6682039
        ],
        [
          77.1414802,
          28.6681793
        ],
        [
          77.1414959,
          28.6682803
        ],
        [
          77.1412897,
          28.668305
        ]
      ]
    ]
  }
},
{
  "type": "Feature",
  "id": "way/350556254",
  "properties": {
    "building": "yes",
    "id": "way/350556254"
  },
  "geometry": {
    "type": "Polygon",
    "coordinates": [
      [
        [
          77.1439099,
          28.6703554
        ],
        [
          77.1438943,
          28.6702156
        ],
        [
          77.1441295,
          28.6701953
        ],
        [
          77.1441451,
          28.6703351
        ],
        [
          77.1439099,
          28.6703554
        ]
      ]
    ]
  }
},
{
  "type": "Feature",
  "id": "way/350556255",
  "properties": {
    "building": "yes",
    "id": "way/350556255"
  },
  "geometry": {
    "type": "Polygon",
    "coordinates": [
      [
        [
          77.1393058,
          28.6693086
        ],
        [
          77.1392266,
          28.6691448
        ],
        [
          77.1394404,
          28.6691206
        ],
        [
          77.1394653,
          28.6692906
        ],
        [
          77.1393058,
          28.6693086
        ]
      ]
    ]
  }
},
{
  "type": "Feature",
  "id": "way/350556260",
  "properties": {
    "building": "yes",
    "id": "way/350556260"
  },
  "geometry": {
    "type": "Polygon",
    "coordinates": [
      [
        [
          77.1418472,
          28.6678205
        ],
        [
          77.1418325,
          28.6677379
        ],
        [
          77.1420247,
          28.6677116
        ],
        [
          77.1420393,
          28.6677941
        ],
        [
          77.1418472,
          28.6678205
        ]
      ]
    ]
  }
},
{
  "type": "Feature",
  "id": "way/350556261",
  "properties": {
    "building": "yes",
    "id": "way/350556261"
  },
  "geometry": {
    "type": "Polygon",
    "coordinates": [
      [
        [
          77.1428798,
          28.6709017
        ],
        [
          77.1431277,
          28.6708715
        ],
        [
          77.1431452,
          28.6709823
        ],
        [
          77.1428973,
          28.6710126
        ],
        [
          77.1428798,
          28.6709017
        ]
      ]
    ]
  }
},
{
  "type": "Feature",
  "id": "way/350556262",
  "properties": {
    "building": "yes",
    "id": "way/350556262"
  },
  "geometry": {
    "type": "Polygon",
    "coordinates": [
      [
        [
          77.1409129,
          28.6682587
        ],
        [
          77.1411104,
          28.6682273
        ],
        [
          77.1411265,
          28.6683052
        ],
        [
          77.1409289,
          28.6683366
        ],
        [
          77.1409129,
          28.6682587
        ]
      ]
    ]
  }
},
{
  "type": "Feature",
  "id": "way/350556263",
  "properties": {
    "building": "yes",
    "id": "way/350556263"
  },
  "geometry": {
    "type": "Polygon",
    "coordinates": [
      [
        [
          77.141805,
          28.6676346
        ],
        [
          77.1417855,
          28.6675364
        ],
        [
          77.1419796,
          28.6675067
        ],
        [
          77.141999,
          28.667605
        ],
        [
          77.141805,
          28.6676346
        ]
      ]
    ]
  }
},
{
  "type": "Feature",
  "id": "way/350556264",
  "properties": {
    "building": "yes",
    "id": "way/350556264"
  },
  "geometry": {
    "type": "Polygon",
    "coordinates": [
      [
        [
          77.1395658,
          28.6684072
        ],
        [
          77.139535,
          28.668222
        ],
        [
          77.1397116,
          28.6681994
        ],
        [
          77.1397424,
          28.6683845
        ],
        [
          77.1395658,
          28.6684072
        ]
      ]
    ]
  }
},
{
  "type": "Feature",
  "id": "way/350556266",
  "properties": {
    "building": "yes",
    "id": "way/350556266"
  },
  "geometry": {
    "type": "Polygon",
    "coordinates": [
      [
        [
          77.1403627,
          28.670406
        ],
        [
          77.1405633,
          28.6703394
        ],
        [
          77.1406158,
          28.670461
        ],
        [
          77.1404152,
          28.6705276
        ],
        [
          77.1403627,
          28.670406
        ]
      ]
    ]
  }
},
{
  "type": "Feature",
  "id": "way/350556267",
  "properties": {
    "building": "yes",
    "id": "way/350556267"
  },
  "geometry": {
    "type": "Polygon",
    "coordinates": [
      [
        [
          77.1394182,
          28.6681806
        ],
        [
          77.139401,
          28.6680306
        ],
        [
          77.139491,
          28.6680226
        ],
        [
          77.1395082,
          28.6681726
        ],
        [
          77.1394182,
          28.6681806
        ]
      ]
    ]
  }
},
{
  "type": "Feature",
  "id": "way/350556268",
  "properties": {
    "building": "yes",
    "id": "way/350556268"
  },
  "geometry": {
    "type": "Polygon",
    "coordinates": [
      [
        [
          77.1408342,
          28.6677759
        ],
        [
          77.1410332,
          28.6677571
        ],
        [
          77.1410442,
          28.6678464
        ],
        [
          77.1408452,
          28.6678652
        ],
        [
          77.1408342,
          28.6677759
        ]
      ]
    ]
  }
},
{
  "type": "Feature",
  "id": "way/350556270",
  "properties": {
    "building": "yes",
    "id": "way/350556270"
  },
  "geometry": {
    "type": "Polygon",
    "coordinates": [
      [
        [
          77.1406227,
          28.6702065
        ],
        [
          77.1408452,
          28.670112
        ],
        [
          77.1409207,
          28.6702487
        ],
        [
          77.1406982,
          28.6703433
        ],
        [
          77.1406227,
          28.6702065
        ]
      ]
    ]
  }
},
{
  "type": "Feature",
  "id": "way/350556271",
  "properties": {
    "building": "yes",
    "id": "way/350556271"
  },
  "geometry": {
    "type": "Polygon",
    "coordinates": [
      [
        [
          77.1397771,
          28.6719395
        ],
        [
          77.1402158,
          28.6717981
        ],
        [
          77.1403094,
          28.6720215
        ],
        [
          77.1398707,
          28.672163
        ],
        [
          77.1397771,
          28.6719395
        ]
      ]
    ]
  }
},
{
  "type": "Feature",
  "id": "way/350556272",
  "properties": {
    "building": "yes",
    "id": "way/350556272"
  },
  "geometry": {
    "type": "Polygon",
    "coordinates": [
      [
        [
          77.1425739,
          28.6685226
        ],
        [
          77.1427501,
          28.6684996
        ],
        [
          77.1427606,
          28.6685614
        ],
        [
          77.1425844,
          28.6685845
        ],
        [
          77.1425739,
          28.6685226
        ]
      ]
    ]
  }
},
{
  "type": "Feature",
  "id": "way/350556276",
  "properties": {
    "building": "yes",
    "id": "way/350556276"
  },
  "geometry": {
    "type": "Polygon",
    "coordinates": [
      [
        [
          77.1378808,
          28.6681951
        ],
        [
          77.1377187,
          28.6680454
        ],
        [
          77.1378516,
          28.6679346
        ],
        [
          77.1380137,
          28.6680842
        ],
        [
          77.1378808,
          28.6681951
        ]
      ]
    ]
  }
},
{
  "type": "Feature",
  "id": "way/350556278",
  "properties": {
    "building": "yes",
    "id": "way/350556278"
  },
  "geometry": {
    "type": "Polygon",
    "coordinates": [
      [
        [
          77.141464,
          28.667828
        ],
        [
          77.1414467,
          28.6677409
        ],
        [
          77.1416454,
          28.6677105
        ],
        [
          77.1416627,
          28.6677975
        ],
        [
          77.141464,
          28.667828
        ]
      ]
    ]
  }
},
{
  "type": "Feature",
  "id": "way/350556280",
  "properties": {
    "building": "yes",
    "id": "way/350556280"
  },
  "geometry": {
    "type": "Polygon",
    "coordinates": [
      [
        [
          77.1401405,
          28.6712496
        ],
        [
          77.1404427,
          28.6711438
        ],
        [
          77.1404807,
          28.6712272
        ],
        [
          77.1401784,
          28.6713331
        ],
        [
          77.1401405,
          28.6712496
        ]
      ]
    ]
  }
},
{
  "type": "Feature",
  "id": "way/350556287",
  "properties": {
    "building": "yes",
    "id": "way/350556287"
  },
  "geometry": {
    "type": "Polygon",
    "coordinates": [
      [
        [
          77.1434621,
          28.6683793
        ],
        [
          77.1436768,
          28.6683472
        ],
        [
          77.143696,
          28.6684462
        ],
        [
          77.1434813,
          28.6684783
        ],
        [
          77.1434621,
          28.6683793
        ]
      ]
    ]
  }
},
{
  "type": "Feature",
  "id": "way/350556288",
  "properties": {
    "building": "yes",
    "id": "way/350556288"
  },
  "geometry": {
    "type": "Polygon",
    "coordinates": [
      [
        [
          77.1387448,
          28.669262
        ],
        [
          77.138906,
          28.6691469
        ],
        [
          77.138988,
          28.6692352
        ],
        [
          77.1388268,
          28.6693504
        ],
        [
          77.1387448,
          28.669262
        ]
      ]
    ]
  }
},
{
  "type": "Feature",
  "id": "way/350556290",
  "properties": {
    "building": "yes",
    "id": "way/350556290"
  },
  "geometry": {
    "type": "Polygon",
    "coordinates": [
      [
        [
          77.1413797,
          28.6687521
        ],
        [
          77.1413642,
          28.6686626
        ],
        [
          77.1415488,
          28.6686379
        ],
        [
          77.1415644,
          28.6687274
        ],
        [
          77.1413797,
          28.6687521
        ]
      ]
    ]
  }
},
{
  "type": "Feature",
  "id": "way/350556291",
  "properties": {
    "building": "yes",
    "id": "way/350556291"
  },
  "geometry": {
    "type": "Polygon",
    "coordinates": [
      [
        [
          77.1408511,
          28.6714446
        ],
        [
          77.1408062,
          28.6713471
        ],
        [
          77.1409712,
          28.6712887
        ],
        [
          77.1410161,
          28.6713862
        ],
        [
          77.1408511,
          28.6714446
        ]
      ]
    ]
  }
},
{
  "type": "Feature",
  "id": "way/350556293",
  "properties": {
    "building": "yes",
    "id": "way/350556293"
  },
  "geometry": {
    "type": "Polygon",
    "coordinates": [
      [
        [
          77.1403715,
          28.6699635
        ],
        [
          77.1403673,
          28.6699326
        ],
        [
          77.1403385,
          28.6699357
        ],
        [
          77.1403315,
          28.6698853
        ],
        [
          77.1402862,
          28.6698902
        ],
        [
          77.1402749,
          28.6698086
        ],
        [
          77.1404553,
          28.6697894
        ],
        [
          77.1404778,
          28.6699522
        ],
        [
          77.1403715,
          28.6699635
        ]
      ]
    ]
  }
},
{
  "type": "Feature",
  "id": "way/350556294",
  "properties": {
    "building": "yes",
    "id": "way/350556294"
  },
  "geometry": {
    "type": "Polygon",
    "coordinates": [
      [
        [
          77.140791,
          28.6674429
        ],
        [
          77.1410125,
          28.6674187
        ],
        [
          77.1410225,
          28.6674886
        ],
        [
          77.1408009,
          28.6675128
        ],
        [
          77.140791,
          28.6674429
        ]
      ]
    ]
  }
},
{
  "type": "Feature",
  "id": "way/350556296",
  "properties": {
    "building": "yes",
    "id": "way/350556296"
  },
  "geometry": {
    "type": "Polygon",
    "coordinates": [
      [
        [
          77.1437553,
          28.6714582
        ],
        [
          77.1437373,
          28.6713361
        ],
        [
          77.143905,
          28.6713171
        ],
        [
          77.143923,
          28.6714391
        ],
        [
          77.1437553,
          28.6714582
        ]
      ]
    ]
  }
},
{
  "type": "Feature",
  "id": "way/350556298",
  "properties": {
    "building": "yes",
    "id": "way/350556298"
  },
  "geometry": {
    "type": "Polygon",
    "coordinates": [
      [
        [
          77.1378917,
          28.668438
        ],
        [
          77.1380502,
          28.6683056
        ],
        [
          77.138229,
          28.6684703
        ],
        [
          77.1380705,
          28.6686027
        ],
        [
          77.1378917,
          28.668438
        ]
      ]
    ]
  }
},
{
  "type": "Feature",
  "id": "way/350556299",
  "properties": {
    "building": "yes",
    "id": "way/350556299"
  },
  "geometry": {
    "type": "Polygon",
    "coordinates": [
      [
        [
          77.1428506,
          28.6705179
        ],
        [
          77.1430693,
          28.6704923
        ],
        [
          77.1430865,
          28.6706052
        ],
        [
          77.1428678,
          28.6706308
        ],
        [
          77.1428506,
          28.6705179
        ]
      ]
    ]
  }
},
{
  "type": "Feature",
  "id": "way/350556300",
  "properties": {
    "building": "yes",
    "id": "way/350556300"
  },
  "geometry": {
    "type": "Polygon",
    "coordinates": [
      [
        [
          77.1375111,
          28.6687029
        ],
        [
          77.137747,
          28.6684936
        ],
        [
          77.1378429,
          28.6685768
        ],
        [
          77.137607,
          28.6687861
        ],
        [
          77.1375111,
          28.6687029
        ]
      ]
    ]
  }
},
{
  "type": "Feature",
  "id": "way/350556301",
  "properties": {
    "building": "yes",
    "id": "way/350556301"
  },
  "geometry": {
    "type": "Polygon",
    "coordinates": [
      [
        [
          77.1418207,
          28.6697745
        ],
        [
          77.1417992,
          28.6696207
        ],
        [
          77.1418864,
          28.6696113
        ],
        [
          77.141908,
          28.6697651
        ],
        [
          77.1418207,
          28.6697745
        ]
      ]
    ]
  }
},
{
  "type": "Feature",
  "id": "way/350556303",
  "properties": {
    "building": "yes",
    "id": "way/350556303"
  },
  "geometry": {
    "type": "Polygon",
    "coordinates": [
      [
        [
          77.1404351,
          28.6719025
        ],
        [
          77.1403729,
          28.6717558
        ],
        [
          77.1406155,
          28.6716767
        ],
        [
          77.1406777,
          28.6718235
        ],
        [
          77.1404351,
          28.6719025
        ]
      ]
    ]
  }
},
{
  "type": "Feature",
  "id": "way/350556304",
  "properties": {
    "building": "yes",
    "id": "way/350556304"
  },
  "geometry": {
    "type": "Polygon",
    "coordinates": [
      [
        [
          77.1412775,
          28.6696073
        ],
        [
          77.1412532,
          28.669456
        ],
        [
          77.1413479,
          28.6694442
        ],
        [
          77.1413723,
          28.6695956
        ],
        [
          77.1412775,
          28.6696073
        ]
      ]
    ]
  }
},
{
  "type": "Feature",
  "id": "way/350556305",
  "properties": {
    "building": "yes",
    "id": "way/350556305"
  },
  "geometry": {
    "type": "Polygon",
    "coordinates": [
      [
        [
          77.1416182,
          28.6697946
        ],
        [
          77.1416013,
          28.669649
        ],
        [
          77.1416922,
          28.6696409
        ],
        [
          77.1417091,
          28.6697865
        ],
        [
          77.1416182,
          28.6697946
        ]
      ]
    ]
  }
},
{
  "type": "Feature",
  "id": "way/350556310",
  "properties": {
    "building": "yes",
    "id": "way/350556310"
  },
  "geometry": {
    "type": "Polygon",
    "coordinates": [
      [
        [
          77.1391986,
          28.6682073
        ],
        [
          77.1391801,
          28.6680526
        ],
        [
          77.1393739,
          28.6680347
        ],
        [
          77.1393925,
          28.6681894
        ],
        [
          77.1391986,
          28.6682073
        ]
      ]
    ]
  }
},
{
  "type": "Feature",
  "id": "way/350556312",
  "properties": {
    "building": "yes",
    "id": "way/350556312"
  },
  "geometry": {
    "type": "Polygon",
    "coordinates": [
      [
        [
          77.1407968,
          28.6693611
        ],
        [
          77.1407687,
          28.6691925
        ],
        [
          77.1408653,
          28.6691801
        ],
        [
          77.1408934,
          28.6693487
        ],
        [
          77.1407968,
          28.6693611
        ]
      ]
    ]
  }
},
{
  "type": "Feature",
  "id": "way/350556316",
  "properties": {
    "building": "yes",
    "id": "way/350556316"
  },
  "geometry": {
    "type": "Polygon",
    "coordinates": [
      [
        [
          77.1402927,
          28.6702728
        ],
        [
          77.1405154,
          28.6702045
        ],
        [
          77.1405587,
          28.6703131
        ],
        [
          77.140336,
          28.6703815
        ],
        [
          77.1402927,
          28.6702728
        ]
      ]
    ]
  }
},
{
  "type": "Feature",
  "id": "way/350556317",
  "properties": {
    "building": "yes",
    "id": "way/350556317"
  },
  "geometry": {
    "type": "Polygon",
    "coordinates": [
      [
        [
          77.1395229,
          28.6681729
        ],
        [
          77.1395017,
          28.6680065
        ],
        [
          77.1395966,
          28.6679972
        ],
        [
          77.1396178,
          28.6681635
        ],
        [
          77.1395229,
          28.6681729
        ]
      ]
    ]
  }
},
{
  "type": "Feature",
  "id": "way/350556319",
  "properties": {
    "building": "yes",
    "id": "way/350556319"
  },
  "geometry": {
    "type": "Polygon",
    "coordinates": [
      [
        [
          77.1408485,
          28.6678746
        ],
        [
          77.1410557,
          28.6678502
        ],
        [
          77.1410696,
          28.6679408
        ],
        [
          77.1408624,
          28.6679653
        ],
        [
          77.1408485,
          28.6678746
        ]
      ]
    ]
  }
},
{
  "type": "Feature",
  "id": "way/350556320",
  "properties": {
    "building": "yes",
    "id": "way/350556320"
  },
  "geometry": {
    "type": "Polygon",
    "coordinates": [
      [
        [
          77.1419056,
          28.6681978
        ],
        [
          77.1420893,
          28.6681731
        ],
        [
          77.1421034,
          28.6682541
        ],
        [
          77.1419197,
          28.6682788
        ],
        [
          77.1419056,
          28.6681978
        ]
      ]
    ]
  }
},
{
  "type": "Feature",
  "id": "way/350556321",
  "properties": {
    "building": "yes",
    "id": "way/350556321"
  },
  "geometry": {
    "type": "Polygon",
    "coordinates": [
      [
        [
          77.1410123,
          28.6687205
        ],
        [
          77.1412005,
          28.6686949
        ],
        [
          77.141219,
          28.6687995
        ],
        [
          77.1410307,
          28.6688251
        ],
        [
          77.1410123,
          28.6687205
        ]
      ]
    ]
  }
},
{
  "type": "Feature",
  "id": "way/350556322",
  "properties": {
    "building": "yes",
    "id": "way/350556322"
  },
  "geometry": {
    "type": "Polygon",
    "coordinates": [
      [
        [
          77.1418861,
          28.6681532
        ],
        [
          77.1418554,
          28.6679697
        ],
        [
          77.1420663,
          28.6679426
        ],
        [
          77.142097,
          28.668126
        ],
        [
          77.1418861,
          28.6681532
        ]
      ]
    ]
  }
},
{
  "type": "Feature",
  "id": "way/350556324",
  "properties": {
    "building": "yes",
    "id": "way/350556324"
  },
  "geometry": {
    "type": "Polygon",
    "coordinates": [
      [
        [
          77.1409126,
          28.6717308
        ],
        [
          77.1408616,
          28.6716129
        ],
        [
          77.1410874,
          28.6715377
        ],
        [
          77.1411384,
          28.6716556
        ],
        [
          77.1409126,
          28.6717308
        ]
      ]
    ]
  }
},
{
  "type": "Feature",
  "id": "way/350556325",
  "properties": {
    "building": "yes",
    "id": "way/350556325"
  },
  "geometry": {
    "type": "Polygon",
    "coordinates": [
      [
        [
          77.1399428,
          28.6697944
        ],
        [
          77.1399203,
          28.6696151
        ],
        [
          77.1400177,
          28.6696057
        ],
        [
          77.1400402,
          28.669785
        ],
        [
          77.1399428,
          28.6697944
        ]
      ]
    ]
  }
},
{
  "type": "Feature",
  "id": "way/350556326",
  "properties": {
    "building": "yes",
    "id": "way/350556326"
  },
  "geometry": {
    "type": "Polygon",
    "coordinates": [
      [
        [
          77.1407043,
          28.6699377
        ],
        [
          77.1406743,
          28.6697477
        ],
        [
          77.1408544,
          28.6697258
        ],
        [
          77.1408844,
          28.6699158
        ],
        [
          77.1407043,
          28.6699377
        ]
      ]
    ]
  }
},
{
  "type": "Feature",
  "id": "way/350556328",
  "properties": {
    "building": "yes",
    "id": "way/350556328"
  },
  "geometry": {
    "type": "Polygon",
    "coordinates": [
      [
        [
          77.1435642,
          28.6700992
        ],
        [
          77.1435595,
          28.6699885
        ],
        [
          77.1437199,
          28.6699833
        ],
        [
          77.1437246,
          28.670094
        ],
        [
          77.1435642,
          28.6700992
        ]
      ]
    ]
  }
},
{
  "type": "Feature",
  "id": "way/350556329",
  "properties": {
    "building": "yes",
    "id": "way/350556329"
  },
  "geometry": {
    "type": "Polygon",
    "coordinates": [
      [
        [
          77.1402047,
          28.6713541
        ],
        [
          77.140487,
          28.6712401
        ],
        [
          77.140565,
          28.6713888
        ],
        [
          77.1402826,
          28.6715028
        ],
        [
          77.1402047,
          28.6713541
        ]
      ]
    ]
  }
},
{
  "type": "Feature",
  "id": "way/350556330",
  "properties": {
    "building": "yes",
    "id": "way/350556330"
  },
  "geometry": {
    "type": "Polygon",
    "coordinates": [
      [
        [
          77.1397419,
          28.6698344
        ],
        [
          77.1397138,
          28.6696502
        ],
        [
          77.1398088,
          28.669639
        ],
        [
          77.1398369,
          28.6698232
        ],
        [
          77.1397419,
          28.6698344
        ]
      ]
    ]
  }
},
{
  "type": "Feature",
  "id": "way/350556337",
  "properties": {
    "building": "yes",
    "id": "way/350556337"
  },
  "geometry": {
    "type": "Polygon",
    "coordinates": [
      [
        [
          77.1434303,
          28.6681868
        ],
        [
          77.1436234,
          28.6681687
        ],
        [
          77.1436348,
          28.6682624
        ],
        [
          77.1434417,
          28.6682805
        ],
        [
          77.1434303,
          28.6681868
        ]
      ]
    ]
  }
},
{
  "type": "Feature",
  "id": "way/350556338",
  "properties": {
    "building": "yes",
    "id": "way/350556338"
  },
  "geometry": {
    "type": "Polygon",
    "coordinates": [
      [
        [
          77.1388254,
          28.6693665
        ],
        [
          77.1390026,
          28.669239
        ],
        [
          77.1390852,
          28.6693274
        ],
        [
          77.1389081,
          28.6694549
        ],
        [
          77.1388254,
          28.6693665
        ]
      ]
    ]
  }
},
{
  "type": "Feature",
  "id": "way/350556339",
  "properties": {
    "building": "yes",
    "id": "way/350556339"
  },
  "geometry": {
    "type": "Polygon",
    "coordinates": [
      [
        [
          77.1414303,
          28.6676256
        ],
        [
          77.1414163,
          28.6675479
        ],
        [
          77.1416131,
          28.6675206
        ],
        [
          77.1416271,
          28.6675983
        ],
        [
          77.1414303,
          28.6676256
        ]
      ]
    ]
  }
},
{
  "type": "Feature",
  "id": "way/350556340",
  "properties": {
    "building": "yes",
    "id": "way/350556340"
  },
  "geometry": {
    "type": "Polygon",
    "coordinates": [
      [
        [
          77.1432133,
          28.6708585
        ],
        [
          77.1431958,
          28.6707513
        ],
        [
          77.1434185,
          28.6707234
        ],
        [
          77.143436,
          28.6708306
        ],
        [
          77.1432133,
          28.6708585
        ]
      ]
    ]
  }
},
{
  "type": "Feature",
  "id": "way/350556341",
  "properties": {
    "building": "yes",
    "id": "way/350556341"
  },
  "geometry": {
    "type": "Polygon",
    "coordinates": [
      [
        [
          77.1390475,
          28.6684846
        ],
        [
          77.1390212,
          28.6683012
        ],
        [
          77.1391151,
          28.6682909
        ],
        [
          77.1391414,
          28.6684743
        ],
        [
          77.1390475,
          28.6684846
        ]
      ]
    ]
  }
},
{
  "type": "Feature",
  "id": "way/350556342",
  "properties": {
    "building": "yes",
    "id": "way/350556342"
  },
  "geometry": {
    "type": "Polygon",
    "coordinates": [
      [
        [
          77.1401549,
          28.6697798
        ],
        [
          77.140139,
          28.6696243
        ],
        [
          77.14023,
          28.6696171
        ],
        [
          77.1402459,
          28.6697726
        ],
        [
          77.1401549,
          28.6697798
        ]
      ]
    ]
  }
},
{
  "type": "Feature",
  "id": "way/350556346",
  "properties": {
    "building": "yes",
    "id": "way/350556346"
  },
  "geometry": {
    "type": "Polygon",
    "coordinates": [
      [
        [
          77.1415924,
          28.6685583
        ],
        [
          77.1415792,
          28.6684692
        ],
        [
          77.1417883,
          28.6684453
        ],
        [
          77.1418015,
          28.6685345
        ],
        [
          77.1415924,
          28.6685583
        ]
      ]
    ]
  }
},
{
  "type": "Feature",
  "id": "way/350556347",
  "properties": {
    "building": "yes",
    "id": "way/350556347"
  },
  "geometry": {
    "type": "Polygon",
    "coordinates": [
      [
        [
          77.1405854,
          28.6678028
        ],
        [
          77.1407869,
          28.6677737
        ],
        [
          77.1408023,
          28.6678556
        ],
        [
          77.1406008,
          28.6678847
        ],
        [
          77.1405854,
          28.6678028
        ]
      ]
    ]
  }
},
{
  "type": "Feature",
  "id": "way/350556348",
  "properties": {
    "building": "yes",
    "id": "way/350556348"
  },
  "geometry": {
    "type": "Polygon",
    "coordinates": [
      [
        [
          77.1412407,
          28.671679
        ],
        [
          77.1414694,
          28.6715934
        ],
        [
          77.141533,
          28.6717243
        ],
        [
          77.1413043,
          28.6718098
        ],
        [
          77.1412407,
          28.671679
        ]
      ]
    ]
  }
},
{
  "type": "Feature",
  "id": "way/350556349",
  "properties": {
    "building": "yes",
    "id": "way/350556349"
  },
  "geometry": {
    "type": "Polygon",
    "coordinates": [
      [
        [
          77.1417251,
          28.6697918
        ],
        [
          77.1417036,
          28.669624
        ],
        [
          77.1417913,
          28.6696153
        ],
        [
          77.1418129,
          28.6697831
        ],
        [
          77.1417251,
          28.6697918
        ]
      ]
    ]
  }
},
{
  "type": "Feature",
  "id": "way/350556350",
  "properties": {
    "building": "yes",
    "id": "way/350556350"
  },
  "geometry": {
    "type": "Polygon",
    "coordinates": [
      [
        [
          77.1412578,
          28.6681857
        ],
        [
          77.1412354,
          28.6680294
        ],
        [
          77.1414369,
          28.6680072
        ],
        [
          77.1414593,
          28.6681635
        ],
        [
          77.1412578,
          28.6681857
        ]
      ]
    ]
  }
},
{
  "type": "Feature",
  "id": "way/350556352",
  "properties": {
    "building": "yes",
    "id": "way/350556352"
  },
  "geometry": {
    "type": "Polygon",
    "coordinates": [
      [
        [
          77.1408259,
          28.6676748
        ],
        [
          77.1408109,
          28.6676112
        ],
        [
          77.1410012,
          28.6675767
        ],
        [
          77.1410162,
          28.6676403
        ],
        [
          77.1408259,
          28.6676748
        ]
      ]
    ]
  }
},
{
  "type": "Feature",
  "id": "way/350556353",
  "properties": {
    "building": "yes",
    "id": "way/350556353"
  },
  "geometry": {
    "type": "Polygon",
    "coordinates": [
      [
        [
          77.1415803,
          28.6684629
        ],
        [
          77.1415635,
          28.6683817
        ],
        [
          77.1417753,
          28.668348
        ],
        [
          77.1417921,
          28.6684292
        ],
        [
          77.1415803,
          28.6684629
        ]
      ]
    ]
  }
},
{
  "type": "Feature",
  "id": "way/350556354",
  "properties": {
    "building": "yes",
    "id": "way/350556354"
  },
  "geometry": {
    "type": "Polygon",
    "coordinates": [
      [
        [
          77.1413844,
          28.6695983
        ],
        [
          77.1413535,
          28.6694173
        ],
        [
          77.1414407,
          28.6694058
        ],
        [
          77.1414717,
          28.6695868
        ],
        [
          77.1413844,
          28.6695983
        ]
      ]
    ]
  }
},
{
  "type": "Feature",
  "id": "way/350556355",
  "properties": {
    "building": "yes",
    "id": "way/350556355"
  },
  "geometry": {
    "type": "Polygon",
    "coordinates": [
      [
        [
          77.1401871,
          28.667681
        ],
        [
          77.1401719,
          28.6675921
        ],
        [
          77.1403715,
          28.6675658
        ],
        [
          77.1403867,
          28.6676546
        ],
        [
          77.1401871,
          28.667681
        ]
      ]
    ]
  }
},
{
  "type": "Feature",
  "id": "way/350556356",
  "properties": {
    "building": "yes",
    "id": "way/350556356"
  },
  "geometry": {
    "type": "Polygon",
    "coordinates": [
      [
        [
          77.1382276,
          28.6687123
        ],
        [
          77.1383888,
          28.6685676
        ],
        [
          77.1384854,
          28.6686504
        ],
        [
          77.1383242,
          28.6687951
        ],
        [
          77.1382276,
          28.6687123
        ]
      ]
    ]
  }
},
{
  "type": "Feature",
  "id": "way/350556357",
  "properties": {
    "building": "yes",
    "id": "way/350556357"
  },
  "geometry": {
    "type": "Polygon",
    "coordinates": [
      [
        [
          77.1384429,
          28.6689437
        ],
        [
          77.1385864,
          28.6688146
        ],
        [
          77.138691,
          28.668904
        ],
        [
          77.1385476,
          28.6690332
        ],
        [
          77.1384429,
          28.6689437
        ]
      ]
    ]
  }
},
{
  "type": "Feature",
  "id": "way/350556359",
  "properties": {
    "building": "yes",
    "id": "way/350556359"
  },
  "geometry": {
    "type": "Polygon",
    "coordinates": [
      [
        [
          77.1429902,
          28.6711499
        ],
        [
          77.1431878,
          28.6711306
        ],
        [
          77.1432007,
          28.6712322
        ],
        [
          77.1430031,
          28.6712516
        ],
        [
          77.1429902,
          28.6711499
        ]
      ]
    ]
  }
},
{
  "type": "Feature",
  "id": "way/350556360",
  "properties": {
    "building": "yes",
    "id": "way/350556360"
  },
  "geometry": {
    "type": "Polygon",
    "coordinates": [
      [
        [
          77.1409526,
          28.6684518
        ],
        [
          77.1411435,
          28.6684216
        ],
        [
          77.1411714,
          28.6685569
        ],
        [
          77.1409805,
          28.6685872
        ],
        [
          77.1409526,
          28.6684518
        ]
      ]
    ]
  }
},
{
  "type": "Feature",
  "id": "way/350556361",
  "properties": {
    "building": "yes",
    "id": "way/350556361"
  },
  "geometry": {
    "type": "Polygon",
    "coordinates": [
      [
        [
          77.1406937,
          28.6693753
        ],
        [
          77.1406665,
          28.669196
        ],
        [
          77.1407594,
          28.6691851
        ],
        [
          77.1407866,
          28.6693644
        ],
        [
          77.1406937,
          28.6693753
        ]
      ]
    ]
  }
},
{
  "type": "Feature",
  "id": "way/350556363",
  "properties": {
    "building": "yes",
    "id": "way/350556363"
  },
  "geometry": {
    "type": "Polygon",
    "coordinates": [
      [
        [
          77.142568,
          28.6684354
        ],
        [
          77.1427386,
          28.6684124
        ],
        [
          77.1427513,
          28.6684848
        ],
        [
          77.1425807,
          28.6685078
        ],
        [
          77.142568,
          28.6684354
        ]
      ]
    ]
  }
},
{
  "type": "Feature",
  "id": "way/350556365",
  "properties": {
    "building": "yes",
    "id": "way/350556365"
  },
  "geometry": {
    "type": "Polygon",
    "coordinates": [
      [
        [
          77.1409093,
          28.6693529
        ],
        [
          77.1408737,
          28.6691629
        ],
        [
          77.1409764,
          28.6691481
        ],
        [
          77.141012,
          28.6693381
        ],
        [
          77.1409093,
          28.6693529
        ]
      ]
    ]
  }
},
{
  "type": "Feature",
  "id": "way/350556372",
  "properties": {
    "building": "yes",
    "id": "way/350556372"
  },
  "geometry": {
    "type": "Polygon",
    "coordinates": [
      [
        [
          77.1436148,
          28.6704914
        ],
        [
          77.1435962,
          28.6703904
        ],
        [
          77.1438231,
          28.6703584
        ],
        [
          77.1438416,
          28.6704593
        ],
        [
          77.1436148,
          28.6704914
        ]
      ]
    ]
  }
},
{
  "type": "Feature",
  "id": "way/350556374",
  "properties": {
    "building": "yes",
    "id": "way/350556374"
  },
  "geometry": {
    "type": "Polygon",
    "coordinates": [
      [
        [
          77.1419243,
          28.6682907
        ],
        [
          77.1421062,
          28.668266
        ],
        [
          77.1421207,
          28.6683485
        ],
        [
          77.1419389,
          28.6683732
        ],
        [
          77.1419243,
          28.6682907
        ]
      ]
    ]
  }
},
{
  "type": "Feature",
  "id": "way/350556376",
  "properties": {
    "building": "yes",
    "id": "way/350556376"
  },
  "geometry": {
    "type": "Polygon",
    "coordinates": [
      [
        [
          77.1407644,
          28.6688414
        ],
        [
          77.1407484,
          28.6687458
        ],
        [
          77.1409379,
          28.6687213
        ],
        [
          77.1409539,
          28.668817
        ],
        [
          77.1407644,
          28.6688414
        ]
      ]
    ]
  }
},
{
  "type": "Feature",
  "id": "way/350556378",
  "properties": {
    "building": "yes",
    "id": "way/350556378"
  },
  "geometry": {
    "type": "Polygon",
    "coordinates": [
      [
        [
          77.1411379,
          28.6722572
        ],
        [
          77.141079,
          28.6721084
        ],
        [
          77.1413031,
          28.6720401
        ],
        [
          77.141362,
          28.6721889
        ],
        [
          77.1411379,
          28.6722572
        ]
      ]
    ]
  }
},
{
  "type": "Feature",
  "id": "way/350556383",
  "properties": {
    "building": "yes",
    "id": "way/350556383"
  },
  "geometry": {
    "type": "Polygon",
    "coordinates": [
      [
        [
          77.1414461,
          28.6677302
        ],
        [
          77.1414287,
          28.6676372
        ],
        [
          77.1416115,
          28.6676109
        ],
        [
          77.1416289,
          28.6677039
        ],
        [
          77.1414461,
          28.6677302
        ]
      ]
    ]
  }
},
{
  "type": "Feature",
  "id": "way/350556384",
  "properties": {
    "building": "yes",
    "id": "way/350556384"
  },
  "geometry": {
    "type": "Polygon",
    "coordinates": [
      [
        [
          77.1421108,
          28.6678734
        ],
        [
          77.1422927,
          28.6678454
        ],
        [
          77.1423115,
          28.66794
        ],
        [
          77.1421297,
          28.6679679
        ],
        [
          77.1421108,
          28.6678734
        ]
      ]
    ]
  }
},
{
  "type": "Feature",
  "id": "way/350556385",
  "properties": {
    "building": "yes",
    "id": "way/350556385"
  },
  "geometry": {
    "type": "Polygon",
    "coordinates": [
      [
        [
          77.1409879,
          28.6718715
        ],
        [
          77.1411979,
          28.671804
        ],
        [
          77.141242,
          28.6719097
        ],
        [
          77.141032,
          28.6719772
        ],
        [
          77.1409879,
          28.6718715
        ]
      ]
    ]
  }
},
{
  "type": "Feature",
  "id": "way/350556386",
  "properties": {
    "building": "yes",
    "id": "way/350556386"
  },
  "geometry": {
    "type": "Polygon",
    "coordinates": [
      [
        [
          77.1399359,
          28.6676201
        ],
        [
          77.1399227,
          28.6674724
        ],
        [
          77.1401164,
          28.667459
        ],
        [
          77.1401296,
          28.6676067
        ],
        [
          77.1399359,
          28.6676201
        ]
      ]
    ]
  }
},
{
  "type": "Feature",
  "id": "way/350556387",
  "properties": {
    "building": "yes",
    "id": "way/350556387"
  },
  "geometry": {
    "type": "Polygon",
    "coordinates": [
      [
        [
          77.1432786,
          28.6712643
        ],
        [
          77.1432569,
          28.6711429
        ],
        [
          77.1434954,
          28.67111
        ],
        [
          77.1435171,
          28.6712314
        ],
        [
          77.1432786,
          28.6712643
        ]
      ]
    ]
  }
},
{
  "type": "Feature",
  "id": "way/350556388",
  "properties": {
    "building": "yes",
    "id": "way/350556388"
  },
  "geometry": {
    "type": "Polygon",
    "coordinates": [
      [
        [
          77.1398469,
          28.6698245
        ],
        [
          77.1398207,
          28.6696444
        ],
        [
          77.1399081,
          28.6696346
        ],
        [
          77.1399344,
          28.6698147
        ],
        [
          77.1398469,
          28.6698245
        ]
      ]
    ]
  }
},
{
  "type": "Feature",
  "id": "way/350556389",
  "properties": {
    "building": "yes",
    "id": "way/350556389"
  },
  "geometry": {
    "type": "Polygon",
    "coordinates": [
      [
        [
          77.1401127,
          28.6686942
        ],
        [
          77.1402927,
          28.6686811
        ],
        [
          77.140302,
          28.6687787
        ],
        [
          77.140122,
          28.6687919
        ],
        [
          77.1401127,
          28.6686942
        ]
      ]
    ]
  }
},
{
  "type": "Feature",
  "id": "way/350556391",
  "properties": {
    "building": "yes",
    "id": "way/350556391"
  },
  "geometry": {
    "type": "Polygon",
    "coordinates": [
      [
        [
          77.1421361,
          28.6680847
        ],
        [
          77.1423358,
          28.6680494
        ],
        [
          77.142357,
          28.6681415
        ],
        [
          77.1421573,
          28.6681769
        ],
        [
          77.1421361,
          28.6680847
        ]
      ]
    ]
  }
},
{
  "type": "Feature",
  "id": "way/350556393",
  "properties": {
    "building": "yes",
    "id": "way/350556393"
  },
  "geometry": {
    "type": "Polygon",
    "coordinates": [
      [
        [
          77.1411526,
          28.6714479
        ],
        [
          77.1413448,
          28.6713738
        ],
        [
          77.1413899,
          28.6714641
        ],
        [
          77.1411978,
          28.6715381
        ],
        [
          77.1411526,
          28.6714479
        ]
      ]
    ]
  }
},
{
  "type": "Feature",
  "id": "way/350556394",
  "properties": {
    "building": "yes",
    "id": "way/350556394"
  },
  "geometry": {
    "type": "Polygon",
    "coordinates": [
      [
        [
          77.1414091,
          28.6675372
        ],
        [
          77.1413879,
          28.6674188
        ],
        [
          77.1415947,
          28.6673903
        ],
        [
          77.1416159,
          28.6675087
        ],
        [
          77.1414091,
          28.6675372
        ]
      ]
    ]
  }
},
{
  "type": "Feature",
  "id": "way/350556395",
  "properties": {
    "building": "yes",
    "id": "way/350556395"
  },
  "geometry": {
    "type": "Polygon",
    "coordinates": [
      [
        [
          77.1432402,
          28.671027
        ],
        [
          77.1434642,
          28.6709991
        ],
        [
          77.1434808,
          28.6711015
        ],
        [
          77.1432568,
          28.6711294
        ],
        [
          77.1432402,
          28.671027
        ]
      ]
    ]
  }
},
{
  "type": "Feature",
  "id": "way/350556396",
  "properties": {
    "building": "yes",
    "id": "way/350556396"
  },
  "geometry": {
    "type": "Polygon",
    "coordinates": [
      [
        [
          77.1406499,
          28.6710727
        ],
        [
          77.1408627,
          28.6709995
        ],
        [
          77.1409058,
          28.6710958
        ],
        [
          77.140693,
          28.671169
        ],
        [
          77.1406499,
          28.6710727
        ]
      ]
    ]
  }
},
{
  "type": "Feature",
  "id": "way/350556397",
  "properties": {
    "building": "yes",
    "id": "way/350556397"
  },
  "geometry": {
    "type": "Polygon",
    "coordinates": [
      [
        [
          77.1411754,
          28.6696336
        ],
        [
          77.1411547,
          28.6694642
        ],
        [
          77.1412382,
          28.6694564
        ],
        [
          77.1412588,
          28.6696258
        ],
        [
          77.1411754,
          28.6696336
        ]
      ]
    ]
  }
},
{
  "type": "Feature",
  "id": "way/350556398",
  "properties": {
    "building": "yes",
    "id": "way/350556398"
  },
  "geometry": {
    "type": "Polygon",
    "coordinates": [
      [
        [
          77.1405252,
          28.6697321
        ],
        [
          77.1405045,
          28.6695585
        ],
        [
          77.1407339,
          28.6695375
        ],
        [
          77.1407546,
          28.6697111
        ],
        [
          77.1405252,
          28.6697321
        ]
      ]
    ]
  }
},
{
  "type": "Feature",
  "id": "way/350556399",
  "properties": {
    "building": "yes",
    "id": "way/350556399"
  },
  "geometry": {
    "type": "Polygon",
    "coordinates": [
      [
        [
          77.1399947,
          28.6700265
        ],
        [
          77.1399637,
          28.6698522
        ],
        [
          77.1400474,
          28.6698407
        ],
        [
          77.1400784,
          28.6700151
        ],
        [
          77.1399947,
          28.6700265
        ]
      ]
    ]
  }
},
{
  "type": "Feature",
  "id": "way/350556404",
  "properties": {
    "building": "yes",
    "id": "way/350556404"
  },
  "geometry": {
    "type": "Polygon",
    "coordinates": [
      [
        [
          77.1431837,
          28.6683324
        ],
        [
          77.1433862,
          28.6683012
        ],
        [
          77.143404,
          28.6683901
        ],
        [
          77.1432015,
          28.6684214
        ],
        [
          77.1431837,
          28.6683324
        ]
      ]
    ]
  }
},
{
  "type": "Feature",
  "id": "way/350556405",
  "properties": {
    "building": "yes",
    "id": "way/350556405"
  },
  "geometry": {
    "type": "Polygon",
    "coordinates": [
      [
        [
          77.1415287,
          28.6681833
        ],
        [
          77.141518,
          28.6680912
        ],
        [
          77.1417195,
          28.6680731
        ],
        [
          77.1417302,
          28.6681652
        ],
        [
          77.1415287,
          28.6681833
        ]
      ]
    ]
  }
},
{
  "type": "Feature",
  "id": "way/350556406",
  "properties": {
    "building": "yes",
    "id": "way/350556406"
  },
  "geometry": {
    "type": "Polygon",
    "coordinates": [
      [
        [
          77.141344,
          28.66856
        ],
        [
          77.1413361,
          28.6684887
        ],
        [
          77.1415283,
          28.6684723
        ],
        [
          77.1415362,
          28.6685435
        ],
        [
          77.141344,
          28.66856
        ]
      ]
    ]
  }
},
{
  "type": "Feature",
  "id": "way/350556408",
  "properties": {
    "building": "yes",
    "id": "way/350556408"
  },
  "geometry": {
    "type": "Polygon",
    "coordinates": [
      [
        [
          77.1405403,
          28.6675957
        ],
        [
          77.1405238,
          28.6674717
        ],
        [
          77.140728,
          28.6674507
        ],
        [
          77.1407445,
          28.6675748
        ],
        [
          77.1405403,
          28.6675957
        ]
      ]
    ]
  }
},
{
  "type": "Feature",
  "id": "way/350556409",
  "properties": {
    "building": "yes",
    "id": "way/350556409"
  },
  "geometry": {
    "type": "Polygon",
    "coordinates": [
      [
        [
          77.1424086,
          28.6674753
        ],
        [
          77.1423983,
          28.6673733
        ],
        [
          77.142586,
          28.6673587
        ],
        [
          77.1425963,
          28.6674607
        ],
        [
          77.1424086,
          28.6674753
        ]
      ]
    ]
  }
},
{
  "type": "Feature",
  "id": "way/350556410",
  "properties": {
    "building": "yes",
    "id": "way/350556410"
  },
  "geometry": {
    "type": "Polygon",
    "coordinates": [
      [
        [
          77.141494,
          28.6680805
        ],
        [
          77.1414838,
          28.6680135
        ],
        [
          77.1416807,
          28.6679905
        ],
        [
          77.1416909,
          28.6680574
        ],
        [
          77.141494,
          28.6680805
        ]
      ]
    ]
  }
},
{
  "type": "Feature",
  "id": "way/350556411",
  "properties": {
    "building": "yes",
    "id": "way/350556411"
  },
  "geometry": {
    "type": "Polygon",
    "coordinates": [
      [
        [
          77.1405831,
          28.6677941
        ],
        [
          77.1405679,
          28.6677107
        ],
        [
          77.1407666,
          28.6676827
        ],
        [
          77.1407818,
          28.6677661
        ],
        [
          77.1405831,
          28.6677941
        ]
      ]
    ]
  }
},
{
  "type": "Feature",
  "id": "way/350556412",
  "properties": {
    "building": "yes",
    "id": "way/350556412"
  },
  "geometry": {
    "type": "Polygon",
    "coordinates": [
      [
        [
          77.1413016,
          28.66845
        ],
        [
          77.1412919,
          28.668362
        ],
        [
          77.1415037,
          28.6683439
        ],
        [
          77.1415135,
          28.6684319
        ],
        [
          77.1413016,
          28.66845
        ]
      ]
    ]
  }
},
{
  "type": "Feature",
  "id": "way/350556415",
  "properties": {
    "building": "yes",
    "id": "way/350556415"
  },
  "geometry": {
    "type": "Polygon",
    "coordinates": [
      [
        [
          77.1383522,
          28.6687942
        ],
        [
          77.1385166,
          28.6686693
        ],
        [
          77.1386154,
          28.6687695
        ],
        [
          77.138451,
          28.6688944
        ],
        [
          77.1383522,
          28.6687942
        ]
      ]
    ]
  }
},
{
  "type": "Feature",
  "id": "way/350556416",
  "properties": {
    "building": "yes",
    "id": "way/350556416"
  },
  "geometry": {
    "type": "Polygon",
    "coordinates": [
      [
        [
          77.1429209,
          28.6710483
        ],
        [
          77.1431566,
          28.6710203
        ],
        [
          77.143172,
          28.6711199
        ],
        [
          77.1429362,
          28.6711478
        ],
        [
          77.1429209,
          28.6710483
        ]
      ]
    ]
  }
},
{
  "type": "Feature",
  "id": "way/350556419",
  "properties": {
    "building": "yes",
    "id": "way/350556419"
  },
  "geometry": {
    "type": "Polygon",
    "coordinates": [
      [
        [
          77.141775,
          28.667526
        ],
        [
          77.1417569,
          28.6674094
        ],
        [
          77.1419631,
          28.6673847
        ],
        [
          77.1419812,
          28.6675013
        ],
        [
          77.141775,
          28.667526
        ]
      ]
    ]
  }
},
{
  "type": "Feature",
  "id": "way/350556420",
  "properties": {
    "building": "yes",
    "id": "way/350556420"
  },
  "geometry": {
    "type": "Polygon",
    "coordinates": [
      [
        [
          77.143466,
          28.6724901
        ],
        [
          77.1434481,
          28.6723638
        ],
        [
          77.1437199,
          28.6723342
        ],
        [
          77.1437378,
          28.6724605
        ],
        [
          77.143466,
          28.6724901
        ]
      ]
    ]
  }
},
{
  "type": "Feature",
  "id": "way/350556421",
  "properties": {
    "building": "yes",
    "id": "way/350556421"
  },
  "geometry": {
    "type": "Polygon",
    "coordinates": [
      [
        [
          77.140995,
          28.6686158
        ],
        [
          77.1411806,
          28.6685844
        ],
        [
          77.1412011,
          28.6686775
        ],
        [
          77.1410155,
          28.6687089
        ],
        [
          77.140995,
          28.6686158
        ]
      ]
    ]
  }
},
{
  "type": "Feature",
  "id": "way/350556423",
  "properties": {
    "building": "yes",
    "id": "way/350556423"
  },
  "geometry": {
    "type": "Polygon",
    "coordinates": [
      [
        [
          77.1413248,
          28.6698456
        ],
        [
          77.141292,
          28.6696835
        ],
        [
          77.1413767,
          28.6696703
        ],
        [
          77.1414095,
          28.6698324
        ],
        [
          77.1413248,
          28.6698456
        ]
      ]
    ]
  }
},
{
  "type": "Feature",
  "id": "way/350556426",
  "properties": {
    "building": "yes",
    "id": "way/350556426"
  },
  "geometry": {
    "type": "Polygon",
    "coordinates": [
      [
        [
          77.1407158,
          28.6703648
        ],
        [
          77.1409398,
          28.6702751
        ],
        [
          77.1409927,
          28.6703768
        ],
        [
          77.1407687,
          28.6704664
        ],
        [
          77.1407158,
          28.6703648
        ]
      ]
    ]
  }
},
{
  "type": "Feature",
  "id": "way/350556427",
  "properties": {
    "building": "yes",
    "id": "way/350556427"
  },
  "geometry": {
    "type": "Polygon",
    "coordinates": [
      [
        [
          77.1396835,
          28.6716238
        ],
        [
          77.1400996,
          28.6714823
        ],
        [
          77.1401968,
          28.6717023
        ],
        [
          77.1397806,
          28.6718438
        ],
        [
          77.1396835,
          28.6716238
        ]
      ]
    ]
  }
},
{
  "type": "Feature",
  "id": "way/350556428",
  "properties": {
    "building": "yes",
    "id": "way/350556428"
  },
  "geometry": {
    "type": "Polygon",
    "coordinates": [
      [
        [
          77.1384813,
          28.6696039
        ],
        [
          77.1386844,
          28.6694603
        ],
        [
          77.1387813,
          28.6695658
        ],
        [
          77.1385782,
          28.6697094
        ],
        [
          77.1384813,
          28.6696039
        ]
      ]
    ]
  }
},
{
  "type": "Feature",
  "id": "way/350556430",
  "properties": {
    "building": "yes",
    "id": "way/350556430"
  },
  "geometry": {
    "type": "Polygon",
    "coordinates": [
      [
        [
          77.1435708,
          28.6701373
        ],
        [
          77.1437986,
          28.6701184
        ],
        [
          77.1438216,
          28.6703314
        ],
        [
          77.1435938,
          28.6703503
        ],
        [
          77.1435708,
          28.6701373
        ]
      ]
    ]
  }
},
{
  "type": "Feature",
  "id": "way/350556432",
  "properties": {
    "building": "yes",
    "id": "way/350556432"
  },
  "geometry": {
    "type": "Polygon",
    "coordinates": [
      [
        [
          77.1430931,
          28.6700488
        ],
        [
          77.1433436,
          28.6700069
        ],
        [
          77.1433677,
          28.6701179
        ],
        [
          77.1431171,
          28.6701598
        ],
        [
          77.1430931,
          28.6700488
        ]
      ]
    ]
  }
},
{
  "type": "Feature",
  "id": "way/350556433",
  "properties": {
    "building": "yes",
    "id": "way/350556433"
  },
  "geometry": {
    "type": "Polygon",
    "coordinates": [
      [
        [
          77.1394621,
          28.6710973
        ],
        [
          77.1398315,
          28.6709625
        ],
        [
          77.1399528,
          28.6712182
        ],
        [
          77.1395834,
          28.671353
        ],
        [
          77.1394621,
          28.6710973
        ]
      ]
    ]
  }
},
{
  "type": "Feature",
  "id": "way/350556436",
  "properties": {
    "building": "yes",
    "id": "way/350556436"
  },
  "geometry": {
    "type": "Polygon",
    "coordinates": [
      [
        [
          77.1413198,
          28.6692921
        ],
        [
          77.1412955,
          28.6691144
        ],
        [
          77.1413816,
          28.6691053
        ],
        [
          77.1414059,
          28.669283
        ],
        [
          77.1413198,
          28.6692921
        ]
      ]
    ]
  }
},
{
  "type": "Feature",
  "id": "way/350556439",
  "properties": {
    "building": "yes",
    "id": "way/350556439"
  },
  "geometry": {
    "type": "Polygon",
    "coordinates": [
      [
        [
          77.1420069,
          28.6673537
        ],
        [
          77.1421981,
          28.6673315
        ],
        [
          77.1422134,
          28.6674329
        ],
        [
          77.1420221,
          28.6674551
        ],
        [
          77.1420069,
          28.6673537
        ]
      ]
    ]
  }
},
{
  "type": "Feature",
  "id": "way/350556440",
  "properties": {
    "building": "yes",
    "id": "way/350556440"
  },
  "geometry": {
    "type": "Polygon",
    "coordinates": [
      [
        [
          77.1410292,
          28.6720014
        ],
        [
          77.1412289,
          28.671934
        ],
        [
          77.1412745,
          28.6720379
        ],
        [
          77.1410748,
          28.6721054
        ],
        [
          77.1410292,
          28.6720014
        ]
      ]
    ]
  }
},
{
  "type": "Feature",
  "id": "way/350556445",
  "properties": {
    "building": "yes",
    "id": "way/350556445"
  },
  "geometry": {
    "type": "Polygon",
    "coordinates": [
      [
        [
          77.1417767,
          28.6718788
        ],
        [
          77.1420386,
          28.671856
        ],
        [
          77.1420613,
          28.6720565
        ],
        [
          77.1417993,
          28.6720793
        ],
        [
          77.1417767,
          28.6718788
        ]
      ]
    ]
  }
},
{
  "type": "Feature",
  "id": "way/350556449",
  "properties": {
    "building": "yes",
    "id": "way/350556449"
  },
  "geometry": {
    "type": "Polygon",
    "coordinates": [
      [
        [
          77.1411977,
          28.6677434
        ],
        [
          77.141185,
          28.6676767
        ],
        [
          77.1413819,
          28.6676479
        ],
        [
          77.1413946,
          28.6677146
        ],
        [
          77.1411977,
          28.6677434
        ]
      ]
    ]
  }
},
{
  "type": "Feature",
  "id": "way/350556451",
  "properties": {
    "building": "yes",
    "id": "way/350556451"
  },
  "geometry": {
    "type": "Polygon",
    "coordinates": [
      [
        [
          77.1421277,
          28.6679943
        ],
        [
          77.142318,
          28.6679564
        ],
        [
          77.1423391,
          28.6680382
        ],
        [
          77.1421488,
          28.668076
        ],
        [
          77.1421277,
          28.6679943
        ]
      ]
    ]
  }
},
{
  "type": "Feature",
  "id": "way/350556452",
  "properties": {
    "building": "yes",
    "id": "way/350556452"
  },
  "geometry": {
    "type": "Polygon",
    "coordinates": [
      [
        [
          77.1409776,
          28.6718624
        ],
        [
          77.1409272,
          28.6717391
        ],
        [
          77.1411568,
          28.6716668
        ],
        [
          77.1412073,
          28.67179
        ],
        [
          77.1409776,
          28.6718624
        ]
      ]
    ]
  }
},
{
  "type": "Feature",
  "id": "way/350556453",
  "properties": {
    "building": "yes",
    "id": "way/350556453"
  },
  "geometry": {
    "type": "Polygon",
    "coordinates": [
      [
        [
          77.1391543,
          28.6684682
        ],
        [
          77.1391282,
          28.6682855
        ],
        [
          77.1392337,
          28.6682739
        ],
        [
          77.1392599,
          28.6684566
        ],
        [
          77.1391543,
          28.6684682
        ]
      ]
    ]
  }
},
{
  "type": "Feature",
  "id": "way/350556455",
  "properties": {
    "building": "yes",
    "id": "way/350556455"
  },
  "geometry": {
    "type": "Polygon",
    "coordinates": [
      [
        [
          77.1400462,
          28.670912
        ],
        [
          77.140339,
          28.6708163
        ],
        [
          77.1404179,
          28.6710021
        ],
        [
          77.1401251,
          28.6710977
        ],
        [
          77.1400462,
          28.670912
        ]
      ]
    ]
  }
},
{
  "type": "Feature",
  "id": "way/350556457",
  "properties": {
    "building": "yes",
    "id": "way/350556457"
  },
  "geometry": {
    "type": "Polygon",
    "coordinates": [
      [
        [
          77.1407187,
          28.6713009
        ],
        [
          77.1406759,
          28.6711992
        ],
        [
          77.1409196,
          28.6711202
        ],
        [
          77.1409625,
          28.671222
        ],
        [
          77.1407187,
          28.6713009
        ]
      ]
    ]
  }
},
{
  "type": "Feature",
  "id": "way/350556459",
  "properties": {
    "building": "yes",
    "id": "way/350556459"
  },
  "geometry": {
    "type": "Polygon",
    "coordinates": [
      [
        [
          77.1411985,
          28.6715482
        ],
        [
          77.1413982,
          28.6714693
        ],
        [
          77.141453,
          28.6715759
        ],
        [
          77.1412533,
          28.6716549
        ],
        [
          77.1411985,
          28.6715482
        ]
      ]
    ]
  }
},
{
  "type": "Feature",
  "id": "way/350556460",
  "properties": {
    "building": "yes",
    "id": "way/350556460"
  },
  "geometry": {
    "type": "Polygon",
    "coordinates": [
      [
        [
          77.1400959,
          28.6700199
        ],
        [
          77.1400603,
          28.6698373
        ],
        [
          77.1402535,
          28.6698083
        ],
        [
          77.1402892,
          28.6699909
        ],
        [
          77.1400959,
          28.6700199
        ]
      ]
    ]
  }
},
{
  "type": "Feature",
  "id": "way/350556461",
  "properties": {
    "building": "yes",
    "id": "way/350556461"
  },
  "geometry": {
    "type": "Polygon",
    "coordinates": [
      [
        [
          77.1390267,
          28.6695811
        ],
        [
          77.1391982,
          28.669466
        ],
        [
          77.1392842,
          28.6695645
        ],
        [
          77.1391126,
          28.6696797
        ],
        [
          77.1390267,
          28.6695811
        ]
      ]
    ]
  }
},
{
  "type": "Feature",
  "id": "way/350556462",
  "properties": {
    "building": "yes",
    "id": "way/350556462"
  },
  "geometry": {
    "type": "Polygon",
    "coordinates": [
      [
        [
          77.1408079,
          28.6675352
        ],
        [
          77.1410462,
          28.6675024
        ],
        [
          77.1410557,
          28.6675551
        ],
        [
          77.1408173,
          28.6675879
        ],
        [
          77.1408079,
          28.6675352
        ]
      ]
    ]
  }
},
{
  "type": "Feature",
  "id": "way/350556464",
  "properties": {
    "building": "yes",
    "id": "way/350556464"
  },
  "geometry": {
    "type": "Polygon",
    "coordinates": [
      [
        [
          77.1405708,
          28.6709504
        ],
        [
          77.140822,
          28.6708633
        ],
        [
          77.1408769,
          28.6709851
        ],
        [
          77.1406257,
          28.6710723
        ],
        [
          77.1405708,
          28.6709504
        ]
      ]
    ]
  }
},
{
  "type": "Feature",
  "id": "way/350556465",
  "properties": {
    "building": "yes",
    "id": "way/350556465"
  },
  "geometry": {
    "type": "Polygon",
    "coordinates": [
      [
        [
          77.1405972,
          28.6699425
        ],
        [
          77.1405718,
          28.6697772
        ],
        [
          77.1406626,
          28.6697665
        ],
        [
          77.1406879,
          28.6699319
        ],
        [
          77.1405972,
          28.6699425
        ]
      ]
    ]
  }
},
{
  "type": "Feature",
  "id": "way/350556466",
  "properties": {
    "building": "yes",
    "id": "way/350556466"
  },
  "geometry": {
    "type": "Polygon",
    "coordinates": [
      [
        [
          77.1399065,
          28.6700594
        ],
        [
          77.1398719,
          28.6698768
        ],
        [
          77.1399539,
          28.6698648
        ],
        [
          77.1399886,
          28.6700474
        ],
        [
          77.1399065,
          28.6700594
        ]
      ]
    ]
  }
},
{
  "type": "Feature",
  "id": "way/350556470",
  "properties": {
    "building": "yes",
    "id": "way/350556470"
  },
  "geometry": {
    "type": "Polygon",
    "coordinates": [
      [
        [
          77.1431541,
          28.6684433
        ],
        [
          77.143359,
          28.6684171
        ],
        [
          77.1433714,
          28.6684917
        ],
        [
          77.1431665,
          28.6685179
        ],
        [
          77.1431541,
          28.6684433
        ]
      ]
    ]
  }
},
{
  "type": "Feature",
  "id": "way/350556471",
  "properties": {
    "building": "yes",
    "id": "way/350556471"
  },
  "geometry": {
    "type": "Polygon",
    "coordinates": [
      [
        [
          77.1405424,
          28.6720863
        ],
        [
          77.1404722,
          28.6719119
        ],
        [
          77.140652,
          28.6718561
        ],
        [
          77.1407223,
          28.6720306
        ],
        [
          77.1405424,
          28.6720863
        ]
      ]
    ]
  }
},
{
  "type": "Feature",
  "id": "way/350556472",
  "properties": {
    "building": "yes",
    "id": "way/350556472"
  },
  "geometry": {
    "type": "Polygon",
    "coordinates": [
      [
        [
          77.1415292,
          28.6698044
        ],
        [
          77.1415076,
          28.6696531
        ],
        [
          77.1415826,
          28.6696449
        ],
        [
          77.1416041,
          28.6697962
        ],
        [
          77.1415292,
          28.6698044
        ]
      ]
    ]
  }
},
{
  "type": "Feature",
  "id": "way/350556473",
  "properties": {
    "building": "yes",
    "id": "way/350556473"
  },
  "geometry": {
    "type": "Polygon",
    "coordinates": [
      [
        [
          77.1424635,
          28.6678375
        ],
        [
          77.1424416,
          28.6676745
        ],
        [
          77.1426403,
          28.6676539
        ],
        [
          77.1426622,
          28.6678169
        ],
        [
          77.1424635,
          28.6678375
        ]
      ]
    ]
  }
},
{
  "type": "Feature",
  "id": "way/350556475",
  "properties": {
    "building": "yes",
    "id": "way/350556475"
  },
  "geometry": {
    "type": "Polygon",
    "coordinates": [
      [
        [
          77.1437412,
          28.6711937
        ],
        [
          77.1437267,
          28.6710943
        ],
        [
          77.1439405,
          28.6710704
        ],
        [
          77.1439549,
          28.6711699
        ],
        [
          77.1437412,
          28.6711937
        ]
      ]
    ]
  }
},
{
  "type": "Feature",
  "id": "way/350556476",
  "properties": {
    "building": "yes",
    "id": "way/350556476"
  },
  "geometry": {
    "type": "Polygon",
    "coordinates": [
      [
        [
          77.1417726,
          28.6695482
        ],
        [
          77.1417491,
          28.6693475
        ],
        [
          77.1419398,
          28.6693304
        ],
        [
          77.1419633,
          28.6695311
        ],
        [
          77.1417726,
          28.6695482
        ]
      ]
    ]
  }
},
{
  "type": "Feature",
  "id": "way/350556477",
  "properties": {
    "building": "yes",
    "id": "way/350556477"
  },
  "geometry": {
    "type": "Polygon",
    "coordinates": [
      [
        [
          77.1397391,
          28.6681416
        ],
        [
          77.1397179,
          28.6679613
        ],
        [
          77.1398711,
          28.6679475
        ],
        [
          77.1398923,
          28.6681277
        ],
        [
          77.1397391,
          28.6681416
        ]
      ]
    ]
  }
},
{
  "type": "Feature",
  "id": "way/350556486",
  "properties": {
    "building": "yes",
    "id": "way/350556486"
  },
  "geometry": {
    "type": "Polygon",
    "coordinates": [
      [
        [
          77.1401361,
          28.668904
        ],
        [
          77.1401243,
          28.6688043
        ],
        [
          77.1403043,
          28.6687878
        ],
        [
          77.1403161,
          28.6688875
        ],
        [
          77.1401361,
          28.668904
        ]
      ]
    ]
  }
},
{
  "type": "Feature",
  "id": "way/350556487",
  "properties": {
    "building": "yes",
    "id": "way/350556487"
  },
  "geometry": {
    "type": "Polygon",
    "coordinates": [
      [
        [
          77.1400889,
          28.6686199
        ],
        [
          77.1402811,
          28.6685986
        ],
        [
          77.140291,
          28.6686667
        ],
        [
          77.1400988,
          28.6686881
        ],
        [
          77.1400889,
          28.6686199
        ]
      ]
    ]
  }
},
{
  "type": "Feature",
  "id": "way/350556489",
  "properties": {
    "building": "yes",
    "id": "way/350556489"
  },
  "geometry": {
    "type": "Polygon",
    "coordinates": [
      [
        [
          77.1396254,
          28.6681546
        ],
        [
          77.1396002,
          28.6679767
        ],
        [
          77.1397007,
          28.6679657
        ],
        [
          77.1397259,
          28.6681437
        ],
        [
          77.1396254,
          28.6681546
        ]
      ]
    ]
  }
},
{
  "type": "Feature",
  "id": "way/350556491",
  "properties": {
    "building": "yes",
    "id": "way/350556491"
  },
  "geometry": {
    "type": "Polygon",
    "coordinates": [
      [
        [
          77.1407699,
          28.6704791
        ],
        [
          77.1410089,
          28.670396
        ],
        [
          77.1410681,
          28.670527
        ],
        [
          77.1408291,
          28.6706101
        ],
        [
          77.1407699,
          28.6704791
        ]
      ]
    ]
  }
},
{
  "type": "Feature",
  "id": "way/350556492",
  "properties": {
    "building": "yes",
    "id": "way/350556492"
  },
  "geometry": {
    "type": "Polygon",
    "coordinates": [
      [
        [
          77.1395934,
          28.6713951
        ],
        [
          77.1398408,
          28.6712997
        ],
        [
          77.1399413,
          28.6715004
        ],
        [
          77.1396939,
          28.6715958
        ],
        [
          77.1395934,
          28.6713951
        ]
      ]
    ]
  }
},
{
  "type": "Feature",
  "id": "way/350556493",
  "properties": {
    "building": "yes",
    "id": "way/350556493"
  },
  "geometry": {
    "type": "Polygon",
    "coordinates": [
      [
        [
          77.1418561,
          28.6679582
        ],
        [
          77.1418348,
          28.6678322
        ],
        [
          77.1420307,
          28.6678067
        ],
        [
          77.142052,
          28.6679327
        ],
        [
          77.1418561,
          28.6679582
        ]
      ]
    ]
  }
},
{
  "type": "Feature",
  "id": "way/350556494",
  "properties": {
    "building": "yes",
    "id": "way/350556494"
  },
  "geometry": {
    "type": "Polygon",
    "coordinates": [
      [
        [
          77.1431169,
          28.6701989
        ],
        [
          77.1433357,
          28.6701709
        ],
        [
          77.1433516,
          28.6702673
        ],
        [
          77.1431329,
          28.6702952
        ],
        [
          77.1431169,
          28.6701989
        ]
      ]
    ]
  }
},
{
  "type": "Feature",
  "id": "way/350556495",
  "properties": {
    "building": "yes",
    "id": "way/350556495"
  },
  "geometry": {
    "type": "Polygon",
    "coordinates": [
      [
        [
          77.140258,
          28.6697666
        ],
        [
          77.1402355,
          28.6696021
        ],
        [
          77.1404852,
          28.6695758
        ],
        [
          77.1405077,
          28.6697403
        ],
        [
          77.140258,
          28.6697666
        ]
      ]
    ]
  }
},
{
  "type": "Feature",
  "id": "way/350556496",
  "properties": {
    "building": "yes",
    "id": "way/350556496"
  },
  "geometry": {
    "type": "Polygon",
    "coordinates": [
      [
        [
          77.1407099,
          28.6685627
        ],
        [
          77.1406948,
          28.6684637
        ],
        [
          77.1408964,
          28.6684401
        ],
        [
          77.1409115,
          28.668539
        ],
        [
          77.1407099,
          28.6685627
        ]
      ]
    ]
  }
},
{
  "type": "Feature",
  "id": "way/350556498",
  "properties": {
    "building": "yes",
    "id": "way/350556498"
  },
  "geometry": {
    "type": "Polygon",
    "coordinates": [
      [
        [
          77.141422,
          28.6692888
        ],
        [
          77.1413939,
          28.6690988
        ],
        [
          77.1414919,
          28.6690876
        ],
        [
          77.14152,
          28.6692776
        ],
        [
          77.141422,
          28.6692888
        ]
      ]
    ]
  }
},
{
  "type": "Feature",
  "id": "way/350556500",
  "properties": {
    "building": "yes",
    "id": "way/350556500"
  },
  "geometry": {
    "type": "Polygon",
    "coordinates": [
      [
        [
          77.1420414,
          28.6675008
        ],
        [
          77.1422289,
          28.6674769
        ],
        [
          77.142243,
          28.6675622
        ],
        [
          77.1420555,
          28.6675861
        ],
        [
          77.1420414,
          28.6675008
        ]
      ]
    ]
  }
},
{
  "type": "Feature",
  "id": "way/350556503",
  "properties": {
    "building": "yes",
    "id": "way/350556503"
  },
  "geometry": {
    "type": "Polygon",
    "coordinates": [
      [
        [
          77.1391311,
          28.6690286
        ],
        [
          77.1390688,
          28.6690414
        ],
        [
          77.1390043,
          28.668982
        ],
        [
          77.1388837,
          28.6688621
        ],
        [
          77.1391072,
          28.6688437
        ],
        [
          77.1391311,
          28.6690286
        ]
      ]
    ]
  }
},
{
  "type": "Feature",
  "id": "way/350556504",
  "properties": {
    "building": "yes",
    "id": "way/350556504"
  },
  "geometry": {
    "type": "Polygon",
    "coordinates": [
      [
        [
          77.1374689,
          28.6686347
        ],
        [
          77.1373639,
          28.6685566
        ],
        [
          77.137525,
          28.6683897
        ],
        [
          77.1375785,
          28.6684295
        ],
        [
          77.1374988,
          28.6685121
        ],
        [
          77.1375503,
          28.6685504
        ],
        [
          77.1374689,
          28.6686347
        ]
      ]
    ]
  }
},
{
  "type": "Feature",
  "id": "way/350556505",
  "properties": {
    "building": "yes",
    "id": "way/350556505"
  },
  "geometry": {
    "type": "Polygon",
    "coordinates": [
      [
        [
          77.1376347,
          28.668222
        ],
        [
          77.1375372,
          28.6681449
        ],
        [
          77.1376427,
          28.6680452
        ],
        [
          77.1378039,
          28.66818
        ],
        [
          77.1377406,
          28.6682384
        ],
        [
          77.1376787,
          28.6681867
        ],
        [
          77.1376347,
          28.668222
        ]
      ]
    ]
  }
},
{
  "type": "Feature",
  "id": "way/350556507",
  "properties": {
    "building": "yes",
    "id": "way/350556507"
  },
  "geometry": {
    "type": "Polygon",
    "coordinates": [
      [
        [
          77.1406134,
          28.6721431
        ],
        [
          77.1407818,
          28.6720884
        ],
        [
          77.1408319,
          28.6722074
        ],
        [
          77.1405742,
          28.6722911
        ],
        [
          77.1405416,
          28.6722138
        ],
        [
          77.140631,
          28.6721847
        ],
        [
          77.1406134,
          28.6721431
        ]
      ]
    ]
  }
},
{
  "type": "Feature",
  "id": "way/350556508",
  "properties": {
    "building": "yes",
    "id": "way/350556508"
  },
  "geometry": {
    "type": "Polygon",
    "coordinates": [
      [
        [
          77.1404443,
          28.6716792
        ],
        [
          77.140408,
          28.6715982
        ],
        [
          77.1404664,
          28.6715781
        ],
        [
          77.140434,
          28.6715058
        ],
        [
          77.1405308,
          28.6714725
        ],
        [
          77.1405994,
          28.6716257
        ],
        [
          77.1404443,
          28.6716792
        ]
      ]
    ]
  }
},
{
  "type": "Feature",
  "id": "way/350556509",
  "properties": {
    "building": "yes",
    "id": "way/350556509"
  },
  "geometry": {
    "type": "Polygon",
    "coordinates": [
      [
        [
          77.138703,
          28.6698941
        ],
        [
          77.1389314,
          28.6697625
        ],
        [
          77.1389109,
          28.6697352
        ],
        [
          77.1389914,
          28.6696888
        ],
        [
          77.1390889,
          28.669819
        ],
        [
          77.13878,
          28.669997
        ],
        [
          77.138703,
          28.6698941
        ]
      ]
    ]
  }
},
{
  "type": "Feature",
  "id": "way/350556510",
  "properties": {
    "building": "yes",
    "id": "way/350556510"
  },
  "geometry": {
    "type": "Polygon",
    "coordinates": [
      [
        [
          77.1414179,
          28.6720727
        ],
        [
          77.14163,
          28.6720064
        ],
        [
          77.1416861,
          28.6721446
        ],
        [
          77.1415913,
          28.6721742
        ],
        [
          77.1415839,
          28.6721562
        ],
        [
          77.1414666,
          28.6721928
        ],
        [
          77.1414179,
          28.6720727
        ]
      ]
    ]
  }
},
{
  "type": "Feature",
  "id": "way/350556511",
  "properties": {
    "building": "yes",
    "id": "way/350556511"
  },
  "geometry": {
    "type": "Polygon",
    "coordinates": [
      [
        [
          77.1389134,
          28.6701965
        ],
        [
          77.1392331,
          28.6700362
        ],
        [
          77.1392977,
          28.6701353
        ],
        [
          77.1392564,
          28.670156
        ],
        [
          77.1393096,
          28.6702376
        ],
        [
          77.1390312,
          28.6703773
        ],
        [
          77.1389134,
          28.6701965
        ]
      ]
    ]
  }
},
{
  "type": "Feature",
  "id": "way/350556514",
  "properties": {
    "building": "yes",
    "id": "way/350556514"
  },
  "geometry": {
    "type": "Polygon",
    "coordinates": [
      [
        [
          77.138087,
          28.669152
        ],
        [
          77.1382985,
          28.6690042
        ],
        [
          77.1384058,
          28.6691224
        ],
        [
          77.1383174,
          28.6691842
        ],
        [
          77.1382842,
          28.6691475
        ],
        [
          77.1382339,
          28.6691826
        ],
        [
          77.1382672,
          28.6692193
        ],
        [
          77.1381943,
          28.6692702
        ],
        [
          77.138087,
          28.669152
        ]
      ]
    ]
  }
},
{
  "type": "Feature",
  "id": "way/350556515",
  "properties": {
    "building": "yes",
    "id": "way/350556515"
  },
  "geometry": {
    "type": "Polygon",
    "coordinates": [
      [
        [
          77.1383274,
          28.6694026
        ],
        [
          77.1382418,
          28.6693113
        ],
        [
          77.138336,
          28.6692433
        ],
        [
          77.1383638,
          28.669273
        ],
        [
          77.1384099,
          28.6692397
        ],
        [
          77.1383821,
          28.6692101
        ],
        [
          77.1384696,
          28.6691468
        ],
        [
          77.1385552,
          28.6692381
        ],
        [
          77.1383274,
          28.6694026
        ]
      ]
    ]
  }
},
{
  "type": "Feature",
  "id": "way/350556517",
  "properties": {
    "building": "yes",
    "id": "way/350556517"
  },
  "geometry": {
    "type": "Polygon",
    "coordinates": [
      [
        [
          77.1381882,
          28.6676315
        ],
        [
          77.1384891,
          28.6678781
        ],
        [
          77.1383431,
          28.6680153
        ],
        [
          77.1382212,
          28.6679154
        ],
        [
          77.1382436,
          28.6678943
        ],
        [
          77.1381894,
          28.6678499
        ],
        [
          77.138167,
          28.667871
        ],
        [
          77.1380422,
          28.6677687
        ],
        [
          77.1381882,
          28.6676315
        ]
      ]
    ]
  }
},
{
  "type": "Feature",
  "id": "way/350556519",
  "properties": {
    "building": "yes",
    "id": "way/350556519"
  },
  "geometry": {
    "type": "Polygon",
    "coordinates": [
      [
        [
          77.1384598,
          28.6695663
        ],
        [
          77.1383561,
          28.6694454
        ],
        [
          77.1384366,
          28.6693923
        ],
        [
          77.1384728,
          28.6694344
        ],
        [
          77.1385044,
          28.6694136
        ],
        [
          77.1384682,
          28.6693714
        ],
        [
          77.1385474,
          28.6693191
        ],
        [
          77.1386511,
          28.66944
        ],
        [
          77.1384598,
          28.6695663
        ]
      ]
    ]
  }
},
{
  "type": "Feature",
  "id": "way/350581839",
  "properties": {
    "building": "yes",
    "id": "way/350581839"
  },
  "geometry": {
    "type": "Polygon",
    "coordinates": [
      [
        [
          77.1261284,
          28.6658427
        ],
        [
          77.126359,
          28.6658113
        ],
        [
          77.12638,
          28.6659297
        ],
        [
          77.1261493,
          28.6659611
        ],
        [
          77.1261284,
          28.6658427
        ]
      ]
    ]
  }
},
{
  "type": "Feature",
  "id": "way/350581849",
  "properties": {
    "building": "yes",
    "id": "way/350581849"
  },
  "geometry": {
    "type": "Polygon",
    "coordinates": [
      [
        [
          77.1269089,
          28.6654977
        ],
        [
          77.1271863,
          28.6654665
        ],
        [
          77.1272085,
          28.6656176
        ],
        [
          77.126931,
          28.6656489
        ],
        [
          77.1269089,
          28.6654977
        ]
      ]
    ]
  }
},
{
  "type": "Feature",
  "id": "way/350581928",
  "properties": {
    "building": "yes",
    "id": "way/350581928"
  },
  "geometry": {
    "type": "Polygon",
    "coordinates": [
      [
        [
          77.1260833,
          28.6655856
        ],
        [
          77.1263338,
          28.6655542
        ],
        [
          77.1263496,
          28.6656509
        ],
        [
          77.126099,
          28.6656823
        ],
        [
          77.1260833,
          28.6655856
        ]
      ]
    ]
  }
},
{
  "type": "Feature",
  "id": "way/350582003",
  "properties": {
    "building": "yes",
    "id": "way/350582003"
  },
  "geometry": {
    "type": "Polygon",
    "coordinates": [
      [
        [
          77.1260806,
          28.6654367
        ],
        [
          77.1260634,
          28.6653257
        ],
        [
          77.1263074,
          28.6652967
        ],
        [
          77.1263246,
          28.6654076
        ],
        [
          77.1260806,
          28.6654367
        ]
      ]
    ]
  }
},
{
  "type": "Feature",
  "id": "way/350582026",
  "properties": {
    "building": "yes",
    "id": "way/350582026"
  },
  "geometry": {
    "type": "Polygon",
    "coordinates": [
      [
        [
          77.1239478,
          28.6685373
        ],
        [
          77.1241612,
          28.6685094
        ],
        [
          77.1241806,
          28.6686232
        ],
        [
          77.1239671,
          28.6686511
        ],
        [
          77.1239478,
          28.6685373
        ]
      ]
    ]
  }
},
{
  "type": "Feature",
  "id": "way/350582082",
  "properties": {
    "building": "yes",
    "id": "way/350582082"
  },
  "geometry": {
    "type": "Polygon",
    "coordinates": [
      [
        [
          77.1261098,
          28.6656984
        ],
        [
          77.1263643,
          28.6656659
        ],
        [
          77.1263828,
          28.665777
        ],
        [
          77.1261283,
          28.6658095
        ],
        [
          77.1261098,
          28.6656984
        ]
      ]
    ]
  }
},
{
  "type": "Feature",
  "id": "way/350582116",
  "properties": {
    "building": "yes",
    "id": "way/350582116"
  },
  "geometry": {
    "type": "Polygon",
    "coordinates": [
      [
        [
          77.1239345,
          28.6684221
        ],
        [
          77.1241533,
          28.6684
        ],
        [
          77.1241646,
          28.6684861
        ],
        [
          77.1239458,
          28.6685082
        ],
        [
          77.1239345,
          28.6684221
        ]
      ]
    ]
  }
},
{
  "type": "Feature",
  "id": "way/350582208",
  "properties": {
    "building": "yes",
    "id": "way/350582208"
  },
  "geometry": {
    "type": "Polygon",
    "coordinates": [
      [
        [
          77.1266056,
          28.6658171
        ],
        [
          77.1268389,
          28.6657973
        ],
        [
          77.1268497,
          28.6658954
        ],
        [
          77.1266164,
          28.6659151
        ],
        [
          77.1266056,
          28.6658171
        ]
      ]
    ]
  }
},
{
  "type": "Feature",
  "id": "way/350582244",
  "properties": {
    "building": "yes",
    "id": "way/350582244"
  },
  "geometry": {
    "type": "Polygon",
    "coordinates": [
      [
        [
          77.1260488,
          28.6652215
        ],
        [
          77.1262689,
          28.665189
        ],
        [
          77.1262859,
          28.6652778
        ],
        [
          77.1260659,
          28.6653103
        ],
        [
          77.1260488,
          28.6652215
        ]
      ]
    ]
  }
},
{
  "type": "Feature",
  "id": "way/350582297",
  "properties": {
    "building": "yes",
    "id": "way/350582297"
  },
  "geometry": {
    "type": "Polygon",
    "coordinates": [
      [
        [
          77.1269044,
          28.6658834
        ],
        [
          77.127098,
          28.6658543
        ],
        [
          77.1271311,
          28.6660241
        ],
        [
          77.1269376,
          28.6660532
        ],
        [
          77.1269044,
          28.6658834
        ]
      ]
    ]
  }
},
{
  "type": "Feature",
  "id": "way/350582322",
  "properties": {
    "building": "yes",
    "id": "way/350582322"
  },
  "geometry": {
    "type": "Polygon",
    "coordinates": [
      [
        [
          77.127151,
          28.6660229
        ],
        [
          77.1271271,
          28.6658415
        ],
        [
          77.1273065,
          28.6658233
        ],
        [
          77.1273304,
          28.6660048
        ],
        [
          77.127151,
          28.6660229
        ]
      ]
    ]
  }
},
{
  "type": "Feature",
  "id": "way/350582452",
  "properties": {
    "building": "yes",
    "id": "way/350582452"
  },
  "geometry": {
    "type": "Polygon",
    "coordinates": [
      [
        [
          77.1265526,
          28.6660858
        ],
        [
          77.1265296,
          28.6659454
        ],
        [
          77.1268438,
          28.6659059
        ],
        [
          77.1268667,
          28.6660462
        ],
        [
          77.1265526,
          28.6660858
        ]
      ]
    ]
  }
},
{
  "type": "Feature",
  "id": "way/350582458",
  "properties": {
    "building": "yes",
    "id": "way/350582458"
  },
  "geometry": {
    "type": "Polygon",
    "coordinates": [
      [
        [
          77.1261535,
          28.6659753
        ],
        [
          77.1263603,
          28.6659543
        ],
        [
          77.1263728,
          28.6660489
        ],
        [
          77.126166,
          28.6660698
        ],
        [
          77.1261535,
          28.6659753
        ]
      ]
    ]
  }
},
{
  "type": "Feature",
  "id": "way/350582495",
  "properties": {
    "building": "yes",
    "id": "way/350582495"
  },
  "geometry": {
    "type": "Polygon",
    "coordinates": [
      [
        [
          77.123977,
          28.668678
        ],
        [
          77.1241559,
          28.6686501
        ],
        [
          77.1241769,
          28.6687536
        ],
        [
          77.1239979,
          28.6687815
        ],
        [
          77.123977,
          28.668678
        ]
      ]
    ]
  }
},
{
  "type": "Feature",
  "id": "way/350731425",
  "properties": {
    "building": "yes",
    "id": "way/350731425"
  },
  "geometry": {
    "type": "Polygon",
    "coordinates": [
      [
        [
          77.1435009,
          28.6687714
        ],
        [
          77.1434817,
          28.6685901
        ],
        [
          77.1435794,
          28.6685821
        ],
        [
          77.1435986,
          28.6687635
        ],
        [
          77.1435009,
          28.6687714
        ]
      ]
    ]
  }
},
{
  "type": "Feature",
  "id": "way/350731486",
  "properties": {
    "building": "yes",
    "id": "way/350731486"
  },
  "geometry": {
    "type": "Polygon",
    "coordinates": [
      [
        [
          77.1297356,
          28.6786802
        ],
        [
          77.129734,
          28.6785359
        ],
        [
          77.1299145,
          28.6785344
        ],
        [
          77.1299161,
          28.6786787
        ],
        [
          77.1297356,
          28.6786802
        ]
      ]
    ]
  }
},
{
  "type": "Feature",
  "id": "way/350731507",
  "properties": {
    "building": "yes",
    "id": "way/350731507"
  },
  "geometry": {
    "type": "Polygon",
    "coordinates": [
      [
        [
          77.1428973,
          28.6690819
        ],
        [
          77.1428792,
          28.6689253
        ],
        [
          77.142969,
          28.6689173
        ],
        [
          77.1429871,
          28.6690739
        ],
        [
          77.1428973,
          28.6690819
        ]
      ]
    ]
  }
},
{
  "type": "Feature",
  "id": "way/350731509",
  "properties": {
    "building": "yes",
    "id": "way/350731509"
  },
  "geometry": {
    "type": "Polygon",
    "coordinates": [
      [
        [
          77.1436098,
          28.668756
        ],
        [
          77.1435891,
          28.6685893
        ],
        [
          77.143689,
          28.6685797
        ],
        [
          77.1437098,
          28.6687465
        ],
        [
          77.1436098,
          28.668756
        ]
      ]
    ]
  }
},
{
  "type": "Feature",
  "id": "way/350731512",
  "properties": {
    "building": "yes",
    "id": "way/350731512"
  },
  "geometry": {
    "type": "Polygon",
    "coordinates": [
      [
        [
          77.1429844,
          28.6688367
        ],
        [
          77.142962,
          28.668658
        ],
        [
          77.1430382,
          28.6686507
        ],
        [
          77.1430606,
          28.6688293
        ],
        [
          77.1429844,
          28.6688367
        ]
      ]
    ]
  }
},
{
  "type": "Feature",
  "id": "way/350731520",
  "properties": {
    "building": "yes",
    "id": "way/350731520"
  },
  "geometry": {
    "type": "Polygon",
    "coordinates": [
      [
        [
          77.1430728,
          28.6688257
        ],
        [
          77.1430501,
          28.6686552
        ],
        [
          77.1431574,
          28.6686442
        ],
        [
          77.14318,
          28.6688148
        ],
        [
          77.1430728,
          28.6688257
        ]
      ]
    ]
  }
},
{
  "type": "Feature",
  "id": "way/350731521",
  "properties": {
    "building": "yes",
    "id": "way/350731521"
  },
  "geometry": {
    "type": "Polygon",
    "coordinates": [
      [
        [
          77.12996,
          28.6786599
        ],
        [
          77.129948,
          28.6785317
        ],
        [
          77.1301368,
          28.6785181
        ],
        [
          77.1301488,
          28.6786463
        ],
        [
          77.12996,
          28.6786599
        ]
      ]
    ]
  }
},
{
  "type": "Feature",
  "id": "way/350731523",
  "properties": {
    "building": "yes",
    "id": "way/350731523"
  },
  "geometry": {
    "type": "Polygon",
    "coordinates": [
      [
        [
          77.1368021,
          28.6653565
        ],
        [
          77.1370576,
          28.6654896
        ],
        [
          77.136951,
          28.6656472
        ],
        [
          77.1366955,
          28.665514
        ],
        [
          77.1368021,
          28.6653565
        ]
      ]
    ]
  }
},
{
  "type": "Feature",
  "id": "way/350731528",
  "properties": {
    "building": "yes",
    "id": "way/350731528"
  },
  "geometry": {
    "type": "Polygon",
    "coordinates": [
      [
        [
          77.1295148,
          28.6789925
        ],
        [
          77.1295095,
          28.6789228
        ],
        [
          77.1296764,
          28.678913
        ],
        [
          77.1296818,
          28.6789826
        ],
        [
          77.1295148,
          28.6789925
        ]
      ]
    ]
  }
},
{
  "type": "Feature",
  "id": "way/350731537",
  "properties": {
    "building": "yes",
    "id": "way/350731537"
  },
  "geometry": {
    "type": "Polygon",
    "coordinates": [
      [
        [
          77.1432397,
          28.6690485
        ],
        [
          77.1432166,
          28.6688916
        ],
        [
          77.1433016,
          28.6688819
        ],
        [
          77.1433247,
          28.6690389
        ],
        [
          77.1432397,
          28.6690485
        ]
      ]
    ]
  }
},
{
  "type": "Feature",
  "id": "way/350731539",
  "properties": {
    "building": "yes",
    "id": "way/350731539"
  },
  "geometry": {
    "type": "Polygon",
    "coordinates": [
      [
        [
          77.1433948,
          28.6687898
        ],
        [
          77.1433724,
          28.668623
        ],
        [
          77.1434664,
          28.6686133
        ],
        [
          77.1434887,
          28.6687801
        ],
        [
          77.1433948,
          28.6687898
        ]
      ]
    ]
  }
},
{
  "type": "Feature",
  "id": "way/350731540",
  "properties": {
    "building": "yes",
    "id": "way/350731540"
  },
  "geometry": {
    "type": "Polygon",
    "coordinates": [
      [
        [
          77.1367633,
          28.6650127
        ],
        [
          77.1368863,
          28.6648347
        ],
        [
          77.1370702,
          28.6649325
        ],
        [
          77.1369472,
          28.6651105
        ],
        [
          77.1367633,
          28.6650127
        ]
      ]
    ]
  }
},
{
  "type": "Feature",
  "id": "way/350731542",
  "properties": {
    "building": "yes",
    "id": "way/350731542"
  },
  "geometry": {
    "type": "Polygon",
    "coordinates": [
      [
        [
          77.1297401,
          28.6789784
        ],
        [
          77.1297351,
          28.678875
        ],
        [
          77.1299076,
          28.6788687
        ],
        [
          77.1299126,
          28.6789721
        ],
        [
          77.1297401,
          28.6789784
        ]
      ]
    ]
  }
},
{
  "type": "Feature",
  "id": "way/350731546",
  "properties": {
    "building": "yes",
    "id": "way/350731546"
  },
  "geometry": {
    "type": "Polygon",
    "coordinates": [
      [
        [
          77.1430182,
          28.6690848
        ],
        [
          77.142991,
          28.6689194
        ],
        [
          77.1430886,
          28.6689071
        ],
        [
          77.1431157,
          28.6690725
        ],
        [
          77.1430182,
          28.6690848
        ]
      ]
    ]
  }
},
{
  "type": "Feature",
  "id": "way/350731570",
  "properties": {
    "building": "yes",
    "id": "way/350731570"
  },
  "geometry": {
    "type": "Polygon",
    "coordinates": [
      [
        [
          77.1295894,
          28.6786998
        ],
        [
          77.1295831,
          28.6785408
        ],
        [
          77.1297141,
          28.6785367
        ],
        [
          77.1297205,
          28.6786958
        ],
        [
          77.1295894,
          28.6786998
        ]
      ]
    ]
  }
},
{
  "type": "Feature",
  "id": "way/350731581",
  "properties": {
    "building": "yes",
    "id": "way/350731581"
  },
  "geometry": {
    "type": "Polygon",
    "coordinates": [
      [
        [
          77.1431269,
          28.6690766
        ],
        [
          77.1431094,
          28.6689222
        ],
        [
          77.14321,
          28.6689134
        ],
        [
          77.1432275,
          28.6690678
        ],
        [
          77.1431269,
          28.6690766
        ]
      ]
    ]
  }
},
{
  "type": "Feature",
  "id": "way/350731584",
  "properties": {
    "building": "yes",
    "id": "way/350731584"
  },
  "geometry": {
    "type": "Polygon",
    "coordinates": [
      [
        [
          77.1432894,
          28.6687996
        ],
        [
          77.1432702,
          28.6686328
        ],
        [
          77.1433616,
          28.6686247
        ],
        [
          77.1433808,
          28.6687915
        ],
        [
          77.1432894,
          28.6687996
        ]
      ]
    ]
  }
},
{
  "type": "Feature",
  "id": "way/350731591",
  "properties": {
    "building": "yes",
    "id": "way/350731591"
  },
  "geometry": {
    "type": "Polygon",
    "coordinates": [
      [
        [
          77.1428591,
          28.6688419
        ],
        [
          77.1428487,
          28.6686997
        ],
        [
          77.1429468,
          28.6686942
        ],
        [
          77.1429571,
          28.6688364
        ],
        [
          77.1428591,
          28.6688419
        ]
      ]
    ]
  }
},
{
  "type": "Feature",
  "id": "way/350731597",
  "properties": {
    "building": "yes",
    "id": "way/350731597"
  },
  "geometry": {
    "type": "Polygon",
    "coordinates": [
      [
        [
          77.1431943,
          28.6688173
        ],
        [
          77.143176,
          28.6686552
        ],
        [
          77.1432606,
          28.6686479
        ],
        [
          77.1432789,
          28.66881
        ],
        [
          77.1431943,
          28.6688173
        ]
      ]
    ]
  }
},
{
  "type": "Feature",
  "id": "way/350731608",
  "properties": {
    "building": "yes",
    "id": "way/350731608"
  },
  "geometry": {
    "type": "Polygon",
    "coordinates": [
      [
        [
          77.1292968,
          28.6790135
        ],
        [
          77.1292921,
          28.6789441
        ],
        [
          77.1294534,
          28.6789357
        ],
        [
          77.1294581,
          28.6790051
        ],
        [
          77.1292968,
          28.6790135
        ]
      ]
    ]
  }
},
{
  "type": "Feature",
  "id": "way/350731610",
  "properties": {
    "building": "yes",
    "id": "way/350731610"
  },
  "geometry": {
    "type": "Polygon",
    "coordinates": [
      [
        [
          77.1434427,
          28.6690262
        ],
        [
          77.1434164,
          28.6688601
        ],
        [
          77.1434992,
          28.66885
        ],
        [
          77.1435255,
          28.6690161
        ],
        [
          77.1434427,
          28.6690262
        ]
      ]
    ]
  }
},
{
  "type": "Feature",
  "id": "way/350731612",
  "properties": {
    "building": "yes",
    "id": "way/350731612"
  },
  "geometry": {
    "type": "Polygon",
    "coordinates": [
      [
        [
          77.1279008,
          28.676938
        ],
        [
          77.127896,
          28.6768189
        ],
        [
          77.1280759,
          28.6768133
        ],
        [
          77.1280807,
          28.6769325
        ],
        [
          77.1279008,
          28.676938
        ]
      ]
    ]
  }
},
{
  "type": "Feature",
  "id": "way/350731616",
  "properties": {
    "building": "yes",
    "id": "way/350731616"
  },
  "geometry": {
    "type": "Polygon",
    "coordinates": [
      [
        [
          77.1433357,
          28.6690381
        ],
        [
          77.1433102,
          28.6688713
        ],
        [
          77.143408,
          28.6688598
        ],
        [
          77.1434335,
          28.6690265
        ],
        [
          77.1433357,
          28.6690381
        ]
      ]
    ]
  }
},
{
  "type": "Feature",
  "id": "way/350731619",
  "properties": {
    "building": "yes",
    "id": "way/350731619"
  },
  "geometry": {
    "type": "Polygon",
    "coordinates": [
      [
        [
          77.1303196,
          28.678639
        ],
        [
          77.1303116,
          28.678539
        ],
        [
          77.1304153,
          28.6785327
        ],
        [
          77.1304118,
          28.678488
        ],
        [
          77.1304463,
          28.6784859
        ],
        [
          77.1304577,
          28.6786306
        ],
        [
          77.1303196,
          28.678639
        ]
      ]
    ]
  }
},
{
  "type": "Feature",
  "id": "way/350750170",
  "properties": {
    "building": "yes",
    "id": "way/350750170"
  },
  "geometry": {
    "type": "Polygon",
    "coordinates": [
      [
        [
          77.1385882,
          28.6642945
        ],
        [
          77.1386928,
          28.6641487
        ],
        [
          77.1388151,
          28.6642163
        ],
        [
          77.1387104,
          28.6643621
        ],
        [
          77.1385882,
          28.6642945
        ]
      ]
    ]
  }
},
{
  "type": "Feature",
  "id": "way/350750174",
  "properties": {
    "building": "yes",
    "id": "way/350750174"
  },
  "geometry": {
    "type": "Polygon",
    "coordinates": [
      [
        [
          77.1384126,
          28.6655942
        ],
        [
          77.1385204,
          28.6654464
        ],
        [
          77.1386016,
          28.665492
        ],
        [
          77.1384938,
          28.6656398
        ],
        [
          77.1384126,
          28.6655942
        ]
      ]
    ]
  }
},
{
  "type": "Feature",
  "id": "way/350750182",
  "properties": {
    "building": "yes",
    "id": "way/350750182"
  },
  "geometry": {
    "type": "Polygon",
    "coordinates": [
      [
        [
          77.138189,
          28.6654317
        ],
        [
          77.1382712,
          28.6653174
        ],
        [
          77.1383432,
          28.6653573
        ],
        [
          77.1382609,
          28.6654715
        ],
        [
          77.138189,
          28.6654317
        ]
      ]
    ]
  }
},
{
  "type": "Feature",
  "id": "way/350750186",
  "properties": {
    "building": "yes",
    "id": "way/350750186"
  },
  "geometry": {
    "type": "Polygon",
    "coordinates": [
      [
        [
          77.1383519,
          28.6655305
        ],
        [
          77.1384342,
          28.6654148
        ],
        [
          77.1384981,
          28.6654498
        ],
        [
          77.1384158,
          28.6655655
        ],
        [
          77.1383519,
          28.6655305
        ]
      ]
    ]
  }
},
{
  "type": "Feature",
  "id": "way/350750200",
  "properties": {
    "building": "yes",
    "id": "way/350750200"
  },
  "geometry": {
    "type": "Polygon",
    "coordinates": [
      [
        [
          77.1388115,
          28.6644159
        ],
        [
          77.1389193,
          28.6642715
        ],
        [
          77.1390383,
          28.6643399
        ],
        [
          77.1389305,
          28.6644843
        ],
        [
          77.1388115,
          28.6644159
        ]
      ]
    ]
  }
},
{
  "type": "Feature",
  "id": "way/350750208",
  "properties": {
    "building": "yes",
    "id": "way/350750208"
  },
  "geometry": {
    "type": "Polygon",
    "coordinates": [
      [
        [
          77.1387184,
          28.664373
        ],
        [
          77.1388134,
          28.6642455
        ],
        [
          77.138884,
          28.6642859
        ],
        [
          77.1387889,
          28.6644135
        ],
        [
          77.1387184,
          28.664373
        ]
      ]
    ]
  }
},
{
  "type": "Feature",
  "id": "way/350750226",
  "properties": {
    "building": "yes",
    "id": "way/350750226"
  },
  "geometry": {
    "type": "Polygon",
    "coordinates": [
      [
        [
          77.1389907,
          28.6648001
        ],
        [
          77.1390977,
          28.6646522
        ],
        [
          77.1391671,
          28.6646909
        ],
        [
          77.1390601,
          28.6648387
        ],
        [
          77.1389907,
          28.6648001
        ]
      ]
    ]
  }
},
{
  "type": "Feature",
  "id": "way/350750229",
  "properties": {
    "building": "yes",
    "id": "way/350750229"
  },
  "geometry": {
    "type": "Polygon",
    "coordinates": [
      [
        [
          77.1390953,
          28.6648064
        ],
        [
          77.1391808,
          28.6646977
        ],
        [
          77.1392812,
          28.6647586
        ],
        [
          77.1391958,
          28.6648672
        ],
        [
          77.1390953,
          28.6648064
        ]
      ]
    ]
  }
},
{
  "type": "Feature",
  "id": "way/350750232",
  "properties": {
    "building": "yes",
    "id": "way/350750232"
  },
  "geometry": {
    "type": "Polygon",
    "coordinates": [
      [
        [
          77.1381099,
          28.6653917
        ],
        [
          77.1381954,
          28.6652789
        ],
        [
          77.1382586,
          28.6653158
        ],
        [
          77.1381732,
          28.6654286
        ],
        [
          77.1381099,
          28.6653917
        ]
      ]
    ]
  }
},
{
  "type": "Feature",
  "id": "way/350750235",
  "properties": {
    "building": "yes",
    "id": "way/350750235"
  },
  "geometry": {
    "type": "Polygon",
    "coordinates": [
      [
        [
          77.1382728,
          28.665487
        ],
        [
          77.1383495,
          28.6653784
        ],
        [
          77.1384206,
          28.665417
        ],
        [
          77.1383439,
          28.6655257
        ],
        [
          77.1382728,
          28.665487
        ]
      ]
    ]
  }
},
{
  "type": "Feature",
  "id": "way/350750239",
  "properties": {
    "building": "yes",
    "id": "way/350750239"
  },
  "geometry": {
    "type": "Polygon",
    "coordinates": [
      [
        [
          77.1385268,
          28.6656096
        ],
        [
          77.1385979,
          28.6655087
        ],
        [
          77.1387023,
          28.6655654
        ],
        [
          77.1386312,
          28.6656663
        ],
        [
          77.1385268,
          28.6656096
        ]
      ]
    ]
  }
},
{
  "type": "Feature",
  "id": "way/350750248",
  "properties": {
    "building": "yes",
    "id": "way/350750248"
  },
  "geometry": {
    "type": "Polygon",
    "coordinates": [
      [
        [
          77.1386289,
          28.6646694
        ],
        [
          77.1387711,
          28.6647521
        ],
        [
          77.1387189,
          28.6648211
        ],
        [
          77.1385768,
          28.6647384
        ],
        [
          77.1386289,
          28.6646694
        ]
      ]
    ]
  }
},
{
  "type": "Feature",
  "id": "way/350750272",
  "properties": {
    "building": "yes",
    "id": "way/350750272"
  },
  "geometry": {
    "type": "Polygon",
    "coordinates": [
      [
        [
          77.1388437,
          28.664691
        ],
        [
          77.1389412,
          28.6645653
        ],
        [
          77.1390841,
          28.6646506
        ],
        [
          77.139001,
          28.6647577
        ],
        [
          77.1389425,
          28.6647228
        ],
        [
          77.1389281,
          28.6647414
        ],
        [
          77.1388437,
          28.664691
        ]
      ]
    ]
  }
},
{
  "type": "Feature",
  "id": "way/350750276",
  "properties": {
    "building": "yes",
    "id": "way/350750276"
  },
  "geometry": {
    "type": "Polygon",
    "coordinates": [
      [
        [
          77.1386539,
          28.6654276
        ],
        [
          77.1387066,
          28.6653575
        ],
        [
          77.1388142,
          28.6654198
        ],
        [
          77.1387382,
          28.6655208
        ],
        [
          77.1386774,
          28.6654856
        ],
        [
          77.1387007,
          28.6654546
        ],
        [
          77.1386539,
          28.6654276
        ]
      ]
    ]
  }
},
{
  "type": "Feature",
  "id": "way/350808466",
  "properties": {
    "building": "yes",
    "id": "way/350808466"
  },
  "geometry": {
    "type": "Polygon",
    "coordinates": [
      [
        [
          77.1426353,
          28.6673438
        ],
        [
          77.1428398,
          28.6673248
        ],
        [
          77.1428536,
          28.6674397
        ],
        [
          77.1426491,
          28.6674586
        ],
        [
          77.1426353,
          28.6673438
        ]
      ]
    ]
  }
},
{
  "type": "Feature",
  "id": "way/350808489",
  "properties": {
    "building": "yes",
    "id": "way/350808489"
  },
  "geometry": {
    "type": "Polygon",
    "coordinates": [
      [
        [
          77.139352,
          28.6689956
        ],
        [
          77.1393321,
          28.6688162
        ],
        [
          77.1394154,
          28.6688091
        ],
        [
          77.1394354,
          28.6689885
        ],
        [
          77.139352,
          28.6689956
        ]
      ]
    ]
  }
},
{
  "type": "Feature",
  "id": "way/350808492",
  "properties": {
    "building": "yes",
    "id": "way/350808492"
  },
  "geometry": {
    "type": "Polygon",
    "coordinates": [
      [
        [
          77.1430186,
          28.6674378
        ],
        [
          77.1429977,
          28.6673229
        ],
        [
          77.1431974,
          28.6672949
        ],
        [
          77.1432183,
          28.6674098
        ],
        [
          77.1430186,
          28.6674378
        ]
      ]
    ]
  }
},
{
  "type": "Feature",
  "id": "way/350808495",
  "properties": {
    "building": "yes",
    "id": "way/350808495"
  },
  "geometry": {
    "type": "Polygon",
    "coordinates": [
      [
        [
          77.1403807,
          28.6694172
        ],
        [
          77.1403512,
          28.6692406
        ],
        [
          77.1404489,
          28.669228
        ],
        [
          77.1404785,
          28.6694046
        ],
        [
          77.1403807,
          28.6694172
        ]
      ]
    ]
  }
},
{
  "type": "Feature",
  "id": "way/350808496",
  "properties": {
    "building": "yes",
    "id": "way/350808496"
  },
  "geometry": {
    "type": "Polygon",
    "coordinates": [
      [
        [
          77.1396588,
          28.6689656
        ],
        [
          77.1396301,
          28.66878
        ],
        [
          77.1397208,
          28.6687691
        ],
        [
          77.1397495,
          28.6689548
        ],
        [
          77.1396588,
          28.6689656
        ]
      ]
    ]
  }
},
{
  "type": "Feature",
  "id": "way/350808497",
  "properties": {
    "building": "yes",
    "id": "way/350808497"
  },
  "geometry": {
    "type": "Polygon",
    "coordinates": [
      [
        [
          77.1427251,
          28.6679167
        ],
        [
          77.1427137,
          28.6678537
        ],
        [
          77.1429204,
          28.6678249
        ],
        [
          77.1429318,
          28.667888
        ],
        [
          77.1427251,
          28.6679167
        ]
      ]
    ]
  }
},
{
  "type": "Feature",
  "id": "way/350808498",
  "properties": {
    "building": "yes",
    "id": "way/350808498"
  },
  "geometry": {
    "type": "Polygon",
    "coordinates": [
      [
        [
          77.1410544,
          28.6690806
        ],
        [
          77.141048,
          28.668953
        ],
        [
          77.1411304,
          28.6689499
        ],
        [
          77.1411368,
          28.6690774
        ],
        [
          77.1410544,
          28.6690806
        ]
      ]
    ]
  }
},
{
  "type": "Feature",
  "id": "way/350808501",
  "properties": {
    "building": "yes",
    "id": "way/350808501"
  },
  "geometry": {
    "type": "Polygon",
    "coordinates": [
      [
        [
          77.1436564,
          28.6695991
        ],
        [
          77.1436117,
          28.669393
        ],
        [
          77.1437933,
          28.6693627
        ],
        [
          77.143838,
          28.6695687
        ],
        [
          77.1436564,
          28.6695991
        ]
      ]
    ]
  }
},
{
  "type": "Feature",
  "id": "way/350808502",
  "properties": {
    "building": "yes",
    "id": "way/350808502"
  },
  "geometry": {
    "type": "Polygon",
    "coordinates": [
      [
        [
          77.1427016,
          28.6677125
        ],
        [
          77.1426924,
          28.6676576
        ],
        [
          77.1428833,
          28.6676331
        ],
        [
          77.1428925,
          28.667688
        ],
        [
          77.1427016,
          28.6677125
        ]
      ]
    ]
  }
},
{
  "type": "Feature",
  "id": "way/350808503",
  "properties": {
    "building": "yes",
    "id": "way/350808503"
  },
  "geometry": {
    "type": "Polygon",
    "coordinates": [
      [
        [
          77.1390044,
          28.6687979
        ],
        [
          77.1389166,
          28.6688071
        ],
        [
          77.1388942,
          28.6686424
        ],
        [
          77.138982,
          28.6686332
        ],
        [
          77.1390044,
          28.6687979
        ]
      ]
    ]
  }
},
{
  "type": "Feature",
  "id": "way/350808508",
  "properties": {
    "building": "yes",
    "id": "way/350808508"
  },
  "geometry": {
    "type": "Polygon",
    "coordinates": [
      [
        [
          77.1397298,
          28.6687052
        ],
        [
          77.1397114,
          28.6685447
        ],
        [
          77.1397902,
          28.6685378
        ],
        [
          77.1398086,
          28.6686982
        ],
        [
          77.1397298,
          28.6687052
        ]
      ]
    ]
  }
},
{
  "type": "Feature",
  "id": "way/350808516",
  "properties": {
    "building": "yes",
    "id": "way/350808516"
  },
  "geometry": {
    "type": "Polygon",
    "coordinates": [
      [
        [
          77.1402316,
          28.6691742
        ],
        [
          77.1402132,
          28.66902
        ],
        [
          77.1403016,
          28.6690119
        ],
        [
          77.14032,
          28.6691661
        ],
        [
          77.1402316,
          28.6691742
        ]
      ]
    ]
  }
},
{
  "type": "Feature",
  "id": "way/350808520",
  "properties": {
    "building": "yes",
    "id": "way/350808520"
  },
  "geometry": {
    "type": "Polygon",
    "coordinates": [
      [
        [
          77.1429598,
          28.669438
        ],
        [
          77.142915,
          28.6692579
        ],
        [
          77.1431243,
          28.6692179
        ],
        [
          77.143169,
          28.669398
        ],
        [
          77.1429598,
          28.669438
        ]
      ]
    ]
  }
},
{
  "type": "Feature",
  "id": "way/350808522",
  "properties": {
    "building": "yes",
    "id": "way/350808522"
  },
  "geometry": {
    "type": "Polygon",
    "coordinates": [
      [
        [
          77.1431505,
          28.6681553
        ],
        [
          77.1431362,
          28.6680762
        ],
        [
          77.1433279,
          28.6680496
        ],
        [
          77.1433421,
          28.6681286
        ],
        [
          77.1431505,
          28.6681553
        ]
      ]
    ]
  }
},
{
  "type": "Feature",
  "id": "way/350808524",
  "properties": {
    "building": "yes",
    "id": "way/350808524"
  },
  "geometry": {
    "type": "Polygon",
    "coordinates": [
      [
        [
          77.1412892,
          28.6690456
        ],
        [
          77.14127,
          28.6688772
        ],
        [
          77.141366,
          28.6688687
        ],
        [
          77.1413852,
          28.6690372
        ],
        [
          77.1412892,
          28.6690456
        ]
      ]
    ]
  }
},
{
  "type": "Feature",
  "id": "way/350808530",
  "properties": {
    "building": "yes",
    "id": "way/350808530"
  },
  "geometry": {
    "type": "Polygon",
    "coordinates": [
      [
        [
          77.1406339,
          28.6691258
        ],
        [
          77.1406195,
          28.6689696
        ],
        [
          77.140712,
          28.668963
        ],
        [
          77.1407264,
          28.6691193
        ],
        [
          77.1406339,
          28.6691258
        ]
      ]
    ]
  }
},
{
  "type": "Feature",
  "id": "way/350808538",
  "properties": {
    "building": "yes",
    "id": "way/350808538"
  },
  "geometry": {
    "type": "Polygon",
    "coordinates": [
      [
        [
          77.1438358,
          28.6695273
        ],
        [
          77.1438038,
          28.6693451
        ],
        [
          77.1440066,
          28.6693178
        ],
        [
          77.1440386,
          28.6695
        ],
        [
          77.1438358,
          28.6695273
        ]
      ]
    ]
  }
},
{
  "type": "Feature",
  "id": "way/350808540",
  "properties": {
    "building": "yes",
    "id": "way/350808540"
  },
  "geometry": {
    "type": "Polygon",
    "coordinates": [
      [
        [
          77.1433893,
          28.6679913
        ],
        [
          77.1433769,
          28.6678834
        ],
        [
          77.143551,
          28.6678679
        ],
        [
          77.1435634,
          28.6679759
        ],
        [
          77.1433893,
          28.6679913
        ]
      ]
    ]
  }
},
{
  "type": "Feature",
  "id": "way/350808543",
  "properties": {
    "building": "yes",
    "id": "way/350808543"
  },
  "geometry": {
    "type": "Polygon",
    "coordinates": [
      [
        [
          77.1417224,
          28.6692415
        ],
        [
          77.1417019,
          28.6690852
        ],
        [
          77.1417927,
          28.669076
        ],
        [
          77.1418132,
          28.6692323
        ],
        [
          77.1417224,
          28.6692415
        ]
      ]
    ]
  }
},
{
  "type": "Feature",
  "id": "way/350808547",
  "properties": {
    "building": "yes",
    "id": "way/350808547"
  },
  "geometry": {
    "type": "Polygon",
    "coordinates": [
      [
        [
          77.1400001,
          28.6680881
        ],
        [
          77.1401869,
          28.6680663
        ],
        [
          77.1401971,
          28.6681333
        ],
        [
          77.1400102,
          28.668155
        ],
        [
          77.1400001,
          28.6680881
        ]
      ]
    ]
  }
},
{
  "type": "Feature",
  "id": "way/350808552",
  "properties": {
    "building": "yes",
    "id": "way/350808552"
  },
  "geometry": {
    "type": "Polygon",
    "coordinates": [
      [
        [
          77.1383442,
          28.6683078
        ],
        [
          77.1382865,
          28.6683258
        ],
        [
          77.1381717,
          28.6681683
        ],
        [
          77.1383276,
          28.6681552
        ],
        [
          77.1383442,
          28.6683078
        ]
      ]
    ]
  }
},
{
  "type": "Feature",
  "id": "way/350808554",
  "properties": {
    "building": "yes",
    "id": "way/350808554"
  },
  "geometry": {
    "type": "Polygon",
    "coordinates": [
      [
        [
          77.1434887,
          28.6693412
        ],
        [
          77.1434647,
          28.6691717
        ],
        [
          77.143557,
          28.6691616
        ],
        [
          77.143581,
          28.6693312
        ],
        [
          77.1434887,
          28.6693412
        ]
      ]
    ]
  }
},
{
  "type": "Feature",
  "id": "way/350808556",
  "properties": {
    "building": "yes",
    "id": "way/350808556"
  },
  "geometry": {
    "type": "Polygon",
    "coordinates": [
      [
        [
          77.141947,
          28.6689595
        ],
        [
          77.1419301,
          28.668795
        ],
        [
          77.1420452,
          28.6687859
        ],
        [
          77.1420621,
          28.6689504
        ],
        [
          77.141947,
          28.6689595
        ]
      ]
    ]
  }
},
{
  "type": "Feature",
  "id": "way/350808557",
  "properties": {
    "building": "yes",
    "id": "way/350808557"
  },
  "geometry": {
    "type": "Polygon",
    "coordinates": [
      [
        [
          77.1401724,
          28.6661892
        ],
        [
          77.1401724,
          28.666105
        ],
        [
          77.1402943,
          28.666105
        ],
        [
          77.1402943,
          28.6661892
        ],
        [
          77.1401724,
          28.6661892
        ]
      ]
    ]
  }
},
{
  "type": "Feature",
  "id": "way/350808558",
  "properties": {
    "building": "yes",
    "id": "way/350808558"
  },
  "geometry": {
    "type": "Polygon",
    "coordinates": [
      [
        [
          77.1435422,
          28.669013
        ],
        [
          77.1435151,
          28.6688343
        ],
        [
          77.1436126,
          28.6688229
        ],
        [
          77.1436398,
          28.6690016
        ],
        [
          77.1435422,
          28.669013
        ]
      ]
    ]
  }
},
{
  "type": "Feature",
  "id": "way/350808565",
  "properties": {
    "building": "yes",
    "id": "way/350808565"
  },
  "geometry": {
    "type": "Polygon",
    "coordinates": [
      [
        [
          77.1394431,
          28.6689683
        ],
        [
          77.1394263,
          28.6688071
        ],
        [
          77.1395278,
          28.668799
        ],
        [
          77.1395445,
          28.6689602
        ],
        [
          77.1394431,
          28.6689683
        ]
      ]
    ]
  }
},
{
  "type": "Feature",
  "id": "way/350808573",
  "properties": {
    "building": "yes",
    "id": "way/350808573"
  },
  "geometry": {
    "type": "Polygon",
    "coordinates": [
      [
        [
          77.1404885,
          28.6694102
        ],
        [
          77.1404638,
          28.6692287
        ],
        [
          77.1405568,
          28.6692189
        ],
        [
          77.1405816,
          28.6694004
        ],
        [
          77.1404885,
          28.6694102
        ]
      ]
    ]
  }
},
{
  "type": "Feature",
  "id": "way/350808575",
  "properties": {
    "building": "yes",
    "id": "way/350808575"
  },
  "geometry": {
    "type": "Polygon",
    "coordinates": [
      [
        [
          77.1388835,
          28.6682528
        ],
        [
          77.1388632,
          28.6680854
        ],
        [
          77.1389597,
          28.6680763
        ],
        [
          77.1389801,
          28.6682438
        ],
        [
          77.1388835,
          28.6682528
        ]
      ]
    ]
  }
},
{
  "type": "Feature",
  "id": "way/350808578",
  "properties": {
    "building": "yes",
    "id": "way/350808578"
  },
  "geometry": {
    "type": "Polygon",
    "coordinates": [
      [
        [
          77.1400645,
          28.6694207
        ],
        [
          77.1400461,
          28.6692833
        ],
        [
          77.1401254,
          28.6692752
        ],
        [
          77.1401438,
          28.6694125
        ],
        [
          77.1400645,
          28.6694207
        ]
      ]
    ]
  }
},
{
  "type": "Feature",
  "id": "way/350808591",
  "properties": {
    "building": "yes",
    "id": "way/350808591"
  },
  "geometry": {
    "type": "Polygon",
    "coordinates": [
      [
        [
          77.1403313,
          28.6691649
        ],
        [
          77.1403138,
          28.6690016
        ],
        [
          77.1404084,
          28.6689938
        ],
        [
          77.140426,
          28.6691571
        ],
        [
          77.1403313,
          28.6691649
        ]
      ]
    ]
  }
},
{
  "type": "Feature",
  "id": "way/350808597",
  "properties": {
    "building": "yes",
    "id": "way/350808597"
  },
  "geometry": {
    "type": "Polygon",
    "coordinates": [
      [
        [
          77.1397554,
          28.669516
        ],
        [
          77.1397243,
          28.669317
        ],
        [
          77.1398261,
          28.6693047
        ],
        [
          77.1398572,
          28.6695037
        ],
        [
          77.1397554,
          28.669516
        ]
      ]
    ]
  }
},
{
  "type": "Feature",
  "id": "way/350808601",
  "properties": {
    "building": "yes",
    "id": "way/350808601"
  },
  "geometry": {
    "type": "Polygon",
    "coordinates": [
      [
        [
          77.142777,
          28.6681942
        ],
        [
          77.1427603,
          28.668109
        ],
        [
          77.1429568,
          28.6680793
        ],
        [
          77.1429736,
          28.6681645
        ],
        [
          77.142777,
          28.6681942
        ]
      ]
    ]
  }
},
{
  "type": "Feature",
  "id": "way/350808603",
  "properties": {
    "building": "yes",
    "id": "way/350808603"
  },
  "geometry": {
    "type": "Polygon",
    "coordinates": [
      [
        [
          77.1424258,
          28.6676479
        ],
        [
          77.1424127,
          28.6674828
        ],
        [
          77.1425992,
          28.6674714
        ],
        [
          77.1426124,
          28.6676364
        ],
        [
          77.1424258,
          28.6676479
        ]
      ]
    ]
  }
},
{
  "type": "Feature",
  "id": "way/350808604",
  "properties": {
    "building": "yes",
    "id": "way/350808604"
  },
  "geometry": {
    "type": "Polygon",
    "coordinates": [
      [
        [
          77.1400486,
          28.6683411
        ],
        [
          77.1402251,
          28.6683235
        ],
        [
          77.1402376,
          28.6684204
        ],
        [
          77.1400611,
          28.6684379
        ],
        [
          77.1400486,
          28.6683411
        ]
      ]
    ]
  }
},
{
  "type": "Feature",
  "id": "way/350808606",
  "properties": {
    "building": "yes",
    "id": "way/350808606"
  },
  "geometry": {
    "type": "Polygon",
    "coordinates": [
      [
        [
          77.1407442,
          28.6691299
        ],
        [
          77.1407298,
          28.6689807
        ],
        [
          77.1408222,
          28.6689738
        ],
        [
          77.1408366,
          28.6691231
        ],
        [
          77.1407442,
          28.6691299
        ]
      ]
    ]
  }
},
{
  "type": "Feature",
  "id": "way/350808611",
  "properties": {
    "building": "yes",
    "id": "way/350808611"
  },
  "geometry": {
    "type": "Polygon",
    "coordinates": [
      [
        [
          77.1390212,
          28.668786
        ],
        [
          77.1389972,
          28.6686297
        ],
        [
          77.1390918,
          28.6686186
        ],
        [
          77.1391157,
          28.6687748
        ],
        [
          77.1390212,
          28.668786
        ]
      ]
    ]
  }
},
{
  "type": "Feature",
  "id": "way/350808618",
  "properties": {
    "building": "yes",
    "id": "way/350808618"
  },
  "geometry": {
    "type": "Polygon",
    "coordinates": [
      [
        [
          77.1400742,
          28.6684434
        ],
        [
          77.1402546,
          28.6684329
        ],
        [
          77.1402612,
          28.6685191
        ],
        [
          77.1400807,
          28.6685296
        ],
        [
          77.1400742,
          28.6684434
        ]
      ]
    ]
  }
},
{
  "type": "Feature",
  "id": "way/350808619",
  "properties": {
    "building": "yes",
    "id": "way/350808619"
  },
  "geometry": {
    "type": "Polygon",
    "coordinates": [
      [
        [
          77.1411175,
          28.6693015
        ],
        [
          77.1410999,
          28.6691397
        ],
        [
          77.1411727,
          28.6691336
        ],
        [
          77.1411903,
          28.6692955
        ],
        [
          77.1411175,
          28.6693015
        ]
      ]
    ]
  }
},
{
  "type": "Feature",
  "id": "way/350808622",
  "properties": {
    "building": "yes",
    "id": "way/350808622"
  },
  "geometry": {
    "type": "Polygon",
    "coordinates": [
      [
        [
          77.1428324,
          28.6685648
        ],
        [
          77.1428201,
          28.6684879
        ],
        [
          77.1430053,
          28.6684651
        ],
        [
          77.1430176,
          28.668542
        ],
        [
          77.1428324,
          28.6685648
        ]
      ]
    ]
  }
},
{
  "type": "Feature",
  "id": "way/350808623",
  "properties": {
    "building": "yes",
    "id": "way/350808623"
  },
  "geometry": {
    "type": "Polygon",
    "coordinates": [
      [
        [
          77.1402365,
          28.6680235
        ],
        [
          77.1402141,
          28.6678956
        ],
        [
          77.1404226,
          28.6678676
        ],
        [
          77.1404449,
          28.6679955
        ],
        [
          77.1402365,
          28.6680235
        ]
      ]
    ]
  }
},
{
  "type": "Feature",
  "id": "way/350808628",
  "properties": {
    "building": "yes",
    "id": "way/350808628"
  },
  "geometry": {
    "type": "Polygon",
    "coordinates": [
      [
        [
          77.1433864,
          28.6693686
        ],
        [
          77.1433601,
          28.6691829
        ],
        [
          77.1434528,
          28.6691728
        ],
        [
          77.1434791,
          28.6693584
        ],
        [
          77.1433864,
          28.6693686
        ]
      ]
    ]
  }
},
{
  "type": "Feature",
  "id": "way/350808629",
  "properties": {
    "building": "yes",
    "id": "way/350808629"
  },
  "geometry": {
    "type": "Polygon",
    "coordinates": [
      [
        [
          77.1431569,
          28.6682415
        ],
        [
          77.1431422,
          28.6681685
        ],
        [
          77.143341,
          28.6681377
        ],
        [
          77.1433557,
          28.6682106
        ],
        [
          77.1431569,
          28.6682415
        ]
      ]
    ]
  }
},
{
  "type": "Feature",
  "id": "way/350808630",
  "properties": {
    "building": "yes",
    "id": "way/350808630"
  },
  "geometry": {
    "type": "Polygon",
    "coordinates": [
      [
        [
          77.1403202,
          28.668501
        ],
        [
          77.1403072,
          28.6684188
        ],
        [
          77.1405029,
          28.668395
        ],
        [
          77.1405159,
          28.6684772
        ],
        [
          77.1403202,
          28.668501
        ]
      ]
    ]
  }
},
{
  "type": "Feature",
  "id": "way/350808637",
  "properties": {
    "building": "yes",
    "id": "way/350808637"
  },
  "geometry": {
    "type": "Polygon",
    "coordinates": [
      [
        [
          77.1403026,
          28.6684113
        ],
        [
          77.1402936,
          28.6683419
        ],
        [
          77.1404884,
          28.6683223
        ],
        [
          77.1404975,
          28.6683917
        ],
        [
          77.1403026,
          28.6684113
        ]
      ]
    ]
  }
},
{
  "type": "Feature",
  "id": "way/350808654",
  "properties": {
    "building": "yes",
    "id": "way/350808654"
  },
  "geometry": {
    "type": "Polygon",
    "coordinates": [
      [
        [
          77.1430943,
          28.6678777
        ],
        [
          77.1430773,
          28.667782
        ],
        [
          77.1432764,
          28.6677548
        ],
        [
          77.1432934,
          28.6678505
        ],
        [
          77.1430943,
          28.6678777
        ]
      ]
    ]
  }
},
{
  "type": "Feature",
  "id": "way/350808655",
  "properties": {
    "building": "yes",
    "id": "way/350808655"
  },
  "geometry": {
    "type": "Polygon",
    "coordinates": [
      [
        [
          77.1418183,
          28.6689852
        ],
        [
          77.1418036,
          28.668786
        ],
        [
          77.1419031,
          28.6687804
        ],
        [
          77.1419178,
          28.6689795
        ],
        [
          77.1418183,
          28.6689852
        ]
      ]
    ]
  }
},
{
  "type": "Feature",
  "id": "way/350808671",
  "properties": {
    "building": "yes",
    "id": "way/350808671"
  },
  "geometry": {
    "type": "Polygon",
    "coordinates": [
      [
        [
          77.1426648,
          28.6675499
        ],
        [
          77.142652,
          28.6674869
        ],
        [
          77.1428524,
          28.6674554
        ],
        [
          77.1428653,
          28.6675184
        ],
        [
          77.1426648,
          28.6675499
        ]
      ]
    ]
  }
},
{
  "type": "Feature",
  "id": "way/350808678",
  "properties": {
    "building": "yes",
    "id": "way/350808678"
  },
  "geometry": {
    "type": "Polygon",
    "coordinates": [
      [
        [
          77.1398656,
          28.6694816
        ],
        [
          77.1398409,
          28.6693078
        ],
        [
          77.1399311,
          28.669298
        ],
        [
          77.1399558,
          28.6694717
        ],
        [
          77.1398656,
          28.6694816
        ]
      ]
    ]
  }
},
{
  "type": "Feature",
  "id": "way/350808680",
  "properties": {
    "building": "yes",
    "id": "way/350808680"
  },
  "geometry": {
    "type": "Polygon",
    "coordinates": [
      [
        [
          77.1395533,
          28.6689543
        ],
        [
          77.139535,
          28.6687859
        ],
        [
          77.1396116,
          28.6687795
        ],
        [
          77.1396299,
          28.6689479
        ],
        [
          77.1395533,
          28.6689543
        ]
      ]
    ]
  }
},
{
  "type": "Feature",
  "id": "way/350808693",
  "properties": {
    "building": "yes",
    "id": "way/350808693"
  },
  "geometry": {
    "type": "Polygon",
    "coordinates": [
      [
        [
          77.140594,
          28.6693856
        ],
        [
          77.1405708,
          28.669221
        ],
        [
          77.140663,
          28.669211
        ],
        [
          77.1406862,
          28.6693756
        ],
        [
          77.140594,
          28.6693856
        ]
      ]
    ]
  }
},
{
  "type": "Feature",
  "id": "way/350808700",
  "properties": {
    "building": "yes",
    "id": "way/350808700"
  },
  "geometry": {
    "type": "Polygon",
    "coordinates": [
      [
        [
          77.1427072,
          28.6677231
        ],
        [
          77.1428741,
          28.6676983
        ],
        [
          77.142896,
          28.6678117
        ],
        [
          77.142729,
          28.6678365
        ],
        [
          77.1427072,
          28.6677231
        ]
      ]
    ]
  }
},
{
  "type": "Feature",
  "id": "way/350808709",
  "properties": {
    "building": "yes",
    "id": "way/350808709"
  },
  "geometry": {
    "type": "Polygon",
    "coordinates": [
      [
        [
          77.1397097,
          28.6692569
        ],
        [
          77.1396849,
          28.6690838
        ],
        [
          77.1397587,
          28.6690757
        ],
        [
          77.1397835,
          28.6692488
        ],
        [
          77.1397097,
          28.6692569
        ]
      ]
    ]
  }
},
{
  "type": "Feature",
  "id": "way/350808720",
  "properties": {
    "building": "yes",
    "id": "way/350808720"
  },
  "geometry": {
    "type": "Polygon",
    "coordinates": [
      [
        [
          77.1430378,
          28.6675324
        ],
        [
          77.1430226,
          28.6674469
        ],
        [
          77.1432318,
          28.6674181
        ],
        [
          77.1432471,
          28.6675037
        ],
        [
          77.1430378,
          28.6675324
        ]
      ]
    ]
  }
},
{
  "type": "Feature",
  "id": "way/350808721",
  "properties": {
    "building": "yes",
    "id": "way/350808721"
  },
  "geometry": {
    "type": "Polygon",
    "coordinates": [
      [
        [
          77.139129,
          28.6687727
        ],
        [
          77.1391138,
          28.6686269
        ],
        [
          77.1391951,
          28.6686204
        ],
        [
          77.1392103,
          28.6687662
        ],
        [
          77.139129,
          28.6687727
        ]
      ]
    ]
  }
},
{
  "type": "Feature",
  "id": "way/350808724",
  "properties": {
    "building": "yes",
    "id": "way/350808724"
  },
  "geometry": {
    "type": "Polygon",
    "coordinates": [
      [
        [
          77.1392578,
          28.669011
        ],
        [
          77.1392402,
          28.6688492
        ],
        [
          77.1393209,
          28.6688424
        ],
        [
          77.1393385,
          28.6690043
        ],
        [
          77.1392578,
          28.669011
        ]
      ]
    ]
  }
},
{
  "type": "Feature",
  "id": "way/350808730",
  "properties": {
    "building": "yes",
    "id": "way/350808730"
  },
  "geometry": {
    "type": "Polygon",
    "coordinates": [
      [
        [
          77.1400317,
          28.6661982
        ],
        [
          77.1401515,
          28.6661975
        ],
        [
          77.140152,
          28.666273
        ],
        [
          77.1400322,
          28.6662737
        ],
        [
          77.1400317,
          28.6661982
        ]
      ]
    ]
  }
},
{
  "type": "Feature",
  "id": "way/350808732",
  "properties": {
    "building": "yes",
    "id": "way/350808732"
  },
  "geometry": {
    "type": "Polygon",
    "coordinates": [
      [
        [
          77.1391588,
          28.669037
        ],
        [
          77.1391412,
          28.6688632
        ],
        [
          77.1392291,
          28.6688563
        ],
        [
          77.1392467,
          28.6690301
        ],
        [
          77.1391588,
          28.669037
        ]
      ]
    ]
  }
},
{
  "type": "Feature",
  "id": "way/350808736",
  "properties": {
    "building": "yes",
    "id": "way/350808736"
  },
  "geometry": {
    "type": "Polygon",
    "coordinates": [
      [
        [
          77.1416332,
          28.6692653
        ],
        [
          77.1416084,
          28.6690929
        ],
        [
          77.141686,
          28.6690843
        ],
        [
          77.1417107,
          28.6692567
        ],
        [
          77.1416332,
          28.6692653
        ]
      ]
    ]
  }
},
{
  "type": "Feature",
  "id": "way/350808741",
  "properties": {
    "building": "yes",
    "id": "way/350808741"
  },
  "geometry": {
    "type": "Polygon",
    "coordinates": [
      [
        [
          77.1427578,
          28.6680961
        ],
        [
          77.1427429,
          28.6680158
        ],
        [
          77.142944,
          28.6679871
        ],
        [
          77.1429589,
          28.6680673
        ],
        [
          77.1427578,
          28.6680961
        ]
      ]
    ]
  }
},
{
  "type": "Feature",
  "id": "way/350808743",
  "properties": {
    "building": "yes",
    "id": "way/350808743"
  },
  "geometry": {
    "type": "Polygon",
    "coordinates": [
      [
        [
          77.1408492,
          28.6690829
        ],
        [
          77.1408421,
          28.6689273
        ],
        [
          77.1409348,
          28.668924
        ],
        [
          77.140942,
          28.6690796
        ],
        [
          77.1408492,
          28.6690829
        ]
      ]
    ]
  }
},
{
  "type": "Feature",
  "id": "way/350808746",
  "properties": {
    "building": "yes",
    "id": "way/350808746"
  },
  "geometry": {
    "type": "Polygon",
    "coordinates": [
      [
        [
          77.141172,
          28.6690488
        ],
        [
          77.1411573,
          28.6688794
        ],
        [
          77.1412586,
          28.6688726
        ],
        [
          77.1412733,
          28.6690421
        ],
        [
          77.141172,
          28.6690488
        ]
      ]
    ]
  }
},
{
  "type": "Feature",
  "id": "way/350808754",
  "properties": {
    "building": "yes",
    "id": "way/350808754"
  },
  "geometry": {
    "type": "Polygon",
    "coordinates": [
      [
        [
          77.1399871,
          28.669207
        ],
        [
          77.1399695,
          28.6690361
        ],
        [
          77.1400783,
          28.6690274
        ],
        [
          77.1400959,
          28.6691984
        ],
        [
          77.1399871,
          28.669207
        ]
      ]
    ]
  }
},
{
  "type": "Feature",
  "id": "way/350808756",
  "properties": {
    "building": "yes",
    "id": "way/350808756"
  },
  "geometry": {
    "type": "Polygon",
    "coordinates": [
      [
        [
          77.1402676,
          28.6680831
        ],
        [
          77.1404641,
          28.6680621
        ],
        [
          77.1404767,
          28.6681526
        ],
        [
          77.1402802,
          28.6681736
        ],
        [
          77.1402676,
          28.6680831
        ]
      ]
    ]
  }
},
{
  "type": "Feature",
  "id": "way/350808757",
  "properties": {
    "building": "yes",
    "id": "way/350808757"
  },
  "geometry": {
    "type": "Polygon",
    "coordinates": [
      [
        [
          77.1405278,
          28.6691453
        ],
        [
          77.140511,
          28.6689905
        ],
        [
          77.1405975,
          28.6689833
        ],
        [
          77.1406143,
          28.6691381
        ],
        [
          77.1405278,
          28.6691453
        ]
      ]
    ]
  }
},
{
  "type": "Feature",
  "id": "way/350808765",
  "properties": {
    "building": "yes",
    "id": "way/350808765"
  },
  "geometry": {
    "type": "Polygon",
    "coordinates": [
      [
        [
          77.143285,
          28.6693847
        ],
        [
          77.1432642,
          28.6692151
        ],
        [
          77.1433533,
          28.6692067
        ],
        [
          77.1433741,
          28.6693763
        ],
        [
          77.143285,
          28.6693847
        ]
      ]
    ]
  }
},
{
  "type": "Feature",
  "id": "way/350808766",
  "properties": {
    "building": "yes",
    "id": "way/350808766"
  },
  "geometry": {
    "type": "Polygon",
    "coordinates": [
      [
        [
          77.1431161,
          28.6679598
        ],
        [
          77.143105,
          28.667879
        ],
        [
          77.1432831,
          28.6678601
        ],
        [
          77.1432942,
          28.6679409
        ],
        [
          77.1431161,
          28.6679598
        ]
      ]
    ]
  }
},
{
  "type": "Feature",
  "id": "way/350808767",
  "properties": {
    "building": "yes",
    "id": "way/350808767"
  },
  "geometry": {
    "type": "Polygon",
    "coordinates": [
      [
        [
          77.1415465,
          28.6689999
        ],
        [
          77.1415205,
          28.6688196
        ],
        [
          77.1417738,
          28.6687915
        ],
        [
          77.1417998,
          28.6689718
        ],
        [
          77.1415465,
          28.6689999
        ]
      ]
    ]
  }
},
{
  "type": "Feature",
  "id": "way/350808768",
  "properties": {
    "building": "yes",
    "id": "way/350808768"
  },
  "geometry": {
    "type": "Polygon",
    "coordinates": [
      [
        [
          77.1401771,
          28.6660565
        ],
        [
          77.1402911,
          28.6660565
        ],
        [
          77.1402911,
          28.6660981
        ],
        [
          77.1401771,
          28.6660981
        ],
        [
          77.1401771,
          28.6660565
        ]
      ]
    ]
  }
},
{
  "type": "Feature",
  "id": "way/350808774",
  "properties": {
    "building": "yes",
    "id": "way/350808774"
  },
  "geometry": {
    "type": "Polygon",
    "coordinates": [
      [
        [
          77.1426928,
          28.667641
        ],
        [
          77.1426766,
          28.6675678
        ],
        [
          77.1428619,
          28.6675362
        ],
        [
          77.1428781,
          28.6676095
        ],
        [
          77.1426928,
          28.667641
        ]
      ]
    ]
  }
},
{
  "type": "Feature",
  "id": "way/350808776",
  "properties": {
    "building": "yes",
    "id": "way/350808776"
  },
  "geometry": {
    "type": "Polygon",
    "coordinates": [
      [
        [
          77.1414769,
          28.669585
        ],
        [
          77.1414544,
          28.669416
        ],
        [
          77.1415384,
          28.6694074
        ],
        [
          77.141561,
          28.6695763
        ],
        [
          77.1414769,
          28.669585
        ]
      ]
    ]
  }
},
{
  "type": "Feature",
  "id": "way/350808777",
  "properties": {
    "building": "yes",
    "id": "way/350808777"
  },
  "geometry": {
    "type": "Polygon",
    "coordinates": [
      [
        [
          77.1404344,
          28.6691692
        ],
        [
          77.1404248,
          28.6690073
        ],
        [
          77.1404967,
          28.669004
        ],
        [
          77.1405063,
          28.6691659
        ],
        [
          77.1404344,
          28.6691692
        ]
      ]
    ]
  }
},
{
  "type": "Feature",
  "id": "way/350808785",
  "properties": {
    "building": "yes",
    "id": "way/350808785"
  },
  "geometry": {
    "type": "Polygon",
    "coordinates": [
      [
        [
          77.1390023,
          28.6682379
        ],
        [
          77.1389786,
          28.6680595
        ],
        [
          77.1391448,
          28.6680425
        ],
        [
          77.1391686,
          28.6682209
        ],
        [
          77.1390023,
          28.6682379
        ]
      ]
    ]
  }
},
{
  "type": "Feature",
  "id": "way/350808789",
  "properties": {
    "building": "yes",
    "id": "way/350808789"
  },
  "geometry": {
    "type": "Polygon",
    "coordinates": [
      [
        [
          77.1435973,
          28.6693455
        ],
        [
          77.1435685,
          28.6691549
        ],
        [
          77.1436636,
          28.6691438
        ],
        [
          77.1436924,
          28.6693344
        ],
        [
          77.1435973,
          28.6693455
        ]
      ]
    ]
  }
},
{
  "type": "Feature",
  "id": "way/350808790",
  "properties": {
    "building": "yes",
    "id": "way/350808790"
  },
  "geometry": {
    "type": "Polygon",
    "coordinates": [
      [
        [
          77.1436484,
          28.6689842
        ],
        [
          77.1436341,
          28.6688175
        ],
        [
          77.1437277,
          28.6688113
        ],
        [
          77.1437421,
          28.668978
        ],
        [
          77.1436484,
          28.6689842
        ]
      ]
    ]
  }
},
{
  "type": "Feature",
  "id": "way/350808791",
  "properties": {
    "building": "yes",
    "id": "way/350808791"
  },
  "geometry": {
    "type": "Polygon",
    "coordinates": [
      [
        [
          77.1397992,
          28.6692401
        ],
        [
          77.1397785,
          28.6690593
        ],
        [
          77.1398619,
          28.6690519
        ],
        [
          77.1398827,
          28.6692327
        ],
        [
          77.1397992,
          28.6692401
        ]
      ]
    ]
  }
},
{
  "type": "Feature",
  "id": "way/350808797",
  "properties": {
    "building": "yes",
    "id": "way/350808797"
  },
  "geometry": {
    "type": "Polygon",
    "coordinates": [
      [
        [
          77.1430578,
          28.6676137
        ],
        [
          77.1430451,
          28.6675411
        ],
        [
          77.1432328,
          28.6675158
        ],
        [
          77.1432455,
          28.6675885
        ],
        [
          77.1430578,
          28.6676137
        ]
      ]
    ]
  }
},
{
  "type": "Feature",
  "id": "way/350808798",
  "properties": {
    "building": "yes",
    "id": "way/350808798"
  },
  "geometry": {
    "type": "Polygon",
    "coordinates": [
      [
        [
          77.1400398,
          28.6682577
        ],
        [
          77.1402227,
          28.6682374
        ],
        [
          77.1402337,
          28.6683133
        ],
        [
          77.1400508,
          28.6683336
        ],
        [
          77.1400398,
          28.6682577
        ]
      ]
    ]
  }
},
{
  "type": "Feature",
  "id": "way/350808801",
  "properties": {
    "building": "yes",
    "id": "way/350808801"
  },
  "geometry": {
    "type": "Polygon",
    "coordinates": [
      [
        [
          77.1433888,
          28.6694361
        ],
        [
          77.1435968,
          28.6693966
        ],
        [
          77.1436305,
          28.6695747
        ],
        [
          77.1434234,
          28.669603
        ],
        [
          77.1433888,
          28.6694361
        ]
      ]
    ]
  }
},
{
  "type": "Feature",
  "id": "way/350808803",
  "properties": {
    "building": "yes",
    "id": "way/350808803"
  },
  "geometry": {
    "type": "Polygon",
    "coordinates": [
      [
        [
          77.1386848,
          28.6682936
        ],
        [
          77.1386589,
          28.6681281
        ],
        [
          77.1388509,
          28.6681049
        ],
        [
          77.1388769,
          28.6682704
        ],
        [
          77.1386848,
          28.6682936
        ]
      ]
    ]
  }
},
{
  "type": "Feature",
  "id": "way/350808805",
  "properties": {
    "building": "yes",
    "id": "way/350808805"
  },
  "geometry": {
    "type": "Polygon",
    "coordinates": [
      [
        [
          77.1437003,
          28.6693188
        ],
        [
          77.1436747,
          28.6691387
        ],
        [
          77.1437611,
          28.6691293
        ],
        [
          77.1437866,
          28.6693094
        ],
        [
          77.1437003,
          28.6693188
        ]
      ]
    ]
  }
},
{
  "type": "Feature",
  "id": "way/350808809",
  "properties": {
    "building": "yes",
    "id": "way/350808809"
  },
  "geometry": {
    "type": "Polygon",
    "coordinates": [
      [
        [
          77.1401658,
          28.6661996
        ],
        [
          77.1402912,
          28.6661954
        ],
        [
          77.1402943,
          28.6662668
        ],
        [
          77.1401689,
          28.666271
        ],
        [
          77.1401658,
          28.6661996
        ]
      ]
    ]
  }
},
{
  "type": "Feature",
  "id": "way/350808814",
  "properties": {
    "building": "yes",
    "id": "way/350808814"
  },
  "geometry": {
    "type": "Polygon",
    "coordinates": [
      [
        [
          77.1399638,
          28.6694606
        ],
        [
          77.1399407,
          28.6693022
        ],
        [
          77.1400346,
          28.6692917
        ],
        [
          77.1400577,
          28.66945
        ],
        [
          77.1399638,
          28.6694606
        ]
      ]
    ]
  }
},
{
  "type": "Feature",
  "id": "way/350808816",
  "properties": {
    "building": "yes",
    "id": "way/350808816"
  },
  "geometry": {
    "type": "Polygon",
    "coordinates": [
      [
        [
          77.1434092,
          28.6680895
        ],
        [
          77.1433955,
          28.6680036
        ],
        [
          77.1436034,
          28.6679781
        ],
        [
          77.1436171,
          28.668064
        ],
        [
          77.1434092,
          28.6680895
        ]
      ]
    ]
  }
},
{
  "type": "Feature",
  "id": "way/350808817",
  "properties": {
    "building": "yes",
    "id": "way/350808817"
  },
  "geometry": {
    "type": "Polygon",
    "coordinates": [
      [
        [
          77.1431043,
          28.6696376
        ],
        [
          77.1430797,
          28.6694585
        ],
        [
          77.1433102,
          28.6694341
        ],
        [
          77.1433348,
          28.6696132
        ],
        [
          77.1431043,
          28.6696376
        ]
      ]
    ]
  }
},
{
  "type": "Feature",
  "id": "way/350808820",
  "properties": {
    "building": "yes",
    "id": "way/350808820"
  },
  "geometry": {
    "type": "Polygon",
    "coordinates": [
      [
        [
          77.1397562,
          28.6689488
        ],
        [
          77.1397331,
          28.6687807
        ],
        [
          77.1398218,
          28.6687712
        ],
        [
          77.1398449,
          28.6689394
        ],
        [
          77.1397562,
          28.6689488
        ]
      ]
    ]
  }
},
{
  "type": "Feature",
  "id": "way/350808823",
  "properties": {
    "building": "yes",
    "id": "way/350808823"
  },
  "geometry": {
    "type": "Polygon",
    "coordinates": [
      [
        [
          77.1409618,
          28.669089
        ],
        [
          77.1409498,
          28.6689825
        ],
        [
          77.1410346,
          28.6689751
        ],
        [
          77.1410466,
          28.6690816
        ],
        [
          77.1409618,
          28.669089
        ]
      ]
    ]
  }
},
{
  "type": "Feature",
  "id": "way/350808830",
  "properties": {
    "building": "yes",
    "id": "way/350808830"
  },
  "geometry": {
    "type": "Polygon",
    "coordinates": [
      [
        [
          77.1396256,
          28.6687128
        ],
        [
          77.139604,
          28.668546
        ],
        [
          77.1396982,
          28.6685367
        ],
        [
          77.1397198,
          28.6687034
        ],
        [
          77.1396256,
          28.6687128
        ]
      ]
    ]
  }
},
{
  "type": "Feature",
  "id": "way/350808833",
  "properties": {
    "building": "yes",
    "id": "way/350808833"
  },
  "geometry": {
    "type": "Polygon",
    "coordinates": [
      [
        [
          77.1396436,
          28.6694886
        ],
        [
          77.1396212,
          28.6693289
        ],
        [
          77.1396959,
          28.6693208
        ],
        [
          77.1397182,
          28.6694806
        ],
        [
          77.1396436,
          28.6694886
        ]
      ]
    ]
  }
},
{
  "type": "Feature",
  "id": "way/350808837",
  "properties": {
    "building": "yes",
    "id": "way/350808837"
  },
  "geometry": {
    "type": "Polygon",
    "coordinates": [
      [
        [
          77.1401133,
          28.6691881
        ],
        [
          77.1400957,
          28.6690466
        ],
        [
          77.1401869,
          28.6690378
        ],
        [
          77.1402045,
          28.6691794
        ],
        [
          77.1401133,
          28.6691881
        ]
      ]
    ]
  }
},
{
  "type": "Feature",
  "id": "way/350808839",
  "properties": {
    "building": "yes",
    "id": "way/350808839"
  },
  "geometry": {
    "type": "Polygon",
    "coordinates": [
      [
        [
          77.1427895,
          28.6682844
        ],
        [
          77.1427744,
          28.6682058
        ],
        [
          77.1429822,
          28.6681751
        ],
        [
          77.1429973,
          28.6682537
        ],
        [
          77.1427895,
          28.6682844
        ]
      ]
    ]
  }
},
{
  "type": "Feature",
  "id": "way/350808840",
  "properties": {
    "building": "yes",
    "id": "way/350808840"
  },
  "geometry": {
    "type": "Polygon",
    "coordinates": [
      [
        [
          77.1402779,
          28.6682123
        ],
        [
          77.1404879,
          28.6681941
        ],
        [
          77.1405005,
          28.668306
        ],
        [
          77.1402905,
          28.6683242
        ],
        [
          77.1402779,
          28.6682123
        ]
      ]
    ]
  }
},
{
  "type": "Feature",
  "id": "way/350808844",
  "properties": {
    "building": "yes",
    "id": "way/350808844"
  },
  "geometry": {
    "type": "Polygon",
    "coordinates": [
      [
        [
          77.143174,
          28.6693847
        ],
        [
          77.1431516,
          28.6692193
        ],
        [
          77.1432553,
          28.6692085
        ],
        [
          77.1432777,
          28.6693739
        ],
        [
          77.143174,
          28.6693847
        ]
      ]
    ]
  }
},
{
  "type": "Feature",
  "id": "way/350808846",
  "properties": {
    "building": "yes",
    "id": "way/350808846"
  },
  "geometry": {
    "type": "Polygon",
    "coordinates": [
      [
        [
          77.142829,
          28.6684697
        ],
        [
          77.1428147,
          28.6683726
        ],
        [
          77.1429898,
          28.6683528
        ],
        [
          77.1430041,
          28.6684499
        ],
        [
          77.142829,
          28.6684697
        ]
      ]
    ]
  }
},
{
  "type": "Feature",
  "id": "way/350808848",
  "properties": {
    "building": "yes",
    "id": "way/350808848"
  },
  "geometry": {
    "type": "Polygon",
    "coordinates": [
      [
        [
          77.1427398,
          28.667997
        ],
        [
          77.1427296,
          28.6679321
        ],
        [
          77.142934,
          28.6679073
        ],
        [
          77.1429442,
          28.6679722
        ],
        [
          77.1427398,
          28.667997
        ]
      ]
    ]
  }
},
{
  "type": "Feature",
  "id": "way/350808849",
  "properties": {
    "building": "yes",
    "id": "way/350808849"
  },
  "geometry": {
    "type": "Polygon",
    "coordinates": [
      [
        [
          77.1400909,
          28.6685653
        ],
        [
          77.1402714,
          28.6685436
        ],
        [
          77.1402787,
          28.6685901
        ],
        [
          77.1400982,
          28.6686118
        ],
        [
          77.1400909,
          28.6685653
        ]
      ]
    ]
  }
},
{
  "type": "Feature",
  "id": "way/350808852",
  "properties": {
    "building": "yes",
    "id": "way/350808852"
  },
  "geometry": {
    "type": "Polygon",
    "coordinates": [
      [
        [
          77.1430842,
          28.6677741
        ],
        [
          77.1430721,
          28.6677101
        ],
        [
          77.1432606,
          28.6676827
        ],
        [
          77.1432727,
          28.6677467
        ],
        [
          77.1430842,
          28.6677741
        ]
      ]
    ]
  }
},
{
  "type": "Feature",
  "id": "way/350808853",
  "properties": {
    "building": "yes",
    "id": "way/350808853"
  },
  "geometry": {
    "type": "Polygon",
    "coordinates": [
      [
        [
          77.1389118,
          28.6688105
        ],
        [
          77.1388511,
          28.6688136
        ],
        [
          77.1387225,
          28.6686685
        ],
        [
          77.1388838,
          28.6686472
        ],
        [
          77.1389118,
          28.6688105
        ]
      ]
    ]
  }
},
{
  "type": "Feature",
  "id": "way/350808862",
  "properties": {
    "building": "yes",
    "id": "way/350808862"
  },
  "geometry": {
    "type": "Polygon",
    "coordinates": [
      [
        [
          77.1400256,
          28.6681658
        ],
        [
          77.1402005,
          28.6681455
        ],
        [
          77.1402123,
          28.6682233
        ],
        [
          77.1400374,
          28.6682436
        ],
        [
          77.1400256,
          28.6681658
        ]
      ]
    ]
  }
},
{
  "type": "Feature",
  "id": "way/350808868",
  "properties": {
    "building": "yes",
    "id": "way/350808868"
  },
  "geometry": {
    "type": "Polygon",
    "coordinates": [
      [
        [
          77.1431297,
          28.6680663
        ],
        [
          77.1431132,
          28.66797
        ],
        [
          77.1432937,
          28.6679462
        ],
        [
          77.1433102,
          28.6680425
        ],
        [
          77.1431297,
          28.6680663
        ]
      ]
    ]
  }
},
{
  "type": "Feature",
  "id": "way/350808869",
  "properties": {
    "building": "yes",
    "id": "way/350808869"
  },
  "geometry": {
    "type": "Polygon",
    "coordinates": [
      [
        [
          77.1414131,
          28.6690309
        ],
        [
          77.1413826,
          28.6688337
        ],
        [
          77.1415054,
          28.6688191
        ],
        [
          77.1415359,
          28.6690163
        ],
        [
          77.1414131,
          28.6690309
        ]
      ]
    ]
  }
},
{
  "type": "Feature",
  "id": "way/350808881",
  "properties": {
    "building": "yes",
    "id": "way/350808881"
  },
  "geometry": {
    "type": "Polygon",
    "coordinates": [
      [
        [
          77.1434118,
          28.6681015
        ],
        [
          77.1436099,
          28.6680769
        ],
        [
          77.1436208,
          28.6681444
        ],
        [
          77.1434227,
          28.6681689
        ],
        [
          77.1434118,
          28.6681015
        ]
      ]
    ]
  }
},
{
  "type": "Feature",
  "id": "way/350808891",
  "properties": {
    "building": "yes",
    "id": "way/350808891"
  },
  "geometry": {
    "type": "Polygon",
    "coordinates": [
      [
        [
          77.1430666,
          28.6677034
        ],
        [
          77.1430506,
          28.6676257
        ],
        [
          77.1432503,
          28.6675942
        ],
        [
          77.14326,
          28.6676415
        ],
        [
          77.1432099,
          28.6676494
        ],
        [
          77.1432161,
          28.6676798
        ],
        [
          77.1430666,
          28.6677034
        ]
      ]
    ]
  }
},
{
  "type": "Feature",
  "id": "way/350808901",
  "properties": {
    "building": "yes",
    "id": "way/350808901"
  },
  "geometry": {
    "type": "Polygon",
    "coordinates": [
      [
        [
          77.1395287,
          28.6694843
        ],
        [
          77.1394789,
          28.6694908
        ],
        [
          77.1394649,
          28.6694807
        ],
        [
          77.1394098,
          28.6694074
        ],
        [
          77.1393786,
          28.6694254
        ],
        [
          77.139331,
          28.669362
        ],
        [
          77.1395073,
          28.6693416
        ],
        [
          77.1395287,
          28.6694843
        ]
      ]
    ]
  }
},
{
  "type": "Feature",
  "id": "way/350831250",
  "properties": {
    "building": "yes",
    "id": "way/350831250"
  },
  "geometry": {
    "type": "Polygon",
    "coordinates": [
      [
        [
          77.135854,
          28.6631937
        ],
        [
          77.1357278,
          28.6630242
        ],
        [
          77.1357946,
          28.6629859
        ],
        [
          77.1359208,
          28.6631555
        ],
        [
          77.135854,
          28.6631937
        ]
      ]
    ]
  }
},
{
  "type": "Feature",
  "id": "way/350831255",
  "properties": {
    "building": "yes",
    "id": "way/350831255"
  },
  "geometry": {
    "type": "Polygon",
    "coordinates": [
      [
        [
          77.1354931,
          28.664622
        ],
        [
          77.1354077,
          28.6645624
        ],
        [
          77.1354478,
          28.6645181
        ],
        [
          77.1355332,
          28.6645777
        ],
        [
          77.1354931,
          28.664622
        ]
      ]
    ]
  }
},
{
  "type": "Feature",
  "id": "way/350831259",
  "properties": {
    "building": "yes",
    "id": "way/350831259"
  },
  "geometry": {
    "type": "Polygon",
    "coordinates": [
      [
        [
          77.1349701,
          28.6626565
        ],
        [
          77.1348867,
          28.6625361
        ],
        [
          77.1349846,
          28.6624839
        ],
        [
          77.135068,
          28.6626042
        ],
        [
          77.1349701,
          28.6626565
        ]
      ]
    ]
  }
},
{
  "type": "Feature",
  "id": "way/350831262",
  "properties": {
    "building": "yes",
    "id": "way/350831262"
  },
  "geometry": {
    "type": "Polygon",
    "coordinates": [
      [
        [
          77.1351785,
          28.6644314
        ],
        [
          77.1353079,
          28.6642856
        ],
        [
          77.1353748,
          28.6643314
        ],
        [
          77.1352454,
          28.6644771
        ],
        [
          77.1351785,
          28.6644314
        ]
      ]
    ]
  }
},
{
  "type": "Feature",
  "id": "way/350831273",
  "properties": {
    "building": "yes",
    "id": "way/350831273"
  },
  "geometry": {
    "type": "Polygon",
    "coordinates": [
      [
        [
          77.135569,
          28.66454
        ],
        [
          77.1354852,
          28.6644776
        ],
        [
          77.1355183,
          28.6644433
        ],
        [
          77.1356022,
          28.6645057
        ],
        [
          77.135569,
          28.66454
        ]
      ]
    ]
  }
},
{
  "type": "Feature",
  "id": "way/350831278",
  "properties": {
    "building": "yes",
    "id": "way/350831278"
  },
  "geometry": {
    "type": "Polygon",
    "coordinates": [
      [
        [
          77.1355592,
          28.6635147
        ],
        [
          77.135433,
          28.6633563
        ],
        [
          77.1355188,
          28.6633037
        ],
        [
          77.135645,
          28.663462
        ],
        [
          77.1355592,
          28.6635147
        ]
      ]
    ]
  }
},
{
  "type": "Feature",
  "id": "way/350831281",
  "properties": {
    "building": "yes",
    "id": "way/350831281"
  },
  "geometry": {
    "type": "Polygon",
    "coordinates": [
      [
        [
          77.1356771,
          28.6632473
        ],
        [
          77.1355893,
          28.6631177
        ],
        [
          77.1356606,
          28.6630778
        ],
        [
          77.1357495,
          28.6632058
        ],
        [
          77.1356771,
          28.6632473
        ]
      ]
    ]
  }
},
{
  "type": "Feature",
  "id": "way/350831283",
  "properties": {
    "building": "yes",
    "id": "way/350831283"
  },
  "geometry": {
    "type": "Polygon",
    "coordinates": [
      [
        [
          77.1358693,
          28.6633626
        ],
        [
          77.1357654,
          28.6632204
        ],
        [
          77.1358272,
          28.6631857
        ],
        [
          77.135931,
          28.6633279
        ],
        [
          77.1358693,
          28.6633626
        ]
      ]
    ]
  }
},
{
  "type": "Feature",
  "id": "way/350831286",
  "properties": {
    "building": "yes",
    "id": "way/350831286"
  },
  "geometry": {
    "type": "Polygon",
    "coordinates": [
      [
        [
          77.1418738,
          28.6658027
        ],
        [
          77.1419267,
          28.6657255
        ],
        [
          77.1420689,
          28.6658005
        ],
        [
          77.1420159,
          28.6658777
        ],
        [
          77.1418738,
          28.6658027
        ]
      ]
    ]
  }
},
{
  "type": "Feature",
  "id": "way/350831292",
  "properties": {
    "building": "yes",
    "id": "way/350831292"
  },
  "geometry": {
    "type": "Polygon",
    "coordinates": [
      [
        [
          77.1357969,
          28.6627673
        ],
        [
          77.1356789,
          28.6625963
        ],
        [
          77.1357314,
          28.6625684
        ],
        [
          77.1358494,
          28.6627394
        ],
        [
          77.1357969,
          28.6627673
        ]
      ]
    ]
  }
},
{
  "type": "Feature",
  "id": "way/350831304",
  "properties": {
    "building": "yes",
    "id": "way/350831304"
  },
  "geometry": {
    "type": "Polygon",
    "coordinates": [
      [
        [
          77.1354149,
          28.6648511
        ],
        [
          77.1352719,
          28.6647467
        ],
        [
          77.1353261,
          28.6646896
        ],
        [
          77.135469,
          28.664794
        ],
        [
          77.1354149,
          28.6648511
        ]
      ]
    ]
  }
},
{
  "type": "Feature",
  "id": "way/350831326",
  "properties": {
    "building": "yes",
    "id": "way/350831326"
  },
  "geometry": {
    "type": "Polygon",
    "coordinates": [
      [
        [
          77.1415983,
          28.6655498
        ],
        [
          77.1418634,
          28.6656948
        ],
        [
          77.1417978,
          28.6657871
        ],
        [
          77.1415327,
          28.6656421
        ],
        [
          77.1415983,
          28.6655498
        ]
      ]
    ]
  }
},
{
  "type": "Feature",
  "id": "way/350831345",
  "properties": {
    "building": "yes",
    "id": "way/350831345"
  },
  "geometry": {
    "type": "Polygon",
    "coordinates": [
      [
        [
          77.1350411,
          28.6644279
        ],
        [
          77.13522,
          28.664224
        ],
        [
          77.1353008,
          28.6642786
        ],
        [
          77.1351219,
          28.6644825
        ],
        [
          77.1350411,
          28.6644279
        ]
      ]
    ]
  }
},
{
  "type": "Feature",
  "id": "way/350831353",
  "properties": {
    "building": "yes",
    "id": "way/350831353"
  },
  "geometry": {
    "type": "Polygon",
    "coordinates": [
      [
        [
          77.1354708,
          28.6647544
        ],
        [
          77.1353206,
          28.6646549
        ],
        [
          77.135384,
          28.6645814
        ],
        [
          77.1355341,
          28.6646809
        ],
        [
          77.1354708,
          28.6647544
        ]
      ]
    ]
  }
},
{
  "type": "Feature",
  "id": "way/350831360",
  "properties": {
    "building": "yes",
    "id": "way/350831360"
  },
  "geometry": {
    "type": "Polygon",
    "coordinates": [
      [
        [
          77.134557,
          28.662879
        ],
        [
          77.1344724,
          28.6627693
        ],
        [
          77.1345406,
          28.6627287
        ],
        [
          77.1346253,
          28.6628384
        ],
        [
          77.134557,
          28.662879
        ]
      ]
    ]
  }
},
{
  "type": "Feature",
  "id": "way/350831371",
  "properties": {
    "building": "yes",
    "id": "way/350831371"
  },
  "geometry": {
    "type": "Polygon",
    "coordinates": [
      [
        [
          77.1357173,
          28.6628124
        ],
        [
          77.1355784,
          28.6626399
        ],
        [
          77.1356244,
          28.6626114
        ],
        [
          77.1357633,
          28.6627838
        ],
        [
          77.1357173,
          28.6628124
        ]
      ]
    ]
  }
},
{
  "type": "Feature",
  "id": "way/350831395",
  "properties": {
    "building": "yes",
    "id": "way/350831395"
  },
  "geometry": {
    "type": "Polygon",
    "coordinates": [
      [
        [
          77.1357746,
          28.6634203
        ],
        [
          77.1356716,
          28.6632787
        ],
        [
          77.1357462,
          28.6632369
        ],
        [
          77.1358492,
          28.6633785
        ],
        [
          77.1357746,
          28.6634203
        ]
      ]
    ]
  }
},
{
  "type": "Feature",
  "id": "way/350831396",
  "properties": {
    "building": "yes",
    "id": "way/350831396"
  },
  "geometry": {
    "type": "Polygon",
    "coordinates": [
      [
        [
          77.1349589,
          28.6643704
        ],
        [
          77.1351402,
          28.6641819
        ],
        [
          77.1352072,
          28.6642316
        ],
        [
          77.1350259,
          28.6644201
        ],
        [
          77.1349589,
          28.6643704
        ]
      ]
    ]
  }
},
{
  "type": "Feature",
  "id": "way/350831403",
  "properties": {
    "building": "yes",
    "id": "way/350831403"
  },
  "geometry": {
    "type": "Polygon",
    "coordinates": [
      [
        [
          77.1414353,
          28.6657985
        ],
        [
          77.1415207,
          28.6656615
        ],
        [
          77.1417882,
          28.6657897
        ],
        [
          77.1417029,
          28.6659268
        ],
        [
          77.1414353,
          28.6657985
        ]
      ]
    ]
  }
},
{
  "type": "Feature",
  "id": "way/350831416",
  "properties": {
    "building": "yes",
    "id": "way/350831416"
  },
  "geometry": {
    "type": "Polygon",
    "coordinates": [
      [
        [
          77.1347986,
          28.6627634
        ],
        [
          77.1347007,
          28.6626308
        ],
        [
          77.1347628,
          28.6625958
        ],
        [
          77.1348583,
          28.6627285
        ],
        [
          77.1347986,
          28.6627634
        ]
      ]
    ]
  }
},
{
  "type": "Feature",
  "id": "way/350831426",
  "properties": {
    "building": "yes",
    "id": "way/350831426"
  },
  "geometry": {
    "type": "Polygon",
    "coordinates": [
      [
        [
          77.1421359,
          28.6660448
        ],
        [
          77.1420443,
          28.6659939
        ],
        [
          77.1421092,
          28.6659041
        ],
        [
          77.1420677,
          28.6658811
        ],
        [
          77.1421195,
          28.6658094
        ],
        [
          77.1421453,
          28.6658237
        ],
        [
          77.1421653,
          28.6657959
        ],
        [
          77.1422725,
          28.6658555
        ],
        [
          77.1421359,
          28.6660448
        ]
      ]
    ]
  }
},
{
  "type": "Feature",
  "id": "way/350867827",
  "properties": {
    "building": "yes",
    "id": "way/350867827"
  },
  "geometry": {
    "type": "Polygon",
    "coordinates": [
      [
        [
          77.1371008,
          28.6661224
        ],
        [
          77.1372062,
          28.6659654
        ],
        [
          77.1373672,
          28.6660487
        ],
        [
          77.1372618,
          28.6662057
        ],
        [
          77.1371008,
          28.6661224
        ]
      ]
    ]
  }
},
{
  "type": "Feature",
  "id": "way/351047390",
  "properties": {
    "building": "yes",
    "id": "way/351047390"
  },
  "geometry": {
    "type": "Polygon",
    "coordinates": [
      [
        [
          77.1412101,
          28.6750356
        ],
        [
          77.1411302,
          28.6745045
        ],
        [
          77.1412698,
          28.6744883
        ],
        [
          77.1413497,
          28.6750194
        ],
        [
          77.1412101,
          28.6750356
        ]
      ]
    ]
  }
},
{
  "type": "Feature",
  "id": "way/351047393",
  "properties": {
    "building": "yes",
    "id": "way/351047393"
  },
  "geometry": {
    "type": "Polygon",
    "coordinates": [
      [
        [
          77.1417819,
          28.6749571
        ],
        [
          77.1417085,
          28.674433
        ],
        [
          77.1418331,
          28.6744195
        ],
        [
          77.1419066,
          28.6749436
        ],
        [
          77.1417819,
          28.6749571
        ]
      ]
    ]
  }
},
{
  "type": "Feature",
  "id": "way/351047394",
  "properties": {
    "building": "yes",
    "id": "way/351047394"
  },
  "geometry": {
    "type": "Polygon",
    "coordinates": [
      [
        [
          77.1416222,
          28.6749781
        ],
        [
          77.1415375,
          28.6744428
        ],
        [
          77.1416782,
          28.6744257
        ],
        [
          77.1417629,
          28.674961
        ],
        [
          77.1416222,
          28.6749781
        ]
      ]
    ]
  }
},
{
  "type": "Feature",
  "id": "way/351047395",
  "properties": {
    "building": "yes",
    "id": "way/351047395"
  },
  "geometry": {
    "type": "Polygon",
    "coordinates": [
      [
        [
          77.141052,
          28.6750622
        ],
        [
          77.1409721,
          28.6745199
        ],
        [
          77.1410995,
          28.6745054
        ],
        [
          77.1411793,
          28.6750478
        ],
        [
          77.141052,
          28.6750622
        ]
      ]
    ]
  }
},
{
  "type": "Feature",
  "id": "way/351075556",
  "properties": {
    "building": "yes",
    "id": "way/351075556"
  },
  "geometry": {
    "type": "Polygon",
    "coordinates": [
      [
        [
          77.1253179,
          28.6706085
        ],
        [
          77.1251555,
          28.6706227
        ],
        [
          77.1251176,
          28.6702885
        ],
        [
          77.1252801,
          28.6702744
        ],
        [
          77.1253179,
          28.6706085
        ]
      ]
    ]
  }
},
{
  "type": "Feature",
  "id": "way/351075557",
  "properties": {
    "addr:district": "West Delhi",
    "addr:full": "Swayamsidha Colony, Road Number 66, Punjabi Bagh",
    "addr:postcode": "110026",
    "addr:state": "Delhi",
    "amenity": "hospital",
    "building": "yes",
    "healthcare": "hospital",
    "name": "Dhanvantari Ayurvedic Hospital",
    "source": "Local Knowledge",
    "id": "way/351075557"
  },
  "geometry": {
    "type": "Polygon",
    "coordinates": [
      [
        [
          77.1253453,
          28.6706307
        ],
        [
          77.1256694,
          28.670598
        ],
        [
          77.1256885,
          28.670744
        ],
        [
          77.1253645,
          28.6707767
        ],
        [
          77.1253453,
          28.6706307
        ]
      ]
    ]
  }
},
{
  "type": "Feature",
  "id": "way/351075567",
  "properties": {
    "building": "yes",
    "id": "way/351075567"
  },
  "geometry": {
    "type": "Polygon",
    "coordinates": [
      [
        [
          77.1251667,
          28.6700732
        ],
        [
          77.1255261,
          28.6700213
        ],
        [
          77.1255534,
          28.6701669
        ],
        [
          77.125194,
          28.6702188
        ],
        [
          77.1251667,
          28.6700732
        ]
      ]
    ]
  }
},
{
  "type": "Feature",
  "id": "way/351075575",
  "properties": {
    "building": "yes",
    "id": "way/351075575"
  },
  "geometry": {
    "type": "Polygon",
    "coordinates": [
      [
        [
          77.1244374,
          28.6704302
        ],
        [
          77.1243265,
          28.6704104
        ],
        [
          77.1243448,
          28.6703316
        ],
        [
          77.124315,
          28.6703263
        ],
        [
          77.1243279,
          28.6702706
        ],
        [
          77.1244686,
          28.6702957
        ],
        [
          77.1244374,
          28.6704302
        ]
      ]
    ]
  }
},
{
  "type": "Feature",
  "id": "way/351156786",
  "properties": {
    "building": "yes",
    "id": "way/351156786"
  },
  "geometry": {
    "type": "Polygon",
    "coordinates": [
      [
        [
          77.1272289,
          28.6656434
        ],
        [
          77.12725,
          28.665802
        ],
        [
          77.1269298,
          28.6658348
        ],
        [
          77.1269088,
          28.6656762
        ],
        [
          77.1272289,
          28.6656434
        ]
      ]
    ]
  }
},
{
  "type": "Feature",
  "id": "way/351156787",
  "properties": {
    "building": "yes",
    "id": "way/351156787"
  },
  "geometry": {
    "type": "Polygon",
    "coordinates": [
      [
        [
          77.1401211,
          28.6657632
        ],
        [
          77.1401245,
          28.6658198
        ],
        [
          77.1399823,
          28.6658263
        ],
        [
          77.1399789,
          28.6657698
        ],
        [
          77.1401211,
          28.6657632
        ]
      ]
    ]
  }
},
{
  "type": "Feature",
  "id": "way/351156788",
  "properties": {
    "building": "yes",
    "id": "way/351156788"
  },
  "geometry": {
    "type": "Polygon",
    "coordinates": [
      [
        [
          77.1372273,
          28.6655507
        ],
        [
          77.1370719,
          28.6654484
        ],
        [
          77.1371295,
          28.665381
        ],
        [
          77.1372849,
          28.6654833
        ],
        [
          77.1372273,
          28.6655507
        ]
      ]
    ]
  }
},
{
  "type": "Feature",
  "id": "way/351156789",
  "properties": {
    "building": "yes",
    "id": "way/351156789"
  },
  "geometry": {
    "type": "Polygon",
    "coordinates": [
      [
        [
          77.1360939,
          28.6647546
        ],
        [
          77.136145,
          28.664681
        ],
        [
          77.1363002,
          28.6647638
        ],
        [
          77.1362491,
          28.6648374
        ],
        [
          77.1360939,
          28.6647546
        ]
      ]
    ]
  }
},
{
  "type": "Feature",
  "id": "way/351156790",
  "properties": {
    "building": "yes",
    "id": "way/351156790"
  },
  "geometry": {
    "type": "Polygon",
    "coordinates": [
      [
        [
          77.1366665,
          28.6652
        ],
        [
          77.1367455,
          28.6650869
        ],
        [
          77.1368977,
          28.6651688
        ],
        [
          77.1368187,
          28.6652819
        ],
        [
          77.1366665,
          28.6652
        ]
      ]
    ]
  }
},
{
  "type": "Feature",
  "id": "way/351156793",
  "properties": {
    "building": "yes",
    "id": "way/351156793"
  },
  "geometry": {
    "type": "Polygon",
    "coordinates": [
      [
        [
          77.1401709,
          28.6659538
        ],
        [
          77.1401678,
          28.6658786
        ],
        [
          77.1403239,
          28.6658736
        ],
        [
          77.140327,
          28.6659488
        ],
        [
          77.1401709,
          28.6659538
        ]
      ]
    ]
  }
},
{
  "type": "Feature",
  "id": "way/351156795",
  "properties": {
    "building": "yes",
    "id": "way/351156795"
  },
  "geometry": {
    "type": "Polygon",
    "coordinates": [
      [
        [
          77.1401675,
          28.6660342
        ],
        [
          77.1401638,
          28.6659809
        ],
        [
          77.1403278,
          28.665972
        ],
        [
          77.1403316,
          28.6660252
        ],
        [
          77.1401675,
          28.6660342
        ]
      ]
    ]
  }
},
{
  "type": "Feature",
  "id": "way/351156800",
  "properties": {
    "building": "yes",
    "id": "way/351156800"
  },
  "geometry": {
    "type": "Polygon",
    "coordinates": [
      [
        [
          77.1371825,
          28.6652741
        ],
        [
          77.1373441,
          28.665364
        ],
        [
          77.1372986,
          28.6654269
        ],
        [
          77.137137,
          28.665337
        ],
        [
          77.1371825,
          28.6652741
        ]
      ]
    ]
  }
},
{
  "type": "Feature",
  "id": "way/351156803",
  "properties": {
    "building": "yes",
    "id": "way/351156803"
  },
  "geometry": {
    "type": "Polygon",
    "coordinates": [
      [
        [
          77.1360533,
          28.6648421
        ],
        [
          77.1360909,
          28.6647845
        ],
        [
          77.1362501,
          28.6648645
        ],
        [
          77.1362125,
          28.6649221
        ],
        [
          77.1360533,
          28.6648421
        ]
      ]
    ]
  }
},
{
  "type": "Feature",
  "id": "way/351156806",
  "properties": {
    "building": "yes",
    "id": "way/351156806"
  },
  "geometry": {
    "type": "Polygon",
    "coordinates": [
      [
        [
          77.1373074,
          28.6647444
        ],
        [
          77.1373855,
          28.6646358
        ],
        [
          77.1375567,
          28.6647306
        ],
        [
          77.1374786,
          28.6648392
        ],
        [
          77.1373074,
          28.6647444
        ]
      ]
    ]
  }
},
{
  "type": "Feature",
  "id": "way/351156807",
  "properties": {
    "building": "yes",
    "id": "way/351156807"
  },
  "geometry": {
    "type": "Polygon",
    "coordinates": [
      [
        [
          77.1399763,
          28.6659051
        ],
        [
          77.13997,
          28.6658495
        ],
        [
          77.1401296,
          28.6658356
        ],
        [
          77.1401358,
          28.6658912
        ],
        [
          77.1399763,
          28.6659051
        ]
      ]
    ]
  }
},
{
  "type": "Feature",
  "id": "way/351156818",
  "properties": {
    "building": "yes",
    "id": "way/351156818"
  },
  "geometry": {
    "type": "Polygon",
    "coordinates": [
      [
        [
          77.1268895,
          28.6652632
        ],
        [
          77.1268751,
          28.6651282
        ],
        [
          77.1271534,
          28.6651054
        ],
        [
          77.1271678,
          28.6652404
        ],
        [
          77.1268895,
          28.6652632
        ]
      ]
    ]
  }
},
{
  "type": "Feature",
  "id": "way/351156831",
  "properties": {
    "building": "yes",
    "id": "way/351156831"
  },
  "geometry": {
    "type": "Polygon",
    "coordinates": [
      [
        [
          77.1373985,
          28.6654173
        ],
        [
          77.1375464,
          28.665508
        ],
        [
          77.1374536,
          28.6656245
        ],
        [
          77.1373057,
          28.6655338
        ],
        [
          77.1373985,
          28.6654173
        ]
      ]
    ]
  }
},
{
  "type": "Feature",
  "id": "way/351156832",
  "properties": {
    "building": "yes",
    "id": "way/351156832"
  },
  "geometry": {
    "type": "Polygon",
    "coordinates": [
      [
        [
          77.1401551,
          28.6657572
        ],
        [
          77.1403372,
          28.6657552
        ],
        [
          77.1403381,
          28.6658208
        ],
        [
          77.140156,
          28.6658228
        ],
        [
          77.1401551,
          28.6657572
        ]
      ]
    ]
  }
},
{
  "type": "Feature",
  "id": "way/351156841",
  "properties": {
    "building": "yes",
    "id": "way/351156841"
  },
  "geometry": {
    "type": "Polygon",
    "coordinates": [
      [
        [
          77.1376199,
          28.6643784
        ],
        [
          77.1377414,
          28.6644415
        ],
        [
          77.1377011,
          28.6645014
        ],
        [
          77.1375795,
          28.6644382
        ],
        [
          77.1376199,
          28.6643784
        ]
      ]
    ]
  }
},
{
  "type": "Feature",
  "id": "way/351156843",
  "properties": {
    "building": "yes",
    "id": "way/351156843"
  },
  "geometry": {
    "type": "Polygon",
    "coordinates": [
      [
        [
          77.1376879,
          28.6642197
        ],
        [
          77.137758,
          28.6641151
        ],
        [
          77.1379212,
          28.6641993
        ],
        [
          77.137851,
          28.664304
        ],
        [
          77.1376879,
          28.6642197
        ]
      ]
    ]
  }
},
{
  "type": "Feature",
  "id": "way/351156853",
  "properties": {
    "building": "yes",
    "id": "way/351156853"
  },
  "geometry": {
    "type": "Polygon",
    "coordinates": [
      [
        [
          77.1375431,
          28.6644331
        ],
        [
          77.1377047,
          28.6645152
        ],
        [
          77.137662,
          28.6645798
        ],
        [
          77.1375005,
          28.6644977
        ],
        [
          77.1375431,
          28.6644331
        ]
      ]
    ]
  }
},
{
  "type": "Feature",
  "id": "way/351156863",
  "properties": {
    "building": "yes",
    "id": "way/351156863"
  },
  "geometry": {
    "type": "Polygon",
    "coordinates": [
      [
        [
          77.1379289,
          28.6666409
        ],
        [
          77.1378214,
          28.6667878
        ],
        [
          77.1376942,
          28.6667161
        ],
        [
          77.1378017,
          28.6665692
        ],
        [
          77.1379289,
          28.6666409
        ]
      ]
    ]
  }
},
{
  "type": "Feature",
  "id": "way/351156869",
  "properties": {
    "building": "yes",
    "id": "way/351156869"
  },
  "geometry": {
    "type": "Polygon",
    "coordinates": [
      [
        [
          77.1376608,
          28.6665148
        ],
        [
          77.137771,
          28.6665795
        ],
        [
          77.137659,
          28.6667264
        ],
        [
          77.1375488,
          28.6666617
        ],
        [
          77.1376608,
          28.6665148
        ]
      ]
    ]
  }
},
{
  "type": "Feature",
  "id": "way/351156874",
  "properties": {
    "building": "yes",
    "id": "way/351156874"
  },
  "geometry": {
    "type": "Polygon",
    "coordinates": [
      [
        [
          77.1375669,
          28.6662642
        ],
        [
          77.1376297,
          28.6661813
        ],
        [
          77.1378041,
          28.6662831
        ],
        [
          77.1377413,
          28.666366
        ],
        [
          77.1375669,
          28.6662642
        ]
      ]
    ]
  }
},
{
  "type": "Feature",
  "id": "way/351156876",
  "properties": {
    "building": "yes",
    "id": "way/351156876"
  },
  "geometry": {
    "type": "Polygon",
    "coordinates": [
      [
        [
          77.137696,
          28.6653162
        ],
        [
          77.1376212,
          28.6654166
        ],
        [
          77.1374549,
          28.6653211
        ],
        [
          77.1375297,
          28.6652208
        ],
        [
          77.137696,
          28.6653162
        ]
      ]
    ]
  }
},
{
  "type": "Feature",
  "id": "way/351156880",
  "properties": {
    "building": "yes",
    "id": "way/351156880"
  },
  "geometry": {
    "type": "Polygon",
    "coordinates": [
      [
        [
          77.140034,
          28.6661305
        ],
        [
          77.1401573,
          28.6661215
        ],
        [
          77.140163,
          28.6661816
        ],
        [
          77.1400397,
          28.6661905
        ],
        [
          77.140034,
          28.6661305
        ]
      ]
    ]
  }
},
{
  "type": "Feature",
  "id": "way/351156893",
  "properties": {
    "building": "yes",
    "id": "way/351156893"
  },
  "geometry": {
    "type": "Polygon",
    "coordinates": [
      [
        [
          77.1377295,
          28.6660632
        ],
        [
          77.1378906,
          28.6661634
        ],
        [
          77.1378106,
          28.6662624
        ],
        [
          77.1376495,
          28.6661621
        ],
        [
          77.1377295,
          28.6660632
        ]
      ]
    ]
  }
},
{
  "type": "Feature",
  "id": "way/351156900",
  "properties": {
    "building": "yes",
    "id": "way/351156900"
  },
  "geometry": {
    "type": "Polygon",
    "coordinates": [
      [
        [
          77.1362363,
          28.6645024
        ],
        [
          77.1364135,
          28.6645843
        ],
        [
          77.1363199,
          28.6647401
        ],
        [
          77.1361427,
          28.6646582
        ],
        [
          77.1362363,
          28.6645024
        ]
      ]
    ]
  }
},
{
  "type": "Feature",
  "id": "way/351156902",
  "properties": {
    "building": "yes",
    "id": "way/351156902"
  },
  "geometry": {
    "type": "Polygon",
    "coordinates": [
      [
        [
          77.1400046,
          28.6661116
        ],
        [
          77.1400034,
          28.6660631
        ],
        [
          77.1401595,
          28.6660601
        ],
        [
          77.1401607,
          28.6661086
        ],
        [
          77.1400046,
          28.6661116
        ]
      ]
    ]
  }
},
{
  "type": "Feature",
  "id": "way/351156924",
  "properties": {
    "building": "yes",
    "id": "way/351156924"
  },
  "geometry": {
    "type": "Polygon",
    "coordinates": [
      [
        [
          77.137185,
          28.6649016
        ],
        [
          77.137281,
          28.6647648
        ],
        [
          77.1374698,
          28.6648667
        ],
        [
          77.1373738,
          28.6650036
        ],
        [
          77.137185,
          28.6649016
        ]
      ]
    ]
  }
},
{
  "type": "Feature",
  "id": "way/351156929",
  "properties": {
    "building": "yes",
    "id": "way/351156929"
  },
  "geometry": {
    "type": "Polygon",
    "coordinates": [
      [
        [
          77.1366203,
          28.6651741
        ],
        [
          77.1364715,
          28.6650816
        ],
        [
          77.1365308,
          28.6650082
        ],
        [
          77.136502,
          28.6649903
        ],
        [
          77.1365335,
          28.6649513
        ],
        [
          77.1367111,
          28.6650617
        ],
        [
          77.1366203,
          28.6651741
        ]
      ]
    ]
  }
},
{
  "type": "Feature",
  "id": "way/351156930",
  "properties": {
    "building": "yes",
    "id": "way/351156930"
  },
  "geometry": {
    "type": "Polygon",
    "coordinates": [
      [
        [
          77.1362463,
          28.6649532
        ],
        [
          77.1364533,
          28.6650574
        ],
        [
          77.1364033,
          28.6651339
        ],
        [
          77.1364148,
          28.6651396
        ],
        [
          77.1363701,
          28.6652079
        ],
        [
          77.1363586,
          28.6652022
        ],
        [
          77.1363449,
          28.6652231
        ],
        [
          77.1361379,
          28.6651189
        ],
        [
          77.1362463,
          28.6649532
        ]
      ]
    ]
  }
},
{
  "type": "Feature",
  "id": "way/352223147",
  "properties": {
    "building": "yes",
    "id": "way/352223147"
  },
  "geometry": {
    "type": "Polygon",
    "coordinates": [
      [
        [
          77.1294415,
          28.673776
        ],
        [
          77.129404,
          28.6736242
        ],
        [
          77.129559,
          28.6735948
        ],
        [
          77.1295964,
          28.6737465
        ],
        [
          77.1294415,
          28.673776
        ]
      ]
    ]
  }
},
{
  "type": "Feature",
  "id": "way/352223148",
  "properties": {
    "building": "yes",
    "id": "way/352223148"
  },
  "geometry": {
    "type": "Polygon",
    "coordinates": [
      [
        [
          77.1319786,
          28.6739807
        ],
        [
          77.1317606,
          28.6740588
        ],
        [
          77.1316974,
          28.6739232
        ],
        [
          77.131865,
          28.6738631
        ],
        [
          77.1318525,
          28.6738363
        ],
        [
          77.131903,
          28.6738182
        ],
        [
          77.1319786,
          28.6739807
        ]
      ]
    ]
  }
},
{
  "type": "Feature",
  "id": "way/355023317",
  "properties": {
    "building": "yes",
    "id": "way/355023317"
  },
  "geometry": {
    "type": "Polygon",
    "coordinates": [
      [
        [
          77.1239823,
          28.6678269
        ],
        [
          77.1239623,
          28.6676162
        ],
        [
          77.1240708,
          28.6676082
        ],
        [
          77.1240908,
          28.667819
        ],
        [
          77.1239823,
          28.6678269
        ]
      ]
    ]
  }
},
{
  "type": "Feature",
  "id": "way/355023341",
  "properties": {
    "building": "yes",
    "id": "way/355023341"
  },
  "geometry": {
    "type": "Polygon",
    "coordinates": [
      [
        [
          77.1245846,
          28.6694807
        ],
        [
          77.1245659,
          28.6693473
        ],
        [
          77.1246825,
          28.6693347
        ],
        [
          77.1247012,
          28.6694681
        ],
        [
          77.1245846,
          28.6694807
        ]
      ]
    ]
  }
},
{
  "type": "Feature",
  "id": "way/355023376",
  "properties": {
    "building": "yes",
    "id": "way/355023376"
  },
  "geometry": {
    "type": "Polygon",
    "coordinates": [
      [
        [
          77.1248013,
          28.6693116
        ],
        [
          77.1249706,
          28.6692934
        ],
        [
          77.1249971,
          28.6694833
        ],
        [
          77.1248278,
          28.6695015
        ],
        [
          77.1248013,
          28.6693116
        ]
      ]
    ]
  }
},
{
  "type": "Feature",
  "id": "way/355023411",
  "properties": {
    "building": "yes",
    "id": "way/355023411"
  },
  "geometry": {
    "type": "Polygon",
    "coordinates": [
      [
        [
          77.124058,
          28.6692331
        ],
        [
          77.1240516,
          28.6691705
        ],
        [
          77.1242402,
          28.6691556
        ],
        [
          77.1242466,
          28.6692183
        ],
        [
          77.124058,
          28.6692331
        ]
      ]
    ]
  }
},
{
  "type": "Feature",
  "id": "way/355023428",
  "properties": {
    "building": "yes",
    "id": "way/355023428"
  },
  "geometry": {
    "type": "Polygon",
    "coordinates": [
      [
        [
          77.1239078,
          28.6682194
        ],
        [
          77.1238713,
          28.6680227
        ],
        [
          77.1240656,
          28.6679949
        ],
        [
          77.1241021,
          28.6681916
        ],
        [
          77.1239078,
          28.6682194
        ]
      ]
    ]
  }
},
{
  "type": "Feature",
  "id": "way/355023437",
  "properties": {
    "building": "yes",
    "id": "way/355023437"
  },
  "geometry": {
    "type": "Polygon",
    "coordinates": [
      [
        [
          77.1240512,
          28.6691588
        ],
        [
          77.1240406,
          28.6690891
        ],
        [
          77.1242337,
          28.6690663
        ],
        [
          77.1242444,
          28.669136
        ],
        [
          77.1240512,
          28.6691588
        ]
      ]
    ]
  }
},
{
  "type": "Feature",
  "id": "way/355023508",
  "properties": {
    "building": "yes",
    "id": "way/355023508"
  },
  "geometry": {
    "type": "Polygon",
    "coordinates": [
      [
        [
          77.1239967,
          28.6735042
        ],
        [
          77.1239779,
          28.6734011
        ],
        [
          77.1241568,
          28.6733759
        ],
        [
          77.1241756,
          28.673479
        ],
        [
          77.1239967,
          28.6735042
        ]
      ]
    ]
  }
},
{
  "type": "Feature",
  "id": "way/355023686",
  "properties": {
    "building": "yes",
    "id": "way/355023686"
  },
  "geometry": {
    "type": "Polygon",
    "coordinates": [
      [
        [
          77.1239372,
          28.6683997
        ],
        [
          77.1239155,
          28.6682931
        ],
        [
          77.1241052,
          28.6682633
        ],
        [
          77.1241269,
          28.66837
        ],
        [
          77.1239372,
          28.6683997
        ]
      ]
    ]
  }
},
{
  "type": "Feature",
  "id": "way/764094249",
  "properties": {
    "addr:district": "West",
    "addr:full": "Block F, sudarshan park",
    "addr:postcode": "110026",
    "addr:state": "Delhi",
    "amenity": "clinic",
    "building": "yes",
    "description": "Dispensaries",
    "health_facility:type": "dispensary",
    "healthcare": "clinic",
    "name": "SPUHC Sudharshan park",
    "source": "OpenGovernmentData",
    "id": "way/764094249"
  },
  "geometry": {
    "type": "Polygon",
    "coordinates": [
      [
        [
          77.1313918,
          28.6634247
        ],
        [
          77.1313327,
          28.6633703
        ],
        [
          77.1314143,
          28.663302
        ],
        [
          77.1314734,
          28.6633564
        ],
        [
          77.1313918,
          28.6634247
        ]
      ]
    ]
  }
},
{
  "type": "Feature",
  "id": "way/1074380905",
  "properties": {
    "building": "yes",
    "id": "way/1074380905"
  },
  "geometry": {
    "type": "Polygon",
    "coordinates": [
      [
        [
          77.1325823,
          28.6708612
        ],
        [
          77.1325542,
          28.6706951
        ],
        [
          77.1330141,
          28.6706352
        ],
        [
          77.1330422,
          28.6708014
        ],
        [
          77.1325823,
          28.6708612
        ]
      ]
    ]
  }
},
{
  "type": "Feature",
  "id": "way/1084693965",
  "properties": {
    "building": "transportation",
    "id": "way/1084693965"
  },
  "geometry": {
    "type": "Polygon",
    "coordinates": [
      [
        [
          77.1392896,
          28.6734512
        ],
        [
          77.1391794,
          28.6731496
        ],
        [
          77.1391273,
          28.6731632
        ],
        [
          77.1390782,
          28.6730365
        ],
        [
          77.1390364,
          28.6729016
        ],
        [
          77.1390168,
          28.6728219
        ],
        [
          77.1389375,
          28.6724692
        ],
        [
          77.1389927,
          28.6724577
        ],
        [
          77.1389442,
          28.6722105
        ],
        [
          77.1391247,
          28.6721609
        ],
        [
          77.1391654,
          28.6721497
        ],
        [
          77.1392726,
          28.6723741
        ],
        [
          77.139353,
          28.672623
        ],
        [
          77.1394185,
          28.6728402
        ],
        [
          77.1394645,
          28.6730404
        ],
        [
          77.1394837,
          28.67316
        ],
        [
          77.139507,
          28.6734068
        ],
        [
          77.1394755,
          28.6734133
        ],
        [
          77.1392896,
          28.6734512
        ]
      ]
    ]
  }
},
{
  "type": "Feature",
  "id": "way/1084693966",
  "properties": {
    "building": "transportation",
    "building:min_level": "2",
    "layer": "3",
    "note": "building:min_level_ref=M (Mezzanine)",
    "id": "way/1084693966"
  },
  "geometry": {
    "type": "Polygon",
    "coordinates": [
      [
        [
          77.1395219,
          28.6742749
        ],
        [
          77.1394885,
          28.6740639
        ],
        [
          77.1409404,
          28.6738873
        ],
        [
          77.1409737,
          28.6740986
        ],
        [
          77.1395219,
          28.6742749
        ]
      ]
    ]
  }
},
{
  "type": "Feature",
  "id": "way/1255947739",
  "properties": {
    "addr:city": "DELHI",
    "addr:housenumber": "H-94/1",
    "addr:postcode": "110026",
    "addr:street": "shivaji park",
    "building": "house",
    "building:levels": "3",
    "name": "MEHTA HOUSE",
    "id": "way/1255947739"
  },
  "geometry": {
    "type": "Polygon",
    "coordinates": [
      [
        [
          77.1297412,
          28.6733978
        ],
        [
          77.1298028,
          28.67353
        ],
        [
          77.1295472,
          28.6734703
        ],
        [
          77.1297412,
          28.6733978
        ]
      ]
    ]
  }
},
{
  "type": "Feature",
  "id": "way/1273617439",
  "properties": {
    "building": "yes",
    "level": "1",
    "roof:shape": "flat",
    "id": "way/1273617439"
  },
  "geometry": {
    "type": "Polygon",
    "coordinates": [
      [
        [
          77.135115,
          28.6665505
        ],
        [
          77.1351361,
          28.6665325
        ],
        [
          77.1351744,
          28.6665672
        ],
        [
          77.1351532,
          28.6665852
        ],
        [
          77.135115,
          28.6665505
        ]
      ]
    ]
  }
},
{
  "type": "Feature",
  "id": "way/1273617440",
  "properties": {
    "building": "yes",
    "level": "0",
    "id": "way/1273617440"
  },
  "geometry": {
    "type": "Polygon",
    "coordinates": [
      [
        [
          77.1350369,
          28.6665035
        ],
        [
          77.1350726,
          28.6665319
        ],
        [
          77.1350355,
          28.6665679
        ],
        [
          77.1349997,
          28.6665396
        ],
        [
          77.1350369,
          28.6665035
        ]
      ]
    ]
  }
},
{
  "type": "Feature",
  "id": "way/1273617443",
  "properties": {
    "building": "yes",
    "name": "Staff Building",
    "id": "way/1273617443"
  },
  "geometry": {
    "type": "Polygon",
    "coordinates": [
      [
        [
          77.1344158,
          28.6651922
        ],
        [
          77.1342866,
          28.6653175
        ],
        [
          77.134132,
          28.6651947
        ],
        [
          77.1342015,
          28.6651273
        ],
        [
          77.1342495,
          28.6651655
        ],
        [
          77.1343092,
          28.6651075
        ],
        [
          77.1344158,
          28.6651922
        ]
      ]
    ]
  }
},
{
  "type": "Feature",
  "id": "way/1383489238",
  "properties": {
    "building": "yes",
    "id": "way/1383489238"
  },
  "geometry": {
    "type": "Polygon",
    "coordinates": [
      [
        [
          77.1409299,
          28.6708741
        ],
        [
          77.1408891,
          28.670763
        ],
        [
          77.1411101,
          28.6706858
        ],
        [
          77.1411509,
          28.6707913
        ],
        [
          77.1409299,
          28.6708741
        ]
      ]
    ]
  }
},
{
  "type": "Feature",
  "id": "way/1383489239",
  "properties": {
    "building": "yes",
    "id": "way/1383489239"
  },
  "geometry": {
    "type": "Polygon",
    "coordinates": [
      [
        [
          77.1379666,
          28.6690362
        ],
        [
          77.1381934,
          28.6688199
        ],
        [
          77.1383364,
          28.6689302
        ],
        [
          77.1380825,
          28.669127
        ],
        [
          77.1379666,
          28.6690362
        ]
      ]
    ]
  }
},
{
  "type": "Feature",
  "id": "way/1383489240",
  "properties": {
    "building": "yes",
    "id": "way/1383489240"
  },
  "geometry": {
    "type": "Polygon",
    "coordinates": [
      [
        [
          77.1384012,
          28.6683086
        ],
        [
          77.1383815,
          28.6681529
        ],
        [
          77.1385935,
          28.6681269
        ],
        [
          77.1386255,
          28.668274
        ],
        [
          77.1384012,
          28.6683086
        ]
      ]
    ]
  }
},
{
  "type": "Feature",
  "id": "way/1383489241",
  "properties": {
    "building": "yes",
    "id": "way/1383489241"
  },
  "geometry": {
    "type": "Polygon",
    "coordinates": [
      [
        [
          77.1386562,
          28.6685183
        ],
        [
          77.138639,
          28.6683338
        ],
        [
          77.138757,
          28.6683225
        ],
        [
          77.1387742,
          28.6685032
        ],
        [
          77.1386562,
          28.6685183
        ]
      ]
    ]
  }
},
{
  "type": "Feature",
  "id": "way/1383489242",
  "properties": {
    "building": "yes",
    "id": "way/1383489242"
  },
  "geometry": {
    "type": "Polygon",
    "coordinates": [
      [
        [
          77.139272,
          28.6687518
        ],
        [
          77.1392377,
          28.6685616
        ],
        [
          77.1393364,
          28.6685522
        ],
        [
          77.1393664,
          28.6687423
        ],
        [
          77.139272,
          28.6687518
        ]
      ]
    ]
  }
},
{
  "type": "Feature",
  "id": "way/1383489243",
  "properties": {
    "building": "yes",
    "id": "way/1383489243"
  },
  "geometry": {
    "type": "Polygon",
    "coordinates": [
      [
        [
          77.1393943,
          28.6687461
        ],
        [
          77.1393664,
          28.6685578
        ],
        [
          77.1395273,
          28.6685428
        ],
        [
          77.1395552,
          28.6687235
        ],
        [
          77.1393943,
          28.6687461
        ]
      ]
    ]
  }
},
{
  "type": "Feature",
  "id": "way/1383489246",
  "properties": {
    "building": "yes",
    "id": "way/1383489246"
  },
  "geometry": {
    "type": "Polygon",
    "coordinates": [
      [
        [
          77.1416783,
          28.6718439
        ],
        [
          77.1416274,
          28.6716049
        ],
        [
          77.1418081,
          28.6715826
        ],
        [
          77.1418336,
          28.6718238
        ],
        [
          77.1416783,
          28.6718439
        ]
      ]
    ]
  }
},
{
  "type": "Feature",
  "id": "way/1418931651",
  "properties": {
    "building": "yes",
    "id": "way/1418931651"
  },
  "geometry": {
    "type": "Polygon",
    "coordinates": [
      [
        [
          77.1273468,
          28.6725417
        ],
        [
          77.1273959,
          28.6728508
        ],
        [
          77.1272594,
          28.6728675
        ],
        [
          77.1272533,
          28.672829
        ],
        [
          77.1271685,
          28.6728395
        ],
        [
          77.1271801,
          28.672912
        ],
        [
          77.1270604,
          28.6729268
        ],
        [
          77.1270713,
          28.6729949
        ],
        [
          77.1271171,
          28.6729893
        ],
        [
          77.1271232,
          28.6730273
        ],
        [
          77.1271591,
          28.6730228
        ],
        [
          77.1271703,
          28.6730913
        ],
        [
          77.1270878,
          28.6731016
        ],
        [
          77.1270895,
          28.6731118
        ],
        [
          77.127196,
          28.673098
        ],
        [
          77.1271894,
          28.6730586
        ],
        [
          77.1274853,
          28.6730202
        ],
        [
          77.1275148,
          28.6731951
        ],
        [
          77.1273079,
          28.673222
        ],
        [
          77.1272903,
          28.6731179
        ],
        [
          77.1270888,
          28.6731441
        ],
        [
          77.1270934,
          28.673171
        ],
        [
          77.1271632,
          28.6731619
        ],
        [
          77.1271726,
          28.6732168
        ],
        [
          77.1271375,
          28.6732215
        ],
        [
          77.1271456,
          28.6732694
        ],
        [
          77.1271799,
          28.6732649
        ],
        [
          77.1271942,
          28.6733484
        ],
        [
          77.1272587,
          28.6733399
        ],
        [
          77.1272841,
          28.673488
        ],
        [
          77.127216,
          28.673497
        ],
        [
          77.1272116,
          28.6734715
        ],
        [
          77.1271222,
          28.6734834
        ],
        [
          77.1271262,
          28.6735063
        ],
        [
          77.1270701,
          28.6735138
        ],
        [
          77.1270555,
          28.6734299
        ],
        [
          77.1270098,
          28.673436
        ],
        [
          77.1269822,
          28.6732773
        ],
        [
          77.1270287,
          28.6732711
        ],
        [
          77.1270214,
          28.6732288
        ],
        [
          77.1269988,
          28.6732318
        ],
        [
          77.1269908,
          28.6731843
        ],
        [
          77.1270178,
          28.6731808
        ],
        [
          77.1270059,
          28.673109
        ],
        [
          77.1269881,
          28.6731113
        ],
        [
          77.1269814,
          28.6730691
        ],
        [
          77.1270093,
          28.6730657
        ],
        [
          77.1270004,
          28.6730089
        ],
        [
          77.1270303,
          28.6730053
        ],
        [
          77.1270256,
          28.6729751
        ],
        [
          77.126865,
          28.6729939
        ],
        [
          77.1268329,
          28.6727821
        ],
        [
          77.1270051,
          28.6727621
        ],
        [
          77.126994,
          28.6726882
        ],
        [
          77.1270517,
          28.6726815
        ],
        [
          77.1270696,
          28.6728002
        ],
        [
          77.1272523,
          28.6727791
        ],
        [
          77.1272189,
          28.6725564
        ],
        [
          77.1273468,
          28.6725417
        ]
      ]
    ]
  }
},
{
  "type": "Feature",
  "id": "way/1418931657",
  "properties": {
    "building": "yes",
    "id": "way/1418931657"
  },
  "geometry": {
    "type": "Polygon",
    "coordinates": [
      [
        [
          77.1278374,
          28.6730542
        ],
        [
          77.1278123,
          28.6728855
        ],
        [
          77.1278534,
          28.6728808
        ],
        [
          77.1278784,
          28.6730495
        ],
        [
          77.1278374,
          28.6730542
        ]
      ]
    ]
  }
},
{
  "type": "Feature",
  "id": "way/1418931659",
  "properties": {
    "building": "yes",
    "id": "way/1418931659"
  },
  "geometry": {
    "type": "Polygon",
    "coordinates": [
      [
        [
          77.1267999,
          28.6730804
        ],
        [
          77.1268138,
          28.673184
        ],
        [
          77.1267769,
          28.6731878
        ],
        [
          77.1267955,
          28.6733263
        ],
        [
          77.1267727,
          28.6733286
        ],
        [
          77.1267914,
          28.6734669
        ],
        [
          77.1268254,
          28.6734633
        ],
        [
          77.1268298,
          28.6734962
        ],
        [
          77.1267713,
          28.6735023
        ],
        [
          77.1267754,
          28.6735326
        ],
        [
          77.1268554,
          28.6735243
        ],
        [
          77.126861,
          28.6735654
        ],
        [
          77.1267508,
          28.6735769
        ],
        [
          77.1267455,
          28.6735381
        ],
        [
          77.1267336,
          28.6735394
        ],
        [
          77.1267357,
          28.6735541
        ],
        [
          77.1266514,
          28.6735633
        ],
        [
          77.1266459,
          28.6735245
        ],
        [
          77.1265725,
          28.6735325
        ],
        [
          77.1265634,
          28.6734682
        ],
        [
          77.1266509,
          28.6734586
        ],
        [
          77.1266495,
          28.6734494
        ],
        [
          77.1266104,
          28.6734538
        ],
        [
          77.1266005,
          28.6733867
        ],
        [
          77.1266947,
          28.673376
        ],
        [
          77.1266933,
          28.6733665
        ],
        [
          77.1265934,
          28.6733783
        ],
        [
          77.1265826,
          28.6733082
        ],
        [
          77.126628,
          28.6733029
        ],
        [
          77.1266267,
          28.6732948
        ],
        [
          77.1265364,
          28.6733059
        ],
        [
          77.1265254,
          28.6732381
        ],
        [
          77.126588,
          28.6732304
        ],
        [
          77.1265868,
          28.6732232
        ],
        [
          77.1265289,
          28.6732307
        ],
        [
          77.1265132,
          28.6731372
        ],
        [
          77.1265954,
          28.6731266
        ],
        [
          77.1265918,
          28.6731054
        ],
        [
          77.1266639,
          28.673096
        ],
        [
          77.12667,
          28.6731319
        ],
        [
          77.1266884,
          28.6731295
        ],
        [
          77.1266827,
          28.6730958
        ],
        [
          77.1267999,
          28.6730804
        ]
      ]
    ]
  }
}
]
}
