{"type": "FeatureCollection", "features": [
{"id":"3e93c922-dbcc-4240-909c-d83133c101d4","type":"Feature","geometry":{"type":"Polygon","coordinates":[[[77.12896310000001,28.6692189],[77.1287703,28.6692364],[77.1287416,28.6689925],[77.1289344,28.668975],[77.12896310000001,28.6692189]]]},"properties":{"sources":[{"property":"","dataset":"OpenStreetMap","license":"ODbL-1.0","record_id":"w349993992@1","update_time":"2015-05-30T06:19:17.000Z","confidence":null,"between":null}],"is_underground":false,"has_parts":false,"version":1}},
{"id":"072c91b8-a043-4dc3-8aab-691d90ebace8","type":"Feature","geometry":{"type":"Polygon","coordinates":[[[77.1286637,28.6689961],[77.1287007,28.6689928],[77.1287071,28.6690492],[77.1286701,28.6690524],[77.1286637,28.6689961]]]},"properties":{"sources":[{"property":"","dataset":"Google Open Buildings","license":null,"record_id":"7JWVM49H+JF3X","update_time":"2023-05-01T00:00:00.000Z","confidence":0.6681,"between":null}],"is_underground":false,"has_parts":false,"version":1}},
{"id":"b4d97126-7696-4808-84c1-d3365aea7101","type":"Feature","geometry":{"type":"Polygon","coordinates":[[[77.1292748,28.6691921],[77.1290753,28.669234],[77.1289996,28.6689566],[77.1291992,28.6689147],[77.1292748,28.6691921]]]},"properties":{"sources":[{"property":"","dataset":"OpenStreetMap","license":"ODbL-1.0","record_id":"w349993956@1","update_time":"2015-05-30T06:19:16.000Z","confidence":null,"between":null}],"is_underground":false,"has_parts":false,"version":1}},
{"id":"e14f3981-cf1d-411a-b9f2-8f042271836f","type":"Feature","geometry":{"type":"Polygon","coordinates":[[[77.1294286,28.6690235],[77.1293494,28.6690548],[77.1292599,28.6688803],[77.1293392,28.668849],[77.1294286,28.6690235]]]},"properties":{"sources":[{"property":"","dataset":"OpenStreetMap","license":"ODbL-1.0","record_id":"w349994008@1","update_time":"2015-05-30T06:19:18.000Z","confidence":null,"between":null}],"is_underground":false,"has_parts":false,"version":1}},
{"id":"c5d0cecf-7294-4dab-ba5a-d2fc82c2f908","type":"Feature","geometry":{"type":"Polygon","coordinates":[[[77.1293247,28.6684044],[77.1292686,28.6684078],[77.1292652,28.6683645],[77.1293212,28.6683611],[77.1293247,28.6684044]]]},"properties":{"sources":[{"property":"","dataset":"Microsoft ML Buildings","license":"ODbL-1.0","record_id":null,"update_time":"2021-07-25T00:00:00.000Z","confidence":null,"between":null}],"is_underground":false,"has_parts":false,"version":3}},
{"id":"0320393f-cdbb-4df4-8095-8fa5783c4f38","type":"Feature","geometry":{"type":"Polygon","coordinates":[[[77.12876,28.6671189],[77.1287681,28.6671737],[77.1286768,28.6671841],[77.1286687,28.6671293],[77.12876,28.6671189]]]},"properties":{"sources":[{"property":"","dataset":"Google Open Buildings","license":null,"record_id":"7JWVM48H+VF85","update_time":"2023-05-01T00:00:00.000Z","confidence":0.7393,"between":null}],"is_underground":false,"has_parts":false,"version":1}},
{"id":"a21f9ca5-7f9d-44b2-8194-85a7504475ea","type":"Feature","geometry":{"type":"Polygon","coordinates":[[[77.1288134,28.6664801],[77.1288513,28.6664981],[77.1288325,28.6665288],[77.1287946,28.6665108],[77.1288134,28.6664801]]]},"properties":{"sources":[{"property":"","dataset":"Google Open Buildings","license":null,"record_id":"7JWVM48H+JG43","update_time":"2023-05-01T00:00:00.000Z","confidence":0.6789,"between":null}],"is_underground":false,"has_parts":false,"version":1}},
{"id":"885a36cf-1884-4ca0-8ed9-d25f713d91f7","type":"Feature","geometry":{"type":"Polygon","coordinates":[[[77.1302069,28.6660704],[77.1300611,28.6661483],[77.1300091,28.6660725],[77.1301055,28.6660209],[77.1301317,28.6660591],[77.130181,28.6660327],[77.1302069,28.6660704]]]},"properties":{"sources":[{"property":"","dataset":"Google Open Buildings","license":null,"record_id":"7JWVM48J+C2Q6","update_time":"2023-05-01T00:00:00.000Z","confidence":0.6574,"between":null}],"is_underground":false,"has_parts":false,"version":1}},
{"id":"38bfcc8f-cfd5-44fb-8cc7-22510133418b","type":"Feature","geometry":{"type":"Polygon","coordinates":[[[77.131159,28.6660746],[77.1312346,28.666042],[77.1313239,28.6662011],[77.1312483,28.6662337],[77.131159,28.6660746]]]},"properties":{"sources":[{"property":"","dataset":"Microsoft ML Buildings","license":"ODbL-1.0","record_id":null,"update_time":"2021-07-25T00:00:00.000Z","confidence":null,"between":null}],"is_underground":false,"has_parts":false,"version":3}},
{"id":"4ce918dd-37c4-4746-adce-f4d1a2e736f0","type":"Feature","geometry":{"type":"Polygon","coordinates":[[[77.1314044,28.6662519],[77.1314432,28.6663333],[77.1313754,28.6663584],[77.1313366,28.6662771],[77.1314044,28.6662519]]]},"properties":{"sources":[{"property":"","dataset":"Google Open Buildings","license":null,"record_id":"7JWVM48J+GHC7","update_time":"2023-05-01T00:00:00.000Z","confidence":0.8539,"between":null}],"is_underground":false,"has_parts":false,"version":1}},
{"id":"8614c447-6416-47d2-8778-7092b7d2a06a","type":"Feature","geometry":{"type":"Polygon","coordinates":[[[77.1304512,28.6661929],[77.1308436,28.6667862],[77.1305276,28.6669471],[77.1302231,28.6664868],[77.1301991,28.666499],[77.1300954,28.6663424],[77.1301526,28.6663132],[77.1301683,28.666337],[77.1304512,28.6661929]]]},"properties":{"sources":[{"property":"","dataset":"Microsoft ML Buildings","license":"ODbL-1.0","record_id":null,"update_time":"2021-07-25T00:00:00.000Z","confidence":null,"between":null}],"is_underground":false,"has_parts":false,"version":3}},
{"id":"80b15aeb-3b69-4dfa-8578-4a742984bc33","type":"Feature","geometry":{"type":"Polygon","coordinates":[[[77.1305592,28.6670789],[77.1306065,28.6670515],[77.1307775,28.667281],[77.1307302,28.6673084],[77.1305592,28.6670789]]]},"properties":{"sources":[{"property":"","dataset":"Google Open Buildings","license":null,"record_id":"7JWVM48J+V7F3","update_time":"2023-05-01T00:00:00.000Z","confidence":0.815,"between":null}],"is_underground":false,"has_parts":false,"version":1}},
{"id":"b408ee98-0212-4965-ad06-a75c776467ff","type":"Feature","geometry":{"type":"Polygon","coordinates":[[[77.1307641,28.6669496],[77.1310454,28.6673271],[77.1308823,28.6674216],[77.130601,28.6670441],[77.1307641,28.6669496]]]},"properties":{"sources":[{"property":"","dataset":"Google Open Buildings","license":null,"record_id":"7JWVM48J+V8GF","update_time":"2023-05-01T00:00:00.000Z","confidence":0.9061,"between":null}],"is_underground":false,"has_parts":false,"version":1}},
{"id":"66910170-a20f-4b29-9d68-edd003cdfdb8","type":"Feature","geometry":{"type":"Polygon","coordinates":[[[77.1310572,28.6668513],[77.1310675,28.6668978],[77.1309883,28.6669113],[77.1309781,28.6668649],[77.1310572,28.6668513]]]},"properties":{"sources":[{"property":"","dataset":"Google Open Buildings","license":null,"record_id":"7JWVM48J+QC28","update_time":"2023-05-01T00:00:00.000Z","confidence":0.7922,"between":null}],"is_underground":false,"has_parts":false,"version":1}},
{"id":"1cdfb182-c5d6-4232-8423-1f6eaf9d78cf","type":"Feature","geometry":{"type":"Polygon","coordinates":[[[77.1311273,28.6668528],[77.1312629,28.6669092],[77.1312378,28.6669562],[77.1311021,28.6668997],[77.1311273,28.6668528]]]},"properties":{"sources":[{"property":"","dataset":"Google Open Buildings","license":null,"record_id":"7JWVM48J+QF75","update_time":"2023-05-01T00:00:00.000Z","confidence":0.89,"between":null}],"is_underground":false,"has_parts":false,"version":1}},
{"id":"191d37f1-1a20-4a92-8054-b3bc55afd5d1","type":"Feature","geometry":{"type":"Polygon","coordinates":[[[77.1312446,28.6670382],[77.1312636,28.6670913],[77.1311965,28.66711],[77.1311775,28.6670569],[77.1312446,28.6670382]]]},"properties":{"sources":[{"property":"","dataset":"Google Open Buildings","license":null,"record_id":"7JWVM48J+RFHR","update_time":"2023-05-01T00:00:00.000Z","confidence":0.7503,"between":null}],"is_underground":false,"has_parts":false,"version":1}},
{"id":"09b92222-3753-4695-b8df-4171c8c63cc0","type":"Feature","geometry":{"type":"Polygon","coordinates":[[[77.131492,28.6674421],[77.1314096,28.6675082],[77.1313849,28.6674842],[77.1314674,28.6674182],[77.131492,28.6674421]]]},"properties":{"sources":[{"property":"","dataset":"Google Open Buildings","license":null,"record_id":"7JWVM48J+XHPC","update_time":"2023-05-01T00:00:00.000Z","confidence":0.673,"between":null}],"is_underground":false,"has_parts":false,"version":1}},
{"id":"4afde510-fd8e-4679-a71b-cafa188c6295","type":"Feature","geometry":{"type":"Polygon","coordinates":[[[77.1295204,28.6688065],[77.1295747,28.6689174],[77.1295283,28.6689351],[77.1294741,28.6688242],[77.1295204,28.6688065]]]},"properties":{"sources":[{"property":"","dataset":"Google Open Buildings","license":null,"record_id":"7JWVM49H+GRRX","update_time":"2023-05-01T00:00:00.000Z","confidence":0.7311,"between":null}],"is_underground":false,"has_parts":false,"version":1}},
{"id":"70bf7b85-9d5f-46e5-b4a2-088daac21d7b","type":"Feature","geometry":{"type":"Polygon","coordinates":[[[77.1296044,28.6690977],[77.1294963,28.6691374],[77.129351,28.6688333],[77.1294591,28.6687935],[77.1296044,28.6690977]]]},"properties":{"sources":[{"property":"","dataset":"OpenStreetMap","license":"ODbL-1.0","record_id":"w349993893@1","update_time":"2015-05-30T06:19:12.000Z","confidence":null,"between":null}],"is_underground":false,"has_parts":false,"version":1}},
{"id":"c8e4e9a8-9aac-4522-aae4-ced0cecb2d00","type":"Feature","geometry":{"type":"Polygon","coordinates":[[[77.1294366,28.6692761],[77.1294072,28.6692242],[77.1294751,28.6691946],[77.1295045,28.6692464],[77.1294366,28.6692761]]]},"properties":{"sources":[{"property":"","dataset":"Microsoft ML Buildings","license":"ODbL-1.0","record_id":null,"update_time":"2021-07-25T00:00:00.000Z","confidence":null,"between":null}],"is_underground":false,"has_parts":false,"version":3}},
{"id":"91c882d3-478e-4e18-9e39-91987e8cf18a","type":"Feature","geometry":{"type":"Polygon","coordinates":[[[77.1296984,28.6691791],[77.1296263,28.6690507],[77.1298208,28.6689667],[77.1298928,28.669095],[77.1296984,28.6691791]]]},"properties":{"sources":[{"property":"","dataset":"OpenStreetMap","license":"ODbL-1.0","record_id":"w350002038@1","update_time":"2015-05-30T06:59:17.000Z","confidence":null,"between":null}],"is_underground":false,"has_parts":false,"version":1}},
{"id":"2fdf4364-a8c2-4131-bc8e-54ac1c4fcd6d","type":"Feature","geometry":{"type":"Polygon","coordinates":[[[77.1298364,28.6689365],[77.1296792,28.6690121],[77.1296261,28.6689271],[77.1296141,28.6689329],[77.1295333,28.6688039],[77.1297025,28.6687224],[77.1298364,28.6689365]]]},"properties":{"sources":[{"property":"","dataset":"OpenStreetMap","license":"ODbL-1.0","record_id":"w350002162@1","update_time":"2015-05-30T06:59:23.000Z","confidence":null,"between":null}],"is_underground":false,"has_parts":false,"version":1}},
{"id":"0898443d-fdb8-41e4-9824-3f3056857e09","type":"Feature","geometry":{"type":"Polygon","coordinates":[[[77.1298901,28.669025],[77.1299638,28.6689972],[77.1299974,28.6690657],[77.1299236,28.6690935],[77.1298901,28.669025]]]},"properties":{"sources":[{"property":"","dataset":"Microsoft ML Buildings","license":"ODbL-1.0","record_id":null,"update_time":"2021-07-25T00:00:00.000Z","confidence":null,"between":null}],"is_underground":false,"has_parts":false,"version":3}},
{"id":"77786368-3385-41d3-bd58-c37774cbef01","type":"Feature","geometry":{"type":"Polygon","coordinates":[[[77.1303797,28.6692868],[77.130212,28.669353],[77.1300708,28.6690775],[77.1302386,28.6690113],[77.1303797,28.6692868]]]},"properties":{"sources":[{"property":"","dataset":"OpenStreetMap","license":"ODbL-1.0","record_id":"w349993971@1","update_time":"2015-05-30T06:19:16.000Z","confidence":null,"between":null}],"is_underground":false,"has_parts":false,"version":1}},
{"id":"59ad9fdf-26e6-45a0-adcf-285edf5afdf5","type":"Feature","geometry":{"type":"Polygon","coordinates":[[[77.1303188,28.6684452],[77.1305184,28.6688638],[77.1302856,28.6689493],[77.1302064,28.6687831],[77.1301949,28.6687872],[77.1300526,28.6684889],[77.1301918,28.6684377],[77.1302138,28.6684838],[77.1303188,28.6684452]]]},"properties":{"sources":[{"property":"","dataset":"Microsoft ML Buildings","license":"ODbL-1.0","record_id":null,"update_time":"2021-07-25T00:00:00.000Z","confidence":null,"between":null}],"is_underground":false,"has_parts":false,"version":3}},
{"id":"d3878b9b-9fb7-4c78-94f2-0a7bb438aee3","type":"Feature","geometry":{"type":"Polygon","coordinates":[[[77.1301838,28.6689427],[77.1299859,28.6690244],[77.12978150000001,28.6686432],[77.1299793,28.6685615],[77.1301838,28.6689427]]]},"properties":{"sources":[{"property":"","dataset":"OpenStreetMap","license":"ODbL-1.0","record_id":"w350002120@1","update_time":"2015-05-30T06:59:21.000Z","confidence":null,"between":null}],"is_underground":false,"has_parts":false,"version":1}},
{"id":"9214e780-54d9-437d-86c3-4d658361c76c","type":"Feature","geometry":{"type":"Polygon","coordinates":[[[77.1303475,28.6684056],[77.130543,28.6683289],[77.1306819,28.6686015],[77.1306295,28.668622],[77.1306445,28.6686514],[77.1305015,28.6687076],[77.1303475,28.6684056]]]},"properties":{"sources":[{"property":"","dataset":"Microsoft ML Buildings","license":"ODbL-1.0","record_id":null,"update_time":"2021-07-25T00:00:00.000Z","confidence":null,"between":null}],"is_underground":false,"has_parts":false,"version":3}},
{"id":"a51fbb95-fd4f-4a3a-8f3b-6484382da062","type":"Feature","geometry":{"type":"Polygon","coordinates":[[[77.1310274,28.6686349],[77.1308197,28.6687218],[77.1305897,28.6682986],[77.1307974,28.6682117],[77.1310274,28.6686349]]]},"properties":{"sources":[{"property":"","dataset":"OpenStreetMap","license":"ODbL-1.0","record_id":"w350002129@1","update_time":"2015-05-30T06:59:22.000Z","confidence":null,"between":null}],"is_underground":false,"has_parts":false,"version":1}},
{"id":"1a1da4b0-1058-4b34-9ac1-6b4314b66860","type":"Feature","geometry":{"type":"Polygon","coordinates":[[[77.1308849,28.6687535],[77.1309231,28.6687387],[77.1309445,28.6687811],[77.1309063,28.6687959],[77.1308849,28.6687535]]]},"properties":{"sources":[{"property":"","dataset":"Microsoft ML Buildings","license":"ODbL-1.0","record_id":null,"update_time":"2021-07-25T00:00:00.000Z","confidence":null,"between":null}],"is_underground":false,"has_parts":false,"version":3}},
{"id":"e6556416-8b8a-4dcd-bf82-94ab7bb80192","type":"Feature","geometry":{"type":"Polygon","coordinates":[[[77.1306079,28.6687553],[77.1306172,28.6687887],[77.1305705,28.6687988],[77.1305613,28.6687654],[77.1306079,28.6687553]]]},"properties":{"sources":[{"property":"","dataset":"Google Open Buildings","license":null,"record_id":"7JWVM49J+G685","update_time":"2023-05-01T00:00:00.000Z","confidence":0.7126,"between":null}],"is_underground":false,"has_parts":false,"version":1}},
{"id":"23d40341-65e4-41d2-8567-adb983699501","type":"Feature","geometry":{"type":"Polygon","coordinates":[[[77.1306029,28.6692108],[77.1304481,28.6692836],[77.1302798,28.6690081],[77.1304346,28.6689353],[77.1306029,28.6692108]]]},"properties":{"sources":[{"property":"","dataset":"OpenStreetMap","license":"ODbL-1.0","record_id":"w349993931@1","update_time":"2015-05-30T06:19:14.000Z","confidence":null,"between":null}],"is_underground":false,"has_parts":false,"version":1}},
{"id":"ea9b8d96-b15f-4f79-89db-383299b617a9","type":"Feature","geometry":{"type":"Polygon","coordinates":[[[77.130723,28.6691919],[77.1306516,28.6692228],[77.130511,28.6689727],[77.1305824,28.6689418],[77.130723,28.6691919]]]},"properties":{"sources":[{"property":"","dataset":"OpenStreetMap","license":"ODbL-1.0","record_id":"w349993985@1","update_time":"2015-05-30T06:19:17.000Z","confidence":null,"between":null}],"is_underground":false,"has_parts":false,"version":1}},
{"id":"2c9d6852-7e02-4364-978a-a7b739f19db6","type":"Feature","geometry":{"type":"Polygon","coordinates":[[[77.1310479,28.6691035],[77.1308616,28.6691794],[77.1306857,28.6688339],[77.1308707,28.6687621],[77.1310479,28.6691035]]]},"properties":{"sources":[{"property":"","dataset":"OpenStreetMap","license":"ODbL-1.0","record_id":"w350002116@2","update_time":"2022-07-01T05:21:36.000Z","confidence":null,"between":null}],"is_underground":false,"has_parts":false,"version":1}},
{"id":"af5cfc29-df19-499d-a2e9-5baf2ee8bce9","type":"Feature","geometry":{"type":"Polygon","coordinates":[[[77.1308241,28.6691444],[77.130733,28.6691843],[77.1305733,28.6689033],[77.1306644,28.6688634],[77.1308241,28.6691444]]]},"properties":{"sources":[{"property":"","dataset":"OpenStreetMap","license":"ODbL-1.0","record_id":"w349993948@1","update_time":"2015-05-30T06:19:15.000Z","confidence":null,"between":null}],"is_underground":false,"has_parts":false,"version":1}},
{"id":"553564b5-ad28-4ca2-ad2e-4def3dfd9fdd","type":"Feature","geometry":{"type":"Polygon","coordinates":[[[77.1311483,28.6689895],[77.1310433,28.6690245],[77.1309411,28.6687891],[77.1310461,28.668754],[77.1311483,28.6689895]]]},"properties":{"sources":[{"property":"","dataset":"OpenStreetMap","license":"ODbL-1.0","record_id":"w350002072@1","update_time":"2015-05-30T06:59:19.000Z","confidence":null,"between":null}],"is_underground":false,"has_parts":false,"version":1}},
{"id":"02dbf2a9-692a-4ff9-8744-3767d8dc9fe3","type":"Feature","geometry":{"type":"Polygon","coordinates":[[[77.1314045,28.6689287],[77.1312638,28.6689937],[77.1310721,28.6686742],[77.1312128,28.6686092],[77.1314045,28.6689287]]]},"properties":{"sources":[{"property":"","dataset":"OpenStreetMap","license":"ODbL-1.0","record_id":"w350002142@1","update_time":"2015-05-30T06:59:22.000Z","confidence":null,"between":null}],"is_underground":false,"has_parts":false,"version":1}},
{"id":"73c6a503-4684-4fc3-892c-bf53ef5f5fef","type":"Feature","geometry":{"type":"Polygon","coordinates":[[[77.1313288,28.6684959],[77.1310849,28.6686097],[77.1308165,28.6681668],[77.1310604,28.6680531],[77.1313288,28.6684959]]]},"properties":{"sources":[{"property":"","dataset":"OpenStreetMap","license":"ODbL-1.0","record_id":"w350002088@1","update_time":"2015-05-30T06:59:20.000Z","confidence":null,"between":null}],"is_underground":false,"has_parts":false,"version":1}},
{"id":"2a1fd2a8-2d92-4eaf-89ae-1ebe04dec8ac","type":"Feature","geometry":{"type":"Polygon","coordinates":[[[77.1317542,28.6679156],[77.1316636,28.6679725],[77.1315067,28.6677802],[77.1315972,28.6677233],[77.1317542,28.6679156]]]},"properties":{"sources":[{"property":"","dataset":"OpenStreetMap","license":"ODbL-1.0","record_id":"w350002105@1","update_time":"2015-05-30T06:59:21.000Z","confidence":null,"between":null}],"is_underground":false,"has_parts":false,"version":1}},
{"id":"205a3852-c19b-417a-9088-6a26f2cb255b","type":"Feature","geometry":{"type":"Polygon","coordinates":[[[77.131886,28.6680238],[77.1317989,28.6680848],[77.1316993,28.6679755],[77.1317865,28.6679144],[77.131886,28.6680238]]]},"properties":{"sources":[{"property":"","dataset":"OpenStreetMap","license":"ODbL-1.0","record_id":"w350002158@1","update_time":"2015-05-30T06:59:23.000Z","confidence":null,"between":null}],"is_underground":false,"has_parts":false,"version":1}},
{"id":"68d306a9-596a-4a07-8b5f-ed2602643073","type":"Feature","geometry":{"type":"Polygon","coordinates":[[[77.1318683,28.6678428],[77.1317727,28.667908],[77.1316194,28.6677349],[77.1317149,28.6676697],[77.1318683,28.6678428]]]},"properties":{"sources":[{"property":"","dataset":"OpenStreetMap","license":"ODbL-1.0","record_id":"w350002144@1","update_time":"2015-05-30T06:59:22.000Z","confidence":null,"between":null}],"is_underground":false,"has_parts":false,"version":1}},
{"id":"d17db999-c3ae-46e7-b1a8-934c14605104","type":"Feature","geometry":{"type":"Polygon","coordinates":[[[77.1317099,28.6676344],[77.1319044,28.6674645],[77.1322526,28.6677714],[77.1320581,28.6679413],[77.1317099,28.6676344]]]},"properties":{"sources":[{"property":"","dataset":"OpenStreetMap","license":"ODbL-1.0","record_id":"w350002093@1","update_time":"2015-05-30T06:59:20.000Z","confidence":null,"between":null}],"is_underground":false,"has_parts":false,"version":1}},
{"id":"70c6700b-1bc8-4673-9a59-dbe9cca0a4a7","type":"Feature","geometry":{"type":"Polygon","coordinates":[[[77.1326062,28.6680851],[77.1325336,28.6681404],[77.1322916,28.6678959],[77.1323643,28.6678405],[77.1326062,28.6680851]]]},"properties":{"sources":[{"property":"","dataset":"OpenStreetMap","license":"ODbL-1.0","record_id":"w350002104@1","update_time":"2015-05-30T06:59:20.000Z","confidence":null,"between":null}],"is_underground":false,"has_parts":false,"version":1}},
{"id":"66877ebb-5e7c-4866-9bff-e05c8b28aaac","type":"Feature","geometry":{"type":"Polygon","coordinates":[[[77.1325181,28.6681435],[77.1324601,28.6681874],[77.1322261,28.6679491],[77.1322841,28.6679053],[77.1325181,28.6681435]]]},"properties":{"sources":[{"property":"","dataset":"OpenStreetMap","license":"ODbL-1.0","record_id":"w350002051@1","update_time":"2015-05-30T06:59:18.000Z","confidence":null,"between":null}],"is_underground":false,"has_parts":false,"version":1}},
{"id":"b3be3a0f-48ec-41c4-931b-d6c3cf0d1010","type":"Feature","geometry":{"type":"Polygon","coordinates":[[[77.1319914,28.6681247],[77.1320129,28.6681521],[77.1319497,28.6681906],[77.1319282,28.6681633],[77.1319914,28.6681247]]]},"properties":{"sources":[{"property":"","dataset":"Google Open Buildings","license":null,"record_id":"7JWVM49J+7Q96","update_time":"2023-05-01T00:00:00.000Z","confidence":0.6866,"between":null}],"is_underground":false,"has_parts":false,"version":1}},
{"id":"1eb660f5-2b2c-4d6a-ac52-80b337ce758e","type":"Feature","geometry":{"type":"Polygon","coordinates":[[[77.1322909,28.6682808],[77.1321188,28.6680461],[77.1322402,28.6679776],[77.1324123,28.6682123],[77.1322909,28.6682808]]]},"properties":{"sources":[{"property":"","dataset":"Microsoft ML Buildings","license":"ODbL-1.0","record_id":null,"update_time":"2021-07-25T00:00:00.000Z","confidence":null,"between":null}],"is_underground":false,"has_parts":false,"version":3}},
{"id":"efac11c7-1670-4773-bf93-515903218ae4","type":"Feature","geometry":{"type":"Polygon","coordinates":[[[77.1322563,28.6683072],[77.1321287,28.668392],[77.1319793,28.6682189],[77.132107,28.6681341],[77.1322563,28.6683072]]]},"properties":{"sources":[{"property":"","dataset":"OpenStreetMap","license":"ODbL-1.0","record_id":"w350002091@1","update_time":"2015-05-30T06:59:20.000Z","confidence":null,"between":null}],"is_underground":false,"has_parts":false,"version":1}},
{"id":"01ae3408-46e6-4531-9db3-956d505a2a57","type":"Feature","geometry":{"type":"Polygon","coordinates":[[[77.132088,28.6684178],[77.1319577,28.6685069],[77.1318132,28.6683444],[77.1319435,28.6682552],[77.132088,28.6684178]]]},"properties":{"sources":[{"property":"","dataset":"OpenStreetMap","license":"ODbL-1.0","record_id":"w350002039@1","update_time":"2015-05-30T06:59:17.000Z","confidence":null,"between":null}],"is_underground":false,"has_parts":false,"version":1}},
{"id":"b60a955e-fac0-485d-9127-21c9fe3f6ed2","type":"Feature","geometry":{"type":"Polygon","coordinates":[[[77.1318867,28.6681404],[77.1319517,28.6682001],[77.131897,28.668246],[77.131832,28.6681862],[77.1318867,28.6681404]]]},"properties":{"sources":[{"property":"","dataset":"Microsoft ML Buildings","license":"ODbL-1.0","record_id":null,"update_time":"2021-07-25T00:00:00.000Z","confidence":null,"between":null}],"is_underground":false,"has_parts":false,"version":3}},
{"id":"9ac6bd4f-b565-414f-a8d2-4622ff81a3b5","type":"Feature","geometry":{"type":"Polygon","coordinates":[[[77.1317223,28.6682143],[77.1315524,28.6683241],[77.1312531,28.6679673],[77.1314923,28.6678128],[77.1318052,28.6681858],[77.131736,28.6682306],[77.1317223,28.6682143]]]},"properties":{"sources":[{"property":"","dataset":"OpenStreetMap","license":"ODbL-1.0","record_id":"w350002163@1","update_time":"2015-05-30T06:59:23.000Z","confidence":null,"between":null}],"is_underground":false,"has_parts":false,"version":1}},
{"id":"cee69fef-f855-449d-b91b-59217b952aab","type":"Feature","geometry":{"type":"Polygon","coordinates":[[[77.1317987,28.6683794],[77.1316451,28.6684724],[77.1315652,28.6683708],[77.1317189,28.6682778],[77.1317987,28.6683794]]]},"properties":{"sources":[{"property":"","dataset":"OpenStreetMap","license":"ODbL-1.0","record_id":"w350002022@1","update_time":"2015-05-30T06:59:17.000Z","confidence":null,"between":null}],"is_underground":false,"has_parts":false,"version":1}},
{"id":"5657dc9e-6bd9-457e-bb7f-5f79c8b77802","type":"Feature","geometry":{"type":"Polygon","coordinates":[[[77.1317613,28.6686647],[77.1316256,28.6685012],[77.1318077,28.6683849],[77.1319434,28.6685484],[77.1317613,28.6686647]]]},"properties":{"sources":[{"property":"","dataset":"OpenStreetMap","license":"ODbL-1.0","record_id":"w350002150@1","update_time":"2015-05-30T06:59:23.000Z","confidence":null,"between":null}],"is_underground":false,"has_parts":false,"version":1}},
{"id":"c7571178-44bb-4e88-8340-21879d969955","type":"Feature","geometry":{"type":"Polygon","coordinates":[[[77.1316558,28.6687905],[77.1314522,28.6688956],[77.1312398,28.6685789],[77.1314434,28.6684738],[77.1316558,28.6687905]]]},"properties":{"sources":[{"property":"","dataset":"OpenStreetMap","license":"ODbL-1.0","record_id":"w350002026@1","update_time":"2015-05-30T06:59:17.000Z","confidence":null,"between":null}],"is_underground":false,"has_parts":false,"version":1}},
{"id":"f8199db6-d7c4-4bb8-8c04-e75eb3e4235c","type":"Feature","geometry":{"type":"Polygon","coordinates":[[[77.1318542,28.6691518],[77.1318695,28.6692346],[77.1317356,28.6692539],[77.1317203,28.6691711],[77.1318542,28.6691518]]]},"properties":{"sources":[{"property":"","dataset":"Google Open Buildings","license":null,"record_id":"7JWVM49J+MPM3","update_time":"2023-05-01T00:00:00.000Z","confidence":0.883,"between":null}],"is_underground":false,"has_parts":false,"version":1}},
{"id":"5a141a42-e5b8-41cd-aecf-252858fd83fb","type":"Feature","geometry":{"type":"Polygon","coordinates":[[[77.1319189,28.669013],[77.1318,28.6689162],[77.1319334,28.6687901],[77.1320523,28.6688868],[77.1319189,28.669013]]]},"properties":{"sources":[{"property":"","dataset":"OpenStreetMap","license":"ODbL-1.0","record_id":"w350002141@1","update_time":"2015-05-30T06:59:22.000Z","confidence":null,"between":null}],"is_underground":false,"has_parts":false,"version":1}},
{"id":"97ef832d-3544-47e3-9222-3c040c50693f","type":"Feature","geometry":{"type":"Polygon","coordinates":[[[77.1320243,28.6690801],[77.131936,28.6690125],[77.1320552,28.6688926],[77.1321434,28.6689601],[77.1320243,28.6690801]]]},"properties":{"sources":[{"property":"","dataset":"OpenStreetMap","license":"ODbL-1.0","record_id":"w350002024@1","update_time":"2015-05-30T06:59:17.000Z","confidence":null,"between":null}],"is_underground":false,"has_parts":false,"version":1}},
{"id":"b00b0c84-063a-4daf-8d10-1b0173c6817c","type":"Feature","geometry":{"type":"Polygon","coordinates":[[[77.1320349,28.6691579],[77.1320951,28.6692146],[77.1320506,28.669251],[77.1319904,28.6691943],[77.1320349,28.6691579]]]},"properties":{"sources":[{"property":"","dataset":"Microsoft ML Buildings","license":"ODbL-1.0","record_id":null,"update_time":"2021-07-25T00:00:00.000Z","confidence":null,"between":null}],"is_underground":false,"has_parts":false,"version":3}},
{"id":"4d9b6cb3-b1e4-44c5-b04b-0c1759ba4d4f","type":"Feature","geometry":{"type":"Polygon","coordinates":[[[77.1321157,28.6692041],[77.1320309,28.6691409],[77.1321929,28.6689736],[77.1322777,28.6690368],[77.1321157,28.6692041]]]},"properties":{"sources":[{"property":"","dataset":"OpenStreetMap","license":"ODbL-1.0","record_id":"w350002046@1","update_time":"2015-05-30T06:59:18.000Z","confidence":null,"between":null}],"is_underground":false,"has_parts":false,"version":1}},
{"id":"2ee9d626-b250-45dd-8503-46edc8a05b90","type":"Feature","geometry":{"type":"Polygon","coordinates":[[[77.1322111,28.6692729],[77.1321228,28.6692072],[77.1322725,28.6690526],[77.1323607,28.6691183],[77.1322111,28.6692729]]]},"properties":{"sources":[{"property":"","dataset":"OpenStreetMap","license":"ODbL-1.0","record_id":"w350002003@1","update_time":"2015-05-30T06:59:16.000Z","confidence":null,"between":null}],"is_underground":false,"has_parts":false,"version":1}},
{"id":"e2cf0c47-4462-4bd2-985b-2274988ea6a8","type":"Feature","geometry":{"type":"Polygon","coordinates":[[[77.1322831,28.6693133],[77.1322258,28.6692704],[77.1323732,28.6691188],[77.1324305,28.6691617],[77.1322831,28.6693133]]]},"properties":{"sources":[{"property":"","dataset":"OpenStreetMap","license":"ODbL-1.0","record_id":"w350002017@1","update_time":"2015-05-30T06:59:16.000Z","confidence":null,"between":null}],"is_underground":false,"has_parts":false,"version":1}},
{"id":"1dd2131b-e1d2-461d-8e0e-02dc85c097b9","type":"Feature","geometry":{"type":"Polygon","coordinates":[[[77.1323702,28.6688182],[77.1322691,28.6687289],[77.1324206,28.668597],[77.1325216,28.6686864],[77.1323702,28.6688182]]]},"properties":{"sources":[{"property":"","dataset":"OpenStreetMap","license":"ODbL-1.0","record_id":"w350002123@1","update_time":"2015-05-30T06:59:21.000Z","confidence":null,"between":null}],"is_underground":false,"has_parts":false,"version":1}},
{"id":"3fb4b24e-c771-489a-bef9-0f782a6571a7","type":"Feature","geometry":{"type":"Polygon","coordinates":[[[77.1319916,28.6687276],[77.1320953,28.6688142],[77.1320569,28.6688501],[77.1319531,28.6687635],[77.1319916,28.6687276]]]},"properties":{"sources":[{"property":"","dataset":"Google Open Buildings","license":null,"record_id":"7JWVM49J+GR6H","update_time":"2023-05-01T00:00:00.000Z","confidence":0.7699,"between":null}],"is_underground":false,"has_parts":false,"version":1}},
{"id":"7f062728-7b3b-46ac-8be4-51b800c47846","type":"Feature","geometry":{"type":"Polygon","coordinates":[[[77.1320198,28.6687013],[77.1321235,28.6687879],[77.1320953,28.6688142],[77.1319916,28.6687276],[77.1320198,28.6687013]]]},"properties":{"sources":[{"property":"","dataset":"Google Open Buildings","license":null,"record_id":"7JWVM49J+GR39","update_time":"2023-05-01T00:00:00.000Z","confidence":0.8059,"between":null}],"is_underground":false,"has_parts":false,"version":1}},
{"id":"d5486aee-61da-47b6-8dad-fc87aa1b6842","type":"Feature","geometry":{"type":"Polygon","coordinates":[[[77.1320749,28.6684785],[77.1320262,28.668511],[77.1320081,28.6684898],[77.1320568,28.6684573],[77.1320749,28.6684785]]]},"properties":{"sources":[{"property":"","dataset":"Google Open Buildings","license":null,"record_id":"7JWVM49J+9RV7","update_time":"2023-05-01T00:00:00.000Z","confidence":0.7346,"between":null}],"is_underground":false,"has_parts":false,"version":1}},
{"id":"85880af2-3117-4649-9a3a-e14baa999134","type":"Feature","geometry":{"type":"Polygon","coordinates":[[[77.1322618,28.6687196],[77.1321807,28.6686422],[77.1323284,28.6685231],[77.1323698,28.6685625],[77.1323278,28.6685963],[77.1323676,28.6686343],[77.1322618,28.6687196]]]},"properties":{"sources":[{"property":"","dataset":"OpenStreetMap","license":"ODbL-1.0","record_id":"w350002161@1","update_time":"2015-05-30T06:59:23.000Z","confidence":null,"between":null}],"is_underground":false,"has_parts":false,"version":1}},
{"id":"8c776ecc-5f88-4c98-9b8e-23184032b628","type":"Feature","geometry":{"type":"Polygon","coordinates":[[[77.1326082,28.6686494],[77.1325318,28.6685807],[77.1326915,28.668444],[77.1327679,28.6685128],[77.1326082,28.6686494]]]},"properties":{"sources":[{"property":"","dataset":"OpenStreetMap","license":"ODbL-1.0","record_id":"w350002005@1","update_time":"2015-05-30T06:59:16.000Z","confidence":null,"between":null}],"is_underground":false,"has_parts":false,"version":1}},
{"id":"5a8cfa21-a891-43b0-9253-0a1e9701a111","type":"Feature","geometry":{"type":"Polygon","coordinates":[[[77.1327219,28.6687422],[77.1326404,28.6686781],[77.1328017,28.6685204],[77.1328832,28.6685846],[77.1327219,28.6687422]]]},"properties":{"sources":[{"property":"","dataset":"OpenStreetMap","license":"ODbL-1.0","record_id":"w350002137@1","update_time":"2015-05-30T06:59:22.000Z","confidence":null,"between":null}],"is_underground":false,"has_parts":false,"version":1}},
{"id":"6fba11b3-55b8-4afd-917c-6c22df51b2c7","type":"Feature","geometry":{"type":"Polygon","coordinates":[[[77.1328384,28.668843],[77.1327426,28.6687587],[77.1329471,28.66858],[77.1330428,28.6686643],[77.1328384,28.668843]]]},"properties":{"sources":[{"property":"","dataset":"OpenStreetMap","license":"ODbL-1.0","record_id":"w350002019@1","update_time":"2015-05-30T06:59:17.000Z","confidence":null,"between":null}],"is_underground":false,"has_parts":false,"version":1}},
{"id":"b9562504-4da0-4bd3-9ba0-e8c8bf5d3260","type":"Feature","geometry":{"type":"Polygon","coordinates":[[[77.1329415,28.6687723],[77.1329853,28.6688159],[77.1329303,28.6688589],[77.1328864,28.6688153],[77.1329415,28.6687723]]]},"properties":{"sources":[{"property":"","dataset":"Google Open Buildings","license":null,"record_id":"7JWVM49M+G5FQ","update_time":"2023-05-01T00:00:00.000Z","confidence":0.7419,"between":null}],"is_underground":false,"has_parts":false,"version":1}},
{"id":"4cb9a38d-db5d-49fb-9884-96110f8223c0","type":"Feature","geometry":{"type":"Polygon","coordinates":[[[77.1324761,28.6689483],[77.1323619,28.6688493],[77.1325616,28.668672],[77.1326758,28.668771],[77.1324761,28.6689483]]]},"properties":{"sources":[{"property":"","dataset":"OpenStreetMap","license":"ODbL-1.0","record_id":"w350002080@1","update_time":"2015-05-30T06:59:19.000Z","confidence":null,"between":null}],"is_underground":false,"has_parts":false,"version":1}},
{"id":"95930c65-1b20-4716-93cd-d4673cd5202b","type":"Feature","geometry":{"type":"Polygon","coordinates":[[[77.1326058,28.6690379],[77.1324977,28.6689467],[77.1326766,28.6687834],[77.1327847,28.6688746],[77.1326058,28.6690379]]]},"properties":{"sources":[{"property":"","dataset":"OpenStreetMap","license":"ODbL-1.0","record_id":"w350002135@1","update_time":"2015-05-30T06:59:22.000Z","confidence":null,"between":null}],"is_underground":false,"has_parts":false,"version":1}},
{"id":"688a41fc-6318-49df-b519-f146da0959fd","type":"Feature","geometry":{"type":"Polygon","coordinates":[[[77.1329189,28.6692659],[77.1328421,28.6691978],[77.1330019,28.669059],[77.1330788,28.6691271],[77.1329189,28.6692659]]]},"properties":{"sources":[{"property":"","dataset":"OpenStreetMap","license":"ODbL-1.0","record_id":"w350001999@1","update_time":"2015-05-30T06:59:15.000Z","confidence":null,"between":null}],"is_underground":false,"has_parts":false,"version":1}},
{"id":"38c5cb81-91ab-4f27-803c-79b174fef171","type":"Feature","geometry":{"type":"Polygon","coordinates":[[[77.1328299,28.6691998],[77.1327229,28.6691103],[77.1328877,28.6689586],[77.1329947,28.6690482],[77.1328299,28.6691998]]]},"properties":{"sources":[{"property":"","dataset":"OpenStreetMap","license":"ODbL-1.0","record_id":"w350002118@1","update_time":"2015-05-30T06:59:21.000Z","confidence":null,"between":null}],"is_underground":false,"has_parts":false,"version":1}},
{"id":"edeaa09d-6c36-4760-9c76-97672e8bcb13","type":"Feature","geometry":{"type":"Polygon","coordinates":[[[77.1327131,28.6691103],[77.1326262,28.6690371],[77.1327868,28.6688906],[77.1328736,28.6689639],[77.1327131,28.6691103]]]},"properties":{"sources":[{"property":"","dataset":"OpenStreetMap","license":"ODbL-1.0","record_id":"w350002097@1","update_time":"2015-05-30T06:59:20.000Z","confidence":null,"between":null}],"is_underground":false,"has_parts":false,"version":1}},
{"id":"0b22800a-b85d-411d-8553-4613d81495cc","type":"Feature","geometry":{"type":"Polygon","coordinates":[[[77.1329871,28.668812],[77.1330278,28.6688453],[77.1329717,28.6688987],[77.132931,28.6688654],[77.1329871,28.668812]]]},"properties":{"sources":[{"property":"","dataset":"Google Open Buildings","license":null,"record_id":"7JWVM49M+G5X7","update_time":"2023-05-01T00:00:00.000Z","confidence":0.7901,"between":null}],"is_underground":false,"has_parts":false,"version":1}},
{"id":"470d7700-8457-4896-a40e-99bf03f099a0","type":"Feature","geometry":{"type":"Polygon","coordinates":[[[77.1330597,28.6690371],[77.1329533,28.6689491],[77.1331258,28.6687886],[77.1332322,28.6688766],[77.1330597,28.6690371]]]},"properties":{"sources":[{"property":"","dataset":"OpenStreetMap","license":"ODbL-1.0","record_id":"w350002070@1","update_time":"2015-05-30T06:59:19.000Z","confidence":null,"between":null}],"is_underground":false,"has_parts":false,"version":1}},
{"id":"f04c8369-1b7f-460a-9ef9-13adc3318514","type":"Feature","geometry":{"type":"Polygon","coordinates":[[[77.1331684,28.6691145],[77.1330779,28.669039],[77.1332434,28.6688864],[77.1333339,28.6689619],[77.1331684,28.6691145]]]},"properties":{"sources":[{"property":"","dataset":"OpenStreetMap","license":"ODbL-1.0","record_id":"w350002034@1","update_time":"2015-05-30T06:59:17.000Z","confidence":null,"between":null}],"is_underground":false,"has_parts":false,"version":1}},
{"id":"d362f56e-eda1-416c-b4e9-8cfbde181d25","type":"Feature","geometry":{"type":"Polygon","coordinates":[[[77.1332654,28.6692105],[77.1331728,28.6691321],[77.1333405,28.6689795],[77.1334331,28.6690579],[77.1332654,28.6692105]]]},"properties":{"sources":[{"property":"","dataset":"OpenStreetMap","license":"ODbL-1.0","record_id":"w350002087@1","update_time":"2015-05-30T06:59:20.000Z","confidence":null,"between":null}],"is_underground":false,"has_parts":false,"version":1}},
{"id":"50d8679c-caba-4d7a-a2ff-3dafbdfaffa3","type":"Feature","geometry":{"type":"Polygon","coordinates":[[[77.1333683,28.6693012],[77.1332784,28.6692169],[77.1334715,28.6690583],[77.1335614,28.6691427],[77.1333683,28.6693012]]]},"properties":{"sources":[{"property":"","dataset":"OpenStreetMap","license":"ODbL-1.0","record_id":"w350002050@1","update_time":"2015-05-30T06:59:18.000Z","confidence":null,"between":null}],"is_underground":false,"has_parts":false,"version":1}},
{"id":"a60634be-ccfc-4143-85d9-7cf7ec804dc1","type":"Feature","geometry":{"type":"Polygon","coordinates":[[[77.1332722,28.6687744],[77.133384,28.6688598],[77.1333316,28.6689132],[77.1332197,28.6688279],[77.1332722,28.6687744]]]},"properties":{"sources":[{"property":"","dataset":"Google Open Buildings","license":null,"record_id":"7JWVM49M+G8MP","update_time":"2023-05-01T00:00:00.000Z","confidence":0.8509,"between":null}],"is_underground":false,"has_parts":false,"version":1}},
{"id":"f9a23708-1528-4cc4-b29a-516461e8c7d6","type":"Feature","geometry":{"type":"Polygon","coordinates":[[[77.1332284,28.6686121],[77.1330778,28.6684671],[77.1333669,28.6682359],[77.1335175,28.6683808],[77.1332284,28.6686121]]]},"properties":{"sources":[{"property":"","dataset":"OpenStreetMap","license":"ODbL-1.0","record_id":"w350002021@1","update_time":"2015-05-30T06:59:17.000Z","confidence":null,"between":null}],"is_underground":false,"has_parts":false,"version":1}},
{"id":"c3351fab-8517-4883-bc81-d6fbc43658d1","type":"Feature","geometry":{"type":"Polygon","coordinates":[[[77.1331181,28.6684215],[77.1329916,28.66832],[77.133212,28.6681083],[77.1333612,28.6682267],[77.1331181,28.6684215]]]},"properties":{"sources":[{"property":"","dataset":"OpenStreetMap","license":"ODbL-1.0","record_id":"w350002074@1","update_time":"2015-05-30T06:59:19.000Z","confidence":null,"between":null}],"is_underground":false,"has_parts":false,"version":1}},
{"id":"b51d58c8-80af-4c44-bfb0-81f7de1991be","type":"Feature","geometry":{"type":"Polygon","coordinates":[[[77.132504,28.6685749],[77.132408,28.6684812],[77.1326133,28.6683193],[77.1327093,28.668413],[77.132504,28.6685749]]]},"properties":{"sources":[{"property":"","dataset":"OpenStreetMap","license":"ODbL-1.0","record_id":"w350002090@1","update_time":"2015-05-30T06:59:20.000Z","confidence":null,"between":null}],"is_underground":false,"has_parts":false,"version":1}},
{"id":"45d081c1-20d3-4452-bc43-dff042cd1d71","type":"Feature","geometry":{"type":"Polygon","coordinates":[[[77.1329329,28.6683174],[77.1327853,28.668195],[77.1329754,28.6680184],[77.133123,28.6681408],[77.1329329,28.6683174]]]},"properties":{"sources":[{"property":"","dataset":"OpenStreetMap","license":"ODbL-1.0","record_id":"w350002037@1","update_time":"2015-05-30T06:59:17.000Z","confidence":null,"between":null}],"is_underground":false,"has_parts":false,"version":1}},
{"id":"d9578ad5-baf8-43a0-ac05-e6aef359998e","type":"Feature","geometry":{"type":"Polygon","coordinates":[[[77.1327257,28.667961],[77.1326185,28.6680429],[77.1324965,28.66792],[77.1326037,28.6678381],[77.1327257,28.667961]]]},"properties":{"sources":[{"property":"","dataset":"OpenStreetMap","license":"ODbL-1.0","record_id":"w350002059@1","update_time":"2015-05-30T06:59:18.000Z","confidence":null,"between":null}],"is_underground":false,"has_parts":false,"version":1}},
{"id":"3f638f23-0f26-4e7d-bec7-90b6a53779ce","type":"Feature","geometry":{"type":"Polygon","coordinates":[[[77.1328931,28.6678182],[77.1327719,28.6679194],[77.1325494,28.6677143],[77.1326706,28.6676131],[77.1328931,28.6678182]]]},"properties":{"sources":[{"property":"","dataset":"OpenStreetMap","license":"ODbL-1.0","record_id":"w350002149@1","update_time":"2015-05-30T06:59:23.000Z","confidence":null,"between":null}],"is_underground":false,"has_parts":false,"version":1}},
{"id":"8614b1e1-3531-4797-9648-1345db3f7daf","type":"Feature","geometry":{"type":"Polygon","coordinates":[[[77.133633,28.6677565],[77.1332964,28.6680776],[77.1331207,28.6679358],[77.1334573,28.6676147],[77.133633,28.6677565]]]},"properties":{"sources":[{"property":"","dataset":"OpenStreetMap","license":"ODbL-1.0","record_id":"w350002081@1","update_time":"2015-05-30T06:59:19.000Z","confidence":null,"between":null}],"is_underground":false,"has_parts":false,"version":1}},
{"id":"5b644b51-425a-45cd-a4fb-de59deceef9c","type":"Feature","geometry":{"type":"Polygon","coordinates":[[[77.1332753,28.6674502],[77.1330565,28.6676628],[77.1327776,28.6674418],[77.1329963,28.6672292],[77.1332753,28.6674502]]]},"properties":{"sources":[{"property":"","dataset":"OpenStreetMap","license":"ODbL-1.0","record_id":"w350001995@1","update_time":"2015-05-30T06:59:15.000Z","confidence":null,"between":null}],"is_underground":false,"has_parts":false,"version":1}},
{"id":"484f79b6-bca2-4a6e-bd72-7372499f2aec","type":"Feature","geometry":{"type":"Polygon","coordinates":[[[77.1326751,28.66722],[77.1324436,28.6670345],[77.1325735,28.6669097],[77.1327485,28.6670498],[77.1327741,28.6670251],[77.1329097,28.6671338],[77.1327774,28.667261],[77.1326984,28.6671977],[77.1326751,28.66722]]]},"properties":{"sources":[{"property":"","dataset":"OpenStreetMap","license":"ODbL-1.0","record_id":"w350002030@2","update_time":"2015-06-08T07:07:52.000Z","confidence":null,"between":null}],"is_underground":false,"has_parts":false,"version":1}},
{"id":"6b406fd2-bbac-4314-b6cd-b3ae7a182873","type":"Feature","geometry":{"type":"Polygon","coordinates":[[[77.1327422,28.6672953],[77.1327729,28.6672658],[77.1328205,28.6673039],[77.1327897,28.6673335],[77.1327422,28.6672953]]]},"properties":{"sources":[{"property":"","dataset":"Microsoft ML Buildings","license":"ODbL-1.0","record_id":null,"update_time":"2021-07-25T00:00:00.000Z","confidence":null,"between":null}],"is_underground":false,"has_parts":false,"version":3}},
{"id":"13788a1c-a8e2-4151-8458-572b2bc26e7c","type":"Feature","geometry":{"type":"Polygon","coordinates":[[[77.1330429,28.6677036],[77.1329323,28.6677985],[77.1326759,28.6675686],[77.1327865,28.6674737],[77.1330429,28.6677036]]]},"properties":{"sources":[{"property":"","dataset":"OpenStreetMap","license":"ODbL-1.0","record_id":"w350002035@1","update_time":"2015-05-30T06:59:17.000Z","confidence":null,"between":null}],"is_underground":false,"has_parts":false,"version":1}},
{"id":"27a40b41-2b83-4df0-b9e9-49585fcbda8d","type":"Feature","geometry":{"type":"Polygon","coordinates":[[[77.1319533,28.6674136],[77.1321341,28.6672585],[77.1324698,28.6675598],[77.132289,28.6677149],[77.1319533,28.6674136]]]},"properties":{"sources":[{"property":"","dataset":"OpenStreetMap","license":"ODbL-1.0","record_id":"w350002043@1","update_time":"2015-05-30T06:59:18.000Z","confidence":null,"between":null}],"is_underground":false,"has_parts":false,"version":1}},
{"id":"0fd1304b-11be-4c24-acb6-238ea5bfb53d","type":"Feature","geometry":{"type":"Polygon","coordinates":[[[77.1314349,28.6669666],[77.1315108,28.6669267],[77.1317073,28.667214],[77.1316007,28.66727],[77.1314374,28.6670312],[77.131468,28.6670151],[77.1314349,28.6669666]]]},"properties":{"sources":[{"property":"","dataset":"Microsoft ML Buildings","license":"ODbL-1.0","record_id":null,"update_time":"2021-07-25T00:00:00.000Z","confidence":null,"between":null}],"is_underground":false,"has_parts":false,"version":3}},
{"id":"972fd24c-7b48-4f6f-b079-79f38cb7ec17","type":"Feature","geometry":{"type":"Polygon","coordinates":[[[77.1316273,28.6668211],[77.1318277,28.6670422],[77.1317769,28.667078],[77.1315765,28.6668569],[77.1316273,28.6668211]]]},"properties":{"sources":[{"property":"","dataset":"Google Open Buildings","license":null,"record_id":"7JWVM48J+QMGV","update_time":"2023-05-01T00:00:00.000Z","confidence":0.762,"between":null}],"is_underground":false,"has_parts":false,"version":1}},
{"id":"40dd4acb-c5fa-4f90-89c7-7dbd887cb2fa","type":"Feature","geometry":{"type":"Polygon","coordinates":[[[77.1322005,28.6672092],[77.1323792,28.6670444],[77.1327101,28.6673209],[77.1325314,28.6674856],[77.1322005,28.6672092]]]},"properties":{"sources":[{"property":"","dataset":"OpenStreetMap","license":"ODbL-1.0","record_id":"w350002077@1","update_time":"2015-05-30T06:59:19.000Z","confidence":null,"between":null}],"is_underground":false,"has_parts":false,"version":1}},
{"id":"190c37e8-0da6-4c51-b48f-ff7c9d75b4c5","type":"Feature","geometry":{"type":"Polygon","coordinates":[[[77.1320662,28.666488],[77.1320958,28.6665214],[77.1319935,28.6665918],[77.1319639,28.6665584],[77.1320662,28.666488]]]},"properties":{"sources":[{"property":"","dataset":"Google Open Buildings","license":null,"record_id":"7JWVM48J+JR6H","update_time":"2023-05-01T00:00:00.000Z","confidence":0.7562,"between":null}],"is_underground":false,"has_parts":false,"version":1}},
{"id":"9ac3539d-3e60-4e28-bebb-575330127e5f","type":"Feature","geometry":{"type":"Polygon","coordinates":[[[77.1320111,28.6666993],[77.1320464,28.6667362],[77.1319413,28.6668144],[77.131906,28.6667775],[77.1320111,28.6666993]]]},"properties":{"sources":[{"property":"","dataset":"Google Open Buildings","license":null,"record_id":"7JWVM48J+PQ56","update_time":"2023-05-01T00:00:00.000Z","confidence":0.6687,"between":null}],"is_underground":false,"has_parts":false,"version":1}},
{"id":"9b9eb618-8106-49aa-8112-40cb44808128","type":"Feature","geometry":{"type":"Polygon","coordinates":[[[77.1318668,28.6665444],[77.1317425,28.6666356],[77.1317234,28.6666153],[77.13169,28.6666398],[77.1316799,28.6666292],[77.1318376,28.6665135],[77.1318668,28.6665444]]]},"properties":{"sources":[{"property":"","dataset":"Google Open Buildings","license":null,"record_id":"7JWVM48J+JPM2","update_time":"2023-05-01T00:00:00.000Z","confidence":0.6648,"between":null}],"is_underground":false,"has_parts":false,"version":1}},
{"id":"f30eaec4-792a-451d-b21b-f90ad1dffae5","type":"Feature","geometry":{"type":"Polygon","coordinates":[[[77.1315413,28.6662683],[77.1314408,28.6663183],[77.1314199,28.6662857],[77.1315204,28.6662356],[77.1315413,28.6662683]]]},"properties":{"sources":[{"property":"","dataset":"Google Open Buildings","license":null,"record_id":"7JWVM48J+GH93","update_time":"2023-05-01T00:00:00.000Z","confidence":0.659,"between":null}],"is_underground":false,"has_parts":false,"version":1}},
{"id":"2c6a0cca-6c73-4577-b8a0-53ea3e793374","type":"Feature","geometry":{"type":"Polygon","coordinates":[[[77.1315255,28.6658558],[77.1317079,28.6661445],[77.1316408,28.6661775],[77.131689,28.6662537],[77.1315088,28.6663422],[77.1314811,28.6662984],[77.1315442,28.6662674],[77.1315237,28.666235],[77.131418,28.666287],[77.1313951,28.6662507],[77.1316267,28.6661369],[77.1314672,28.6658844],[77.1315255,28.6658558]]]},"properties":{"sources":[{"property":"","dataset":"Google Open Buildings","license":null,"record_id":"7JWVM48J+FJ4F","update_time":"2023-05-01T00:00:00.000Z","confidence":0.6935,"between":null}],"is_underground":false,"has_parts":false,"version":1}},
{"id":"d3ddaaa2-6269-472a-bdb9-6a2e90efb75e","type":"Feature","geometry":{"type":"Polygon","coordinates":[[[77.1322049,28.6661697],[77.132254,28.6662317],[77.1321515,28.666295],[77.1321023,28.666233],[77.1322049,28.6661697]]]},"properties":{"sources":[{"property":"","dataset":"Google Open Buildings","license":null,"record_id":"7JWVM48J+FVV8","update_time":"2023-05-01T00:00:00.000Z","confidence":0.8113,"between":null}],"is_underground":false,"has_parts":false,"version":1}},
{"id":"4ee9e900-c7aa-4011-97a5-6d0d15d3eede","type":"Feature","geometry":{"type":"Polygon","coordinates":[[[77.1324134,28.6662462],[77.1324477,28.6662925],[77.1324073,28.6663157],[77.1323731,28.6662694],[77.1324134,28.6662462]]]},"properties":{"sources":[{"property":"","dataset":"Google Open Buildings","license":null,"record_id":"7JWVM48J+GX76","update_time":"2023-05-01T00:00:00.000Z","confidence":0.664,"between":null}],"is_underground":false,"has_parts":false,"version":1}},
{"id":"eab615cf-74df-40f2-a2cf-57d789c069ca","type":"Feature","geometry":{"type":"Polygon","coordinates":[[[77.1328968,28.6661741],[77.1329362,28.6662305],[77.1328865,28.6662575],[77.1328471,28.6662011],[77.1328968,28.6661741]]]},"properties":{"sources":[{"property":"","dataset":"Google Open Buildings","license":null,"record_id":"7JWVM48M+F5JP","update_time":"2023-05-01T00:00:00.000Z","confidence":0.7041,"between":null}],"is_underground":false,"has_parts":false,"version":1}},
{"id":"1bd5ed81-2bf9-46cb-af25-6a331119cbc5","type":"Feature","geometry":{"type":"Polygon","coordinates":[[[77.1327388,28.6661522],[77.1327545,28.6661895],[77.1328182,28.6661689],[77.1328845,28.6663263],[77.1327853,28.6663584],[77.1327034,28.6661637],[77.1327388,28.6661522]]]},"properties":{"sources":[{"property":"","dataset":"Microsoft ML Buildings","license":"ODbL-1.0","record_id":null,"update_time":"2021-07-25T00:00:00.000Z","confidence":null,"between":null}],"is_underground":false,"has_parts":false,"version":3}},
{"id":"39e8a390-de6a-40f3-bff8-959012f999e2","type":"Feature","geometry":{"type":"Polygon","coordinates":[[[77.1327418,28.666285],[77.132801,28.6663482],[77.1327594,28.6663782],[77.1327002,28.666315],[77.1327418,28.666285]]]},"properties":{"sources":[{"property":"","dataset":"Microsoft ML Buildings","license":"ODbL-1.0","record_id":null,"update_time":"2021-07-25T00:00:00.000Z","confidence":null,"between":null}],"is_underground":false,"has_parts":false,"version":3}},
{"id":"df3eb301-9641-4457-990e-d8f9ca965bb6","type":"Feature","geometry":{"type":"Polygon","coordinates":[[[77.1327526,28.6663969],[77.1328709,28.6663229],[77.1329039,28.6663635],[77.1327855,28.6664375],[77.1327526,28.6663969]]]},"properties":{"sources":[{"property":"","dataset":"Microsoft ML Buildings","license":"ODbL-1.0","record_id":null,"update_time":"2021-07-25T00:00:00.000Z","confidence":null,"between":null}],"is_underground":false,"has_parts":false,"version":3}},
{"id":"604a596d-358d-4882-b6b2-9679fcbb3840","type":"Feature","geometry":{"type":"Polygon","coordinates":[[[77.132513,28.666252],[77.1325664,28.6662223],[77.1327004,28.6664103],[77.132647,28.6664399],[77.132513,28.666252]]]},"properties":{"sources":[{"property":"","dataset":"Google Open Buildings","license":null,"record_id":"7JWVM48M+G2Q7","update_time":"2023-05-01T00:00:00.000Z","confidence":0.8441,"between":null}],"is_underground":false,"has_parts":false,"version":1}},
{"id":"a8fb6ef5-1da6-4844-8400-07677d563a4e","type":"Feature","geometry":{"type":"Polygon","coordinates":[[[77.1325902,28.666433],[77.1326184,28.6664709],[77.1325823,28.6664919],[77.132554,28.666454],[77.1325902,28.666433]]]},"properties":{"sources":[{"property":"","dataset":"Google Open Buildings","license":null,"record_id":"7JWVM48M+H2PH","update_time":"2023-05-01T00:00:00.000Z","confidence":0.7189,"between":null}],"is_underground":false,"has_parts":false,"version":1}},
{"id":"45b78da2-85a0-4a02-b158-aac4a9723ea2","type":"Feature","geometry":{"type":"Polygon","coordinates":[[[77.1331807,28.6665319],[77.1332617,28.6665007],[77.1333006,28.6665785],[77.1332196,28.6666097],[77.1331807,28.6665319]]]},"properties":{"sources":[{"property":"","dataset":"Microsoft ML Buildings","license":"ODbL-1.0","record_id":null,"update_time":"2021-07-25T00:00:00.000Z","confidence":null,"between":null}],"is_underground":false,"has_parts":false,"version":3}},
{"id":"31c2a333-15f8-4de2-99cc-9e5bd22152de","type":"Feature","geometry":{"type":"Polygon","coordinates":[[[77.1334514,28.6665404],[77.1334865,28.6665201],[77.1335265,28.6665739],[77.1334914,28.6665942],[77.1334514,28.6665404]]]},"properties":{"sources":[{"property":"","dataset":"Google Open Buildings","license":null,"record_id":"7JWVM48M+J9H8","update_time":"2023-05-01T00:00:00.000Z","confidence":0.7972,"between":null}],"is_underground":false,"has_parts":false,"version":1}},
{"id":"cd3d8f61-ad05-42be-9901-ab2804866504","type":"Feature","geometry":{"type":"Polygon","coordinates":[[[77.1326757,28.6658256],[77.1328282,28.6660127],[77.1325779,28.6661715],[77.1324253,28.6659843],[77.1326757,28.6658256]]]},"properties":{"sources":[{"property":"","dataset":"Google Open Buildings","license":null,"record_id":"7JWVM48M+93RR","update_time":"2023-05-01T00:00:00.000Z","confidence":0.964,"between":null}],"is_underground":false,"has_parts":false,"version":1}},
{"id":"90d0f242-0997-4d71-b6ea-8e079258ebaf","type":"Feature","geometry":{"type":"Polygon","coordinates":[[[77.1309225,28.6657581],[77.1310249,28.665906],[77.130737,28.666061],[77.1307241,28.6660424],[77.1307429,28.6660323],[77.1307129,28.6659889],[77.1306518,28.6660218],[77.130665,28.6660408],[77.1306435,28.6660524],[77.1305709,28.6659474],[77.1309225,28.6657581]]]},"properties":{"sources":[{"property":"","dataset":"Google Open Buildings","license":null,"record_id":"7JWVM48J+987Q","update_time":"2023-05-01T00:00:00.000Z","confidence":0.7489,"between":null}],"is_underground":false,"has_parts":false,"version":1}},
{"id":"e632b648-dacd-4b3b-8b45-20cbdbd28e73","type":"Feature","geometry":{"type":"Polygon","coordinates":[[[77.1293991,28.6660918],[77.1293556,28.6661156],[77.1292846,28.6660156],[77.129414,28.6659448],[77.1295296,28.6661075],[77.1294437,28.6661545],[77.1293991,28.6660918]]]},"properties":{"sources":[{"property":"","dataset":"Microsoft ML Buildings","license":"ODbL-1.0","record_id":null,"update_time":"2021-07-25T00:00:00.000Z","confidence":null,"between":null}],"is_underground":false,"has_parts":false,"version":3}},
{"id":"c415c50a-4f78-424a-86e1-40941fce67e1","type":"Feature","geometry":{"type":"Polygon","coordinates":[[[77.1299876,28.6652863],[77.1300354,28.665351],[77.1299879,28.6653782],[77.130209,28.6656779],[77.1297327,28.6659513],[77.1294638,28.665587],[77.1299876,28.6652863]]]},"properties":{"sources":[{"property":"","dataset":"Google Open Buildings","license":null,"record_id":"7JWVM48H+7W45","update_time":"2023-05-01T00:00:00.000Z","confidence":0.9533,"between":null}],"is_underground":false,"has_parts":false,"version":1}},
{"id":"043ebc3a-2295-4f39-8256-953f04967117","type":"Feature","geometry":{"type":"Polygon","coordinates":[[[77.137619,28.6661373],[77.1374556,28.6660511],[77.1374853,28.6660076],[77.1376488,28.6660937],[77.137619,28.6661373]]]},"properties":{"sources":[{"property":"","dataset":"OpenStreetMap","license":"ODbL-1.0","record_id":"w350508668@1","update_time":"2024-08-24T13:19:55.000Z","confidence":null,"between":null}],"is_underground":false,"has_parts":false,"version":1}},
{"id":"4445e2f7-71f6-47a0-9a9d-fd756e5efe16","type":"Feature","geometry":{"type":"Polygon","coordinates":[[[77.1368882,28.6659921],[77.1367152,28.6658519],[77.1367813,28.6657891],[77.1369543,28.6659293],[77.1368882,28.6659921]]]},"properties":{"sources":[{"property":"","dataset":"Microsoft ML Buildings","license":"ODbL-1.0","record_id":null,"update_time":"2021-07-25T00:00:00.000Z","confidence":null,"between":null}],"is_underground":false,"has_parts":false,"version":3}},
{"id":"3ee92a5a-c7fb-4c93-b2b1-b6f36a3e8775","type":"Feature","geometry":{"type":"Polygon","coordinates":[[[77.1335618,28.6663059],[77.1335787,28.6663457],[77.133533,28.6663608],[77.1335161,28.6663209],[77.1335618,28.6663059]]]},"properties":{"sources":[{"property":"","dataset":"Google Open Buildings","license":null,"record_id":"7JWVM48M+GCM8","update_time":"2023-05-01T00:00:00.000Z","confidence":0.7212,"between":null}],"is_underground":false,"has_parts":false,"version":1}},
{"id":"55b49714-28aa-4bb2-8b9c-de9e1a1a64be","type":"Feature","geometry":{"type":"Polygon","coordinates":[[[77.1351532,28.6665852],[77.135115,28.6665505],[77.1351361,28.6665325],[77.1351744,28.6665672],[77.1351532,28.6665852]]]},"properties":{"sources":[{"property":"","dataset":"OpenStreetMap","license":"ODbL-1.0","record_id":"w1273617439@1","update_time":"2024-04-18T08:34:20.000Z","confidence":null,"between":null}],"is_underground":false,"roof_shape":"flat","has_parts":false,"version":1}},
{"id":"4b6ec5c1-1294-419e-ace2-43cf0808c92d","type":"Feature","geometry":{"type":"Polygon","coordinates":[[[77.1351926,28.6665706],[77.1352314,28.6666053],[77.1352142,28.6666203],[77.1351753,28.6665857],[77.1351926,28.6665706]]]},"properties":{"sources":[{"property":"","dataset":"Google Open Buildings","license":null,"record_id":"7JWVM48P+J3PW","update_time":"2023-05-01T00:00:00.000Z","confidence":0.7659,"between":null}],"is_underground":false,"has_parts":false,"version":1}},
{"id":"68630a0d-98e0-4e09-bad3-2a7dcb89f337","type":"Feature","geometry":{"type":"Polygon","coordinates":[[[77.1354585,28.66682],[77.1354163,28.6667916],[77.1354863,28.6667116],[77.1355572,28.6667593],[77.1355209,28.6668008],[77.1354922,28.6667815],[77.1354585,28.66682]]]},"properties":{"sources":[{"property":"","dataset":"Microsoft ML Buildings","license":"ODbL-1.0","record_id":null,"update_time":"2021-07-25T00:00:00.000Z","confidence":null,"between":null}],"is_underground":false,"has_parts":false,"version":3}},
{"id":"59aa3790-e320-41e7-a7f4-7138426d48a0","type":"Feature","geometry":{"type":"Polygon","coordinates":[[[77.1349997,28.6665396],[77.1350369,28.6665035],[77.1350726,28.6665319],[77.1350355,28.6665679],[77.1349997,28.6665396]]]},"properties":{"sources":[{"property":"","dataset":"OpenStreetMap","license":"ODbL-1.0","record_id":"w1273617440@1","update_time":"2024-04-18T08:34:20.000Z","confidence":null,"between":null}],"is_underground":false,"has_parts":false,"version":1}},
{"id":"0cf15312-7a21-4636-a317-87c0d51890af","type":"Feature","geometry":{"type":"Polygon","coordinates":[[[77.1354728,28.6668713],[77.1355721,28.6669415],[77.1355361,28.6669811],[77.1354369,28.6669108],[77.1354728,28.6668713]]]},"properties":{"sources":[{"property":"","dataset":"Google Open Buildings","license":null,"record_id":"7JWVM48P+Q6C2","update_time":"2023-05-01T00:00:00.000Z","confidence":0.8789,"between":null}],"is_underground":false,"has_parts":false,"version":1}},
{"id":"92e82213-aa7a-4f3c-a824-eb0557f92ac1","type":"Feature","geometry":{"type":"Polygon","coordinates":[[[77.1342176,28.6673168],[77.1342624,28.6673653],[77.134232,28.667387],[77.1341873,28.6673385],[77.1342176,28.6673168]]]},"properties":{"sources":[{"property":"","dataset":"Google Open Buildings","license":null,"record_id":"7JWVM48M+WMX2","update_time":"2023-05-01T00:00:00.000Z","confidence":0.6607,"between":null}],"is_underground":false,"has_parts":false,"version":1}},
{"id":"1f57b519-b1b1-4e8e-abea-df72d32a56d3","type":"Feature","geometry":{"type":"Polygon","coordinates":[[[77.1335387,28.6675264],[77.1337843,28.6677354],[77.1337484,28.6677682],[77.1335028,28.6675592],[77.1335387,28.6675264]]]},"properties":{"sources":[{"property":"","dataset":"Google Open Buildings","license":null,"record_id":"7JWVM49M+3F2W","update_time":"2023-05-01T00:00:00.000Z","confidence":0.7686,"between":null}],"is_underground":false,"has_parts":false,"version":1}},
{"id":"638298d6-e182-4c96-8da1-644eb6f7a147","type":"Feature","geometry":{"type":"Polygon","coordinates":[[[77.1338725,28.6679488],[77.1335314,28.6682758],[77.1333242,28.6681094],[77.1336653,28.6677824],[77.1338725,28.6679488]]]},"properties":{"sources":[{"property":"","dataset":"OpenStreetMap","license":"ODbL-1.0","record_id":"w350002044@1","update_time":"2015-05-30T06:59:18.000Z","confidence":null,"between":null}],"is_underground":false,"has_parts":false,"version":1}},
{"id":"e5d2e5aa-36b8-4193-823f-2c85de94ab61","type":"Feature","geometry":{"type":"Polygon","coordinates":[[[77.1343649,28.6683036],[77.134017,28.6686425],[77.1338162,28.6684838],[77.134164,28.6681448],[77.1343649,28.6683036]]]},"properties":{"sources":[{"property":"","dataset":"OpenStreetMap","license":"ODbL-1.0","record_id":"w350002148@1","update_time":"2015-05-30T06:59:23.000Z","confidence":null,"between":null}],"is_underground":false,"has_parts":false,"version":1}},
{"id":"7ae8f5c4-d4ce-4a8e-857d-bd744c5ac004","type":"Feature","geometry":{"type":"Polygon","coordinates":[[[77.1340261,28.6681886],[77.1337166,28.6684542],[77.1335538,28.6683081],[77.1338632,28.6680425],[77.1340261,28.6681886]]]},"properties":{"sources":[{"property":"","dataset":"OpenStreetMap","license":"ODbL-1.0","record_id":"w350002099@1","update_time":"2015-05-30T06:59:20.000Z","confidence":null,"between":null}],"is_underground":false,"has_parts":false,"version":1}},
{"id":"952fa2a4-8571-4a9e-b95d-defbf992234f","type":"Feature","geometry":{"type":"Polygon","coordinates":[[[77.1334552,28.6687517],[77.1332934,28.6686199],[77.1335426,28.6683844],[77.1337044,28.6685163],[77.1334552,28.6687517]]]},"properties":{"sources":[{"property":"","dataset":"OpenStreetMap","license":"ODbL-1.0","record_id":"w350002058@1","update_time":"2015-05-30T06:59:18.000Z","confidence":null,"between":null}],"is_underground":false,"has_parts":false,"version":1}},
{"id":"fca101ba-9683-444e-baec-6631bf7da0c5","type":"Feature","geometry":{"type":"Polygon","coordinates":[[[77.1339016,28.6691232],[77.1337745,28.669007],[77.1339676,28.6688444],[77.1340947,28.6689607],[77.1339016,28.6691232]]]},"properties":{"sources":[{"property":"","dataset":"OpenStreetMap","license":"ODbL-1.0","record_id":"w350002157@1","update_time":"2015-05-30T06:59:23.000Z","confidence":null,"between":null}],"is_underground":false,"has_parts":false,"version":1}},
{"id":"769207e6-1089-4ef8-96e4-2f5e47fbca0d","type":"Feature","geometry":{"type":"Polygon","coordinates":[[[77.1337364,28.6689843],[77.1336378,28.668892],[77.1338513,28.6687166],[77.1339498,28.6688089],[77.1337364,28.6689843]]]},"properties":{"sources":[{"property":"","dataset":"OpenStreetMap","license":"ODbL-1.0","record_id":"w350002008@1","update_time":"2015-05-30T06:59:16.000Z","confidence":null,"between":null}],"is_underground":false,"has_parts":false,"version":1}},
{"id":"217dab1b-7798-44d2-ba59-57af486fbf70","type":"Feature","geometry":{"type":"Polygon","coordinates":[[[77.1340592,28.6692592],[77.1339371,28.6691556],[77.1341404,28.6689713],[77.1342625,28.6690749],[77.1340592,28.6692592]]]},"properties":{"sources":[{"property":"","dataset":"OpenStreetMap","license":"ODbL-1.0","record_id":"w350002031@1","update_time":"2015-05-30T06:59:17.000Z","confidence":null,"between":null}],"is_underground":false,"has_parts":false,"version":1}},
{"id":"525c5ef1-33b2-48f2-8d1b-af5816c5546e","type":"Feature","geometry":{"type":"Polygon","coordinates":[[[77.1342326,28.6693838],[77.1341111,28.6692735],[77.1343166,28.6690991],[77.1344382,28.6692094],[77.1342326,28.6693838]]]},"properties":{"sources":[{"property":"","dataset":"OpenStreetMap","license":"ODbL-1.0","record_id":"w350002143@1","update_time":"2015-05-30T06:59:22.000Z","confidence":null,"between":null}],"is_underground":false,"has_parts":false,"version":1}},
{"id":"989f5434-3782-42ca-8a0d-9a9c728b8f03","type":"Feature","geometry":{"type":"Polygon","coordinates":[[[77.1344598,28.6689954],[77.1343009,28.6688773],[77.1344335,28.66874],[77.1345924,28.6688581],[77.1344598,28.6689954]]]},"properties":{"sources":[{"property":"","dataset":"OpenStreetMap","license":"ODbL-1.0","record_id":"w350001994@1","update_time":"2015-05-30T06:59:15.000Z","confidence":null,"between":null}],"is_underground":false,"has_parts":false,"version":1}},
{"id":"b7a7ba9c-ed07-479f-81cf-61fddce1b4cb","type":"Feature","geometry":{"type":"Polygon","coordinates":[[[77.1340157,28.6687289],[77.1340395,28.6687077],[77.134092,28.6687535],[77.1340682,28.6687747],[77.1340157,28.6687289]]]},"properties":{"sources":[{"property":"","dataset":"Google Open Buildings","license":null,"record_id":"7JWVM49M+FJVP","update_time":"2023-05-01T00:00:00.000Z","confidence":0.7104,"between":null}],"is_underground":false,"has_parts":false,"version":1}},
{"id":"8841ca92-e17f-46c3-b5a2-93b4915179de","type":"Feature","geometry":{"type":"Polygon","coordinates":[[[77.1345524,28.6685236],[77.1342294,28.6687891],[77.1340577,28.6686284],[77.1343808,28.6683629],[77.1345524,28.6685236]]]},"properties":{"sources":[{"property":"","dataset":"OpenStreetMap","license":"ODbL-1.0","record_id":"w350002112@1","update_time":"2015-05-30T06:59:21.000Z","confidence":null,"between":null}],"is_underground":false,"has_parts":false,"version":1}},
{"id":"1b409990-640a-4a07-8644-5b42721d268d","type":"Feature","geometry":{"type":"Polygon","coordinates":[[[77.1344675,28.6686931],[77.1346294,28.6685405],[77.1347847,28.6686672],[77.1346229,28.6688199],[77.1344675,28.6686931]]]},"properties":{"sources":[{"property":"","dataset":"Microsoft ML Buildings","license":"ODbL-1.0","record_id":null,"update_time":"2021-07-25T00:00:00.000Z","confidence":null,"between":null}],"is_underground":false,"has_parts":false,"version":3}},
{"id":"440ab960-d518-4563-99a4-fdcadc2f5b78","type":"Feature","geometry":{"type":"Polygon","coordinates":[[[77.134762,28.669102],[77.1345849,28.6689742],[77.1347837,28.6687621],[77.1349607,28.6688899],[77.134762,28.669102]]]},"properties":{"sources":[{"property":"","dataset":"OpenStreetMap","license":"ODbL-1.0","record_id":"w350002119@1","update_time":"2015-05-30T06:59:21.000Z","confidence":null,"between":null}],"is_underground":false,"has_parts":false,"version":1}},
{"id":"6773c8fd-2bfd-4ef7-9210-60918b04b267","type":"Feature","geometry":{"type":"Polygon","coordinates":[[[77.1345334,28.6690315],[77.134629,28.6691141],[77.1345843,28.6691544],[77.1344887,28.6690717],[77.1345334,28.6690315]]]},"properties":{"sources":[{"property":"","dataset":"Google Open Buildings","license":null,"record_id":"7JWVM49M+JRMQ","update_time":"2023-05-01T00:00:00.000Z","confidence":0.8839,"between":null}],"is_underground":false,"has_parts":false,"version":1}},
{"id":"8c3da0b1-6dd2-4eed-aef2-b765f12d4470","type":"Feature","geometry":{"type":"Polygon","coordinates":[[[77.1346046,28.6691652],[77.1346357,28.6691534],[77.1346506,28.6691839],[77.1346195,28.6691957],[77.1346046,28.6691652]]]},"properties":{"sources":[{"property":"","dataset":"Google Open Buildings","license":null,"record_id":"7JWVM49M+MV6R","update_time":"2023-05-01T00:00:00.000Z","confidence":0.692,"between":null}],"is_underground":false,"has_parts":false,"version":1}},
{"id":"652d9a74-4873-4bb0-9929-2457751b7315","type":"Feature","geometry":{"type":"Polygon","coordinates":[[[77.1347018,28.6691426],[77.1347604,28.6691877],[77.1347104,28.6692383],[77.1346517,28.6691931],[77.1347018,28.6691426]]]},"properties":{"sources":[{"property":"","dataset":"Google Open Buildings","license":null,"record_id":"7JWVM49M+MVGP","update_time":"2023-05-01T00:00:00.000Z","confidence":0.8802,"between":null}],"is_underground":false,"has_parts":false,"version":1}},
{"id":"ff5b2090-d08c-40a1-9052-ceb958f55989","type":"Feature","geometry":{"type":"Polygon","coordinates":[[[77.1348836,28.6693515],[77.1347774,28.669267],[77.1349988,28.6690529],[77.135105,28.6691375],[77.1348836,28.6693515]]]},"properties":{"sources":[{"property":"","dataset":"OpenStreetMap","license":"ODbL-1.0","record_id":"w350002075@1","update_time":"2015-05-30T06:59:19.000Z","confidence":null,"between":null}],"is_underground":false,"has_parts":false,"version":1}},
{"id":"2f45ae47-4f9e-467a-9071-4bc531142d6a","type":"Feature","geometry":{"type":"Polygon","coordinates":[[[77.1352576,28.6690367],[77.1352954,28.6690513],[77.1352775,28.6690874],[77.1352396,28.6690728],[77.1352576,28.6690367]]]},"properties":{"sources":[{"property":"","dataset":"Google Open Buildings","license":null,"record_id":"7JWVM49P+J4CG","update_time":"2023-05-01T00:00:00.000Z","confidence":0.7662,"between":null}],"is_underground":false,"has_parts":false,"version":1}},
{"id":"be391135-b976-47a8-9705-f71489253c9c","type":"Feature","geometry":{"type":"Polygon","coordinates":[[[77.1353482,28.669034],[77.135402,28.6690614],[77.1353809,28.6690936],[77.1353271,28.6690662],[77.1353482,28.669034]]]},"properties":{"sources":[{"property":"","dataset":"Google Open Buildings","license":null,"record_id":"7JWVM49P+J4HG","update_time":"2023-05-01T00:00:00.000Z","confidence":0.7083,"between":null}],"is_underground":false,"has_parts":false,"version":1}},
{"id":"fc097192-5242-40bb-84c6-1f5039014184","type":"Feature","geometry":{"type":"Polygon","coordinates":[[[77.1359947,28.6683389],[77.1360386,28.6683485],[77.13602,28.6684146],[77.1359761,28.6684049],[77.1359947,28.6683389]]]},"properties":{"sources":[{"property":"","dataset":"Google Open Buildings","license":null,"record_id":"7JWVM49P+9C22","update_time":"2023-05-01T00:00:00.000Z","confidence":0.7312,"between":null}],"is_underground":false,"has_parts":false,"version":1}},
{"id":"cbdbee9a-c1df-4e31-8435-b8771980d37e","type":"Feature","geometry":{"type":"Polygon","coordinates":[[[77.1364041,28.6692055],[77.1364438,28.6692164],[77.1364228,28.6692758],[77.1363831,28.6692649],[77.1364041,28.6692055]]]},"properties":{"sources":[{"property":"","dataset":"Google Open Buildings","license":null,"record_id":"7JWVM49P+MHVJ","update_time":"2023-05-01T00:00:00.000Z","confidence":0.8194,"between":null}],"is_underground":false,"has_parts":false,"version":1}},
{"id":"6dc2cc6b-4ae7-4296-a6cf-751a63b15811","type":"Feature","geometry":{"type":"Polygon","coordinates":[[[77.1364627,28.6688214],[77.1365747,28.6689148],[77.1364747,28.6690081],[77.1363627,28.6689148],[77.1364627,28.6688214]]]},"properties":{"sources":[{"property":"","dataset":"Google Open Buildings","license":null,"record_id":"7JWVM49P+HH8H","update_time":"2023-05-01T00:00:00.000Z","confidence":0.8743,"between":null}],"is_underground":false,"has_parts":false,"version":1}},
{"id":"2190f42e-41d3-472d-8b1f-46d81f5b5732","type":"Feature","geometry":{"type":"Polygon","coordinates":[[[77.1363248,28.6688299],[77.1363607,28.6688259],[77.1363648,28.6688543],[77.1363289,28.6688583],[77.1363248,28.6688299]]]},"properties":{"sources":[{"property":"","dataset":"Google Open Buildings","license":null,"record_id":"7JWVM49P+GGQJ","update_time":"2023-05-01T00:00:00.000Z","confidence":0.6632,"between":null}],"is_underground":false,"has_parts":false,"version":1}},
{"id":"ba550d28-e634-4d50-88b3-b6d62249987c","type":"Feature","geometry":{"type":"Polygon","coordinates":[[[77.1362336,28.6687637],[77.1362558,28.6687748],[77.1362015,28.6688592],[77.1361793,28.6688481],[77.1362336,28.6687637]]]},"properties":{"sources":[{"property":"","dataset":"Google Open Buildings","license":null,"record_id":"7JWVM49P+GFGH","update_time":"2023-05-01T00:00:00.000Z","confidence":0.6573,"between":null}],"is_underground":false,"has_parts":false,"version":1}},
{"id":"cfecb9c0-ef83-4654-b9d3-4f8052130eb8","type":"Feature","geometry":{"type":"Polygon","coordinates":[[[77.1375503,28.6685504],[77.1374689,28.6686347],[77.1373639,28.6685566],[77.137525,28.6683897],[77.1375785,28.6684295],[77.1374988,28.6685121],[77.1375503,28.6685504]]]},"properties":{"sources":[{"property":"","dataset":"OpenStreetMap","license":"ODbL-1.0","record_id":"w350556504@1","update_time":"2015-06-01T09:33:16.000Z","confidence":null,"between":null}],"is_underground":false,"has_parts":false,"version":1}},
{"id":"9e19fd85-4eb3-4401-8451-9bbf65765c41","type":"Feature","geometry":{"type":"Polygon","coordinates":[[[77.1375157,28.6683349],[77.1373473,28.6681367],[77.1374181,28.6680904],[77.1375864,28.6682886],[77.1375157,28.6683349]]]},"properties":{"sources":[{"property":"","dataset":"Microsoft ML Buildings","license":"ODbL-1.0","record_id":null,"update_time":"2021-07-25T00:00:00.000Z","confidence":null,"between":null}],"is_underground":false,"has_parts":false,"version":3}},
{"id":"0a0971a7-737c-43b9-bc52-99308124e0dd","type":"Feature","geometry":{"type":"Polygon","coordinates":[[[77.1375104,28.6683795],[77.1373491,28.6685385],[77.1371556,28.6683873],[77.1373169,28.6682283],[77.1375104,28.6683795]]]},"properties":{"sources":[{"property":"","dataset":"OpenStreetMap","license":"ODbL-1.0","record_id":"w350556114@1","update_time":"2015-06-01T09:32:50.000Z","confidence":null,"between":null}],"is_underground":false,"has_parts":false,"version":1}},
{"id":"d0e003a7-e60a-4d91-9659-610413beb968","type":"Feature","geometry":{"type":"Polygon","coordinates":[[[77.1369045,28.6677001],[77.1368013,28.6677563],[77.1367855,28.6677337],[77.1368888,28.6676776],[77.1369045,28.6677001]]]},"properties":{"sources":[{"property":"","dataset":"Google Open Buildings","license":null,"record_id":"7JWVM49P+3PQJ","update_time":"2023-05-01T00:00:00.000Z","confidence":0.6648,"between":null}],"is_underground":false,"has_parts":false,"version":1}},
{"id":"47986338-82d4-450d-a8af-6c0a0a7d080e","type":"Feature","geometry":{"type":"Polygon","coordinates":[[[77.1369004,28.6672026],[77.1369405,28.6672385],[77.136903,28.6672712],[77.1368628,28.6672353],[77.1369004,28.6672026]]]},"properties":{"sources":[{"property":"","dataset":"Google Open Buildings","license":null,"record_id":"7JWVM48P+VQRH","update_time":"2023-05-01T00:00:00.000Z","confidence":0.8671,"between":null}],"is_underground":false,"has_parts":false,"version":1}},
{"id":"f2d53b90-d973-4374-9129-5babf6f0b639","type":"Feature","geometry":{"type":"Polygon","coordinates":[[[77.1368213,28.667453],[77.1368427,28.6674895],[77.1368032,28.6675075],[77.1367818,28.667471],[77.1368213,28.667453]]]},"properties":{"sources":[{"property":"","dataset":"Google Open Buildings","license":null,"record_id":"7JWVM48P+XPV9","update_time":"2023-05-01T00:00:00.000Z","confidence":0.7214,"between":null}],"is_underground":false,"has_parts":false,"version":1}},
{"id":"c8b3a418-2a5f-414a-9193-9130d442d00c","type":"Feature","geometry":{"type":"Polygon","coordinates":[[[77.1366755,28.6676197],[77.1366862,28.6676492],[77.1366422,28.6676617],[77.1366314,28.6676323],[77.1366755,28.6676197]]]},"properties":{"sources":[{"property":"","dataset":"Google Open Buildings","license":null,"record_id":"7JWVM49P+3M3J","update_time":"2023-05-01T00:00:00.000Z","confidence":0.7625,"between":null}],"is_underground":false,"has_parts":false,"version":1}},
{"id":"1d67c3eb-825e-49bf-80e9-08f1d2001c3f","type":"Feature","geometry":{"type":"Polygon","coordinates":[[[77.1362175,28.6675052],[77.1362589,28.6675126],[77.1362503,28.66755],[77.1362089,28.6675426],[77.1362175,28.6675052]]]},"properties":{"sources":[{"property":"","dataset":"Google Open Buildings","license":null,"record_id":"7JWVM49P+2F93","update_time":"2023-05-01T00:00:00.000Z","confidence":0.7163,"between":null}],"is_underground":false,"has_parts":false,"version":1}},
{"id":"5ac30f0a-f88d-47b0-85a5-0636ec756123","type":"Feature","geometry":{"type":"Polygon","coordinates":[[[77.1356923,28.6671519],[77.1356498,28.6671173],[77.1357747,28.6669993],[77.1358172,28.6670339],[77.1356923,28.6671519]]]},"properties":{"sources":[{"property":"","dataset":"Microsoft ML Buildings","license":"ODbL-1.0","record_id":null,"update_time":"2021-07-25T00:00:00.000Z","confidence":null,"between":null}],"is_underground":false,"has_parts":false,"version":3}},
{"id":"e2553d9c-53a6-404d-8f6f-659248f0f171","type":"Feature","geometry":{"type":"Polygon","coordinates":[[[77.1358263,28.6668521],[77.1358587,28.6668669],[77.1358441,28.6668917],[77.1358117,28.6668768],[77.1358263,28.6668521]]]},"properties":{"sources":[{"property":"","dataset":"Google Open Buildings","license":null,"record_id":"7JWVM48P+P8WW","update_time":"2023-05-01T00:00:00.000Z","confidence":0.7199,"between":null}],"is_underground":false,"has_parts":false,"version":1}},
{"id":"7f17232f-b502-48a1-9a68-1403310b5817","type":"Feature","geometry":{"type":"Polygon","coordinates":[[[77.1358004,28.6669704],[77.1358468,28.6669295],[77.1358839,28.6669619],[77.1358375,28.6670028],[77.1358004,28.6669704]]]},"properties":{"sources":[{"property":"","dataset":"Microsoft ML Buildings","license":"ODbL-1.0","record_id":null,"update_time":"2021-07-25T00:00:00.000Z","confidence":null,"between":null}],"is_underground":false,"has_parts":false,"version":3}},
{"id":"630e2587-acd4-45b1-8874-6d3051ab4eaf","type":"Feature","geometry":{"type":"Polygon","coordinates":[[[77.135914,28.6666285],[77.1362673,28.6668909],[77.1362306,28.6669294],[77.1358773,28.666667],[77.135914,28.6666285]]]},"properties":{"sources":[{"property":"","dataset":"Google Open Buildings","license":null,"record_id":"7JWVM48P+PC83","update_time":"2023-05-01T00:00:00.000Z","confidence":0.8463,"between":null}],"is_underground":false,"has_parts":false,"version":1}},
{"id":"5f080559-843c-4326-8bf0-ef112008930c","type":"Feature","geometry":{"type":"Polygon","coordinates":[[[77.1355663,28.6667715],[77.1356215,28.6668113],[77.1355799,28.6668562],[77.1355247,28.6668164],[77.1355663,28.6667715]]]},"properties":{"sources":[{"property":"","dataset":"Google Open Buildings","license":null,"record_id":"7JWVM48P+P6GF","update_time":"2023-05-01T00:00:00.000Z","confidence":0.7794,"between":null}],"is_underground":false,"has_parts":false,"version":1}},
{"id":"ff84851a-a2e5-4f2a-9def-d6190b651d79","type":"Feature","geometry":{"type":"Polygon","coordinates":[[[77.1359325,28.6663309],[77.1360267,28.6664141],[77.1359466,28.6664845],[77.1358525,28.6664013],[77.1359325,28.6663309]]]},"properties":{"sources":[{"property":"","dataset":"Google Open Buildings","license":null,"record_id":"7JWVM48P+H986","update_time":"2023-05-01T00:00:00.000Z","confidence":0.9109,"between":null}],"is_underground":false,"has_parts":false,"version":1}},
{"id":"147b38bd-4440-40e7-9ec7-5fabeea95b61","type":"Feature","geometry":{"type":"Polygon","coordinates":[[[77.1374707,28.6664196],[77.137533,28.6663449],[77.1376848,28.6664423],[77.1376225,28.666517],[77.1374707,28.6664196]]]},"properties":{"sources":[{"property":"","dataset":"OpenStreetMap","license":"ODbL-1.0","record_id":"w350508665@1","update_time":"2015-06-01T06:03:05.000Z","confidence":null,"between":null}],"is_underground":false,"has_parts":false,"version":1}},
{"id":"6def5a6d-6202-4118-8e18-f6be4402a8f4","type":"Feature","geometry":{"type":"Polygon","coordinates":[[[77.1372618,28.6662057],[77.1371008,28.6661224],[77.1372062,28.6659654],[77.1373672,28.6660487],[77.1372618,28.6662057]]]},"properties":{"sources":[{"property":"","dataset":"OpenStreetMap","license":"ODbL-1.0","record_id":"w350867827@1","update_time":"2015-06-02T12:02:16.000Z","confidence":null,"between":null}],"is_underground":false,"has_parts":false,"version":1}},
{"id":"704a8245-f8f7-4e78-8536-3ca3624f628b","type":"Feature","geometry":{"type":"Polygon","coordinates":[[[77.1373631,28.6662704],[77.137311,28.6662416],[77.1374212,28.6660882],[77.1374733,28.6661169],[77.1373631,28.6662704]]]},"properties":{"sources":[{"property":"","dataset":"OpenStreetMap","license":"ODbL-1.0","record_id":"w350508685@1","update_time":"2015-06-01T06:03:06.000Z","confidence":null,"between":null}],"is_underground":false,"has_parts":false,"version":1}},
{"id":"0d82142f-b569-4085-9893-ad56ad28f379","type":"Feature","geometry":{"type":"Polygon","coordinates":[[[77.1377413,28.666366],[77.1375669,28.6662642],[77.1376297,28.6661813],[77.1378041,28.6662831],[77.1377413,28.666366]]]},"properties":{"sources":[{"property":"","dataset":"OpenStreetMap","license":"ODbL-1.0","record_id":"w351156874@1","update_time":"2024-08-24T13:25:09.000Z","confidence":null,"between":null}],"is_underground":false,"has_parts":false,"version":1}},
{"id":"99d768b1-a9d4-4f7a-b9bb-02b5f502d67f","type":"Feature","geometry":{"type":"Polygon","coordinates":[[[77.1376495,28.6661621],[77.1377295,28.6660632],[77.1378906,28.6661634],[77.1378106,28.6662624],[77.1376495,28.6661621]]]},"properties":{"sources":[{"property":"","dataset":"OpenStreetMap","license":"ODbL-1.0","record_id":"w351156893@1","update_time":"2024-08-24T13:25:09.000Z","confidence":null,"between":null}],"is_underground":false,"has_parts":false,"version":1}},
{"id":"ecb7d8d8-9ec1-4cdf-8a6a-03ee1931ff9f","type":"Feature","geometry":{"type":"Polygon","coordinates":[[[77.1377791,28.6660194],[77.1379565,28.6661116],[77.1379308,28.6661501],[77.1377534,28.6660579],[77.1377791,28.6660194]]]},"properties":{"sources":[{"property":"","dataset":"Google Open Buildings","license":null,"record_id":"7JWVM48Q+C4Q7","update_time":"2023-05-01T00:00:00.000Z","confidence":0.7913,"between":null}],"is_underground":false,"has_parts":false,"version":1}},
{"id":"10511518-9141-4a62-83e2-c1c9fe9fe68c","type":"Feature","geometry":{"type":"Polygon","coordinates":[[[77.1380768,28.6663116],[77.1381186,28.6663198],[77.138109,28.6663572],[77.1380673,28.6663489],[77.1380768,28.6663116]]]},"properties":{"sources":[{"property":"","dataset":"Google Open Buildings","license":null,"record_id":"7JWVM48Q+G6P9","update_time":"2023-05-01T00:00:00.000Z","confidence":0.7394,"between":null}],"is_underground":false,"has_parts":false,"version":1}},
{"id":"2f003570-b835-47eb-a771-a25c7b135d34","type":"Feature","geometry":{"type":"Polygon","coordinates":[[[77.1375488,28.6666617],[77.1376608,28.6665148],[77.137771,28.6665795],[77.137659,28.6667264],[77.1375488,28.6666617]]]},"properties":{"sources":[{"property":"","dataset":"OpenStreetMap","license":"ODbL-1.0","record_id":"w351156869@1","update_time":"2015-06-03T11:33:50.000Z","confidence":null,"between":null}],"is_underground":false,"has_parts":false,"version":1}},
{"id":"ef0549a4-6e78-4175-b79a-7ca1b04bd30a","type":"Feature","geometry":{"type":"Polygon","coordinates":[[[77.1378017,28.6665692],[77.1379289,28.6666409],[77.1378214,28.6667878],[77.1376942,28.6667161],[77.1378017,28.6665692]]]},"properties":{"sources":[{"property":"","dataset":"OpenStreetMap","license":"ODbL-1.0","record_id":"w351156863@1","update_time":"2015-06-03T11:33:49.000Z","confidence":null,"between":null}],"is_underground":false,"has_parts":false,"version":1}},
{"id":"d0b4cf5a-deb8-442c-88c6-5eea46fd2e96","type":"Feature","geometry":{"type":"Polygon","coordinates":[[[77.1387502,28.666773],[77.138756,28.6668277],[77.1386629,28.6668352],[77.1386571,28.6667805],[77.1387502,28.666773]]]},"properties":{"sources":[{"property":"","dataset":"Microsoft ML Buildings","license":"ODbL-1.0","record_id":null,"update_time":"2021-07-25T00:00:00.000Z","confidence":null,"between":null}],"is_underground":false,"has_parts":false,"version":3}},
{"id":"8fef7ec8-4b07-4cdd-b45f-4108798c0cb4","type":"Feature","geometry":{"type":"Polygon","coordinates":[[[77.1390093,28.6674738],[77.1384975,28.667488],[77.1384946,28.6674046],[77.1390063,28.6673905],[77.1390093,28.6674738]]]},"properties":{"sources":[{"property":"","dataset":"Microsoft ML Buildings","license":"ODbL-1.0","record_id":null,"update_time":"2021-07-25T00:00:00.000Z","confidence":null,"between":null}],"is_underground":false,"has_parts":false,"version":3}},
{"id":"13d8aa73-bf58-4c51-83e0-af8ae7ef9c42","type":"Feature","geometry":{"type":"Polygon","coordinates":[[[77.1384851,28.6674354],[77.1384899,28.6674726],[77.1384619,28.6674754],[77.138469,28.6675306],[77.1383023,28.6675471],[77.1382905,28.6674546],[77.1384851,28.6674354]]]},"properties":{"sources":[{"property":"","dataset":"Google Open Buildings","license":null,"record_id":"7JWVM48Q+X9RM","update_time":"2023-05-01T00:00:00.000Z","confidence":0.8034,"between":null}],"is_underground":false,"has_parts":false,"version":1}},
{"id":"f381f203-f64b-47d3-a31d-c3e94a40a344","type":"Feature","geometry":{"type":"Polygon","coordinates":[[[77.138434,28.6675413],[77.138503,28.6675329],[77.1385364,28.6677455],[77.1384688,28.6677537],[77.138448,28.6676211],[77.1384465,28.6676213],[77.138434,28.6675413]]]},"properties":{"sources":[{"property":"","dataset":"Google Open Buildings","license":null,"record_id":"7JWVM49Q+395P","update_time":"2023-05-01T00:00:00.000Z","confidence":0.7359,"between":null}],"is_underground":false,"has_parts":false,"version":1}},
{"id":"8c7b5510-ea39-45c4-b12c-b48bbb20d857","type":"Feature","geometry":{"type":"Polygon","coordinates":[[[77.1380422,28.6677687],[77.1381882,28.6676315],[77.1384891,28.6678781],[77.1383431,28.6680153],[77.1382212,28.6679154],[77.1382436,28.6678943],[77.1381894,28.6678499],[77.138167,28.667871],[77.1380422,28.6677687]]]},"properties":{"sources":[{"property":"","dataset":"OpenStreetMap","license":"ODbL-1.0","record_id":"w350556517@1","update_time":"2015-06-01T09:33:17.000Z","confidence":null,"between":null}],"is_underground":false,"has_parts":false,"version":1}},
{"id":"d6196137-f9c8-4fa2-9776-1e07e7abcf21","type":"Feature","geometry":{"type":"Polygon","coordinates":[[[77.1385008,28.6675298],[77.1385976,28.667517],[77.138625,28.6676785],[77.1385942,28.6676825],[77.1386186,28.6678261],[77.1385526,28.6678349],[77.1385008,28.6675298]]]},"properties":{"sources":[{"property":"","dataset":"Google Open Buildings","license":null,"record_id":"7JWVM49Q+3C8C","update_time":"2023-05-01T00:00:00.000Z","confidence":0.73,"between":null}],"is_underground":false,"has_parts":false,"version":1}},
{"id":"b719aaf2-1e87-45ad-87cd-4d8777db2abd","type":"Feature","geometry":{"type":"Polygon","coordinates":[[[77.1386405,28.6679549],[77.138647,28.6679932],[77.1385809,28.6680019],[77.1385744,28.6679636],[77.1386405,28.6679549]]]},"properties":{"sources":[{"property":"","dataset":"Google Open Buildings","license":null,"record_id":"7JWVM49Q+5CX4","update_time":"2023-05-01T00:00:00.000Z","confidence":0.7101,"between":null}],"is_underground":false,"has_parts":false,"version":1}},
{"id":"78c76254-3d79-445c-a13d-a7dd2b78011a","type":"Feature","geometry":{"type":"Polygon","coordinates":[[[77.1382636,28.6681046],[77.1382663,28.6681222],[77.1381939,28.6681308],[77.1381912,28.6681132],[77.1382636,28.6681046]]]},"properties":{"sources":[{"property":"","dataset":"Google Open Buildings","license":null,"record_id":"7JWVM49Q+67XM","update_time":"2023-05-01T00:00:00.000Z","confidence":0.6501,"between":null}],"is_underground":false,"has_parts":false,"version":1}},
{"id":"45af0313-6e0e-4edb-b8b7-c090d07c344d","type":"Feature","geometry":{"type":"Polygon","coordinates":[[[77.1383276,28.6681552],[77.1383442,28.6683078],[77.1382865,28.6683258],[77.1381717,28.6681683],[77.1383276,28.6681552]]]},"properties":{"sources":[{"property":"","dataset":"OpenStreetMap","license":"ODbL-1.0","record_id":"w350808552@1","update_time":"2025-03-22T07:40:52.000Z","confidence":null,"between":null}],"is_underground":false,"has_parts":false,"version":1}},
{"id":"71efec83-1f23-4202-84cd-4016ecfe6dd1","type":"Feature","geometry":{"type":"Polygon","coordinates":[[[77.1386255,28.668274],[77.1384012,28.6683086],[77.1383815,28.6681529],[77.1385935,28.6681269],[77.1386255,28.668274]]]},"properties":{"sources":[{"property":"","dataset":"OpenStreetMap","license":"ODbL-1.0","record_id":"w1383489240@1","update_time":"2025-05-04T06:56:56.000Z","confidence":null,"between":null}],"is_underground":false,"has_parts":false,"version":1}},
{"id":"360e9e11-b618-463b-9bbb-f4f25cb669e3","type":"Feature","geometry":{"type":"Polygon","coordinates":[[[77.1378496,28.6684174],[77.137756,28.668329],[77.1378875,28.6682159],[77.1379859,28.6683102],[77.1378496,28.6684174]]]},"properties":{"sources":[{"property":"","dataset":"OpenStreetMap","license":"ODbL-1.0","record_id":"w350556249@1","update_time":"2022-12-27T11:49:47.000Z","confidence":null,"between":null}],"is_underground":false,"has_parts":false,"version":1}},
{"id":"1cb8d46d-ddc2-47ba-b27a-8ada6923f141","type":"Feature","geometry":{"type":"Polygon","coordinates":[[[77.1380137,28.6680842],[77.1378808,28.6681951],[77.1377187,28.6680454],[77.1378516,28.6679346],[77.1380137,28.6680842]]]},"properties":{"sources":[{"property":"","dataset":"OpenStreetMap","license":"ODbL-1.0","record_id":"w350556276@1","update_time":"2015-06-01T09:33:01.000Z","confidence":null,"between":null}],"is_underground":false,"has_parts":false,"version":1}},
{"id":"24c04119-96b6-4d14-9a51-7c61816cae97","type":"Feature","geometry":{"type":"Polygon","coordinates":[[[77.1376787,28.6681867],[77.1376347,28.668222],[77.1375372,28.6681449],[77.1376427,28.6680452],[77.1378039,28.66818],[77.1377406,28.6682384],[77.1376787,28.6681867]]]},"properties":{"sources":[{"property":"","dataset":"OpenStreetMap","license":"ODbL-1.0","record_id":"w350556505@1","update_time":"2022-12-27T11:49:47.000Z","confidence":null,"between":null}],"is_underground":false,"has_parts":false,"version":1}},
{"id":"2040d84b-d26d-4466-804d-93594a6eaf48","type":"Feature","geometry":{"type":"Polygon","coordinates":[[[77.1377126,28.6683628],[77.1376148,28.6684539],[77.1375514,28.668401],[77.1376492,28.6683099],[77.1377126,28.6683628]]]},"properties":{"sources":[{"property":"","dataset":"Google Open Buildings","license":null,"record_id":"7JWVM49Q+9326","update_time":"2023-05-01T00:00:00.000Z","confidence":0.7513,"between":null}],"is_underground":false,"has_parts":false,"version":1}},
{"id":"231150a4-9549-4069-a1b6-f8b4ca46d1c2","type":"Feature","geometry":{"type":"Polygon","coordinates":[[[77.137607,28.6687861],[77.1375111,28.6687029],[77.137747,28.6684936],[77.1378429,28.6685768],[77.137607,28.6687861]]]},"properties":{"sources":[{"property":"","dataset":"OpenStreetMap","license":"ODbL-1.0","record_id":"w350556300@1","update_time":"2015-06-01T09:33:03.000Z","confidence":null,"between":null}],"is_underground":false,"has_parts":false,"version":1}},
{"id":"c9c85cb3-ba3c-4bc6-b08e-89dec4007fbd","type":"Feature","geometry":{"type":"Polygon","coordinates":[[[77.137821,28.6686081],[77.1378415,28.6686288],[77.1377968,28.6686633],[77.1377763,28.6686426],[77.137821,28.6686081]]]},"properties":{"sources":[{"property":"","dataset":"Google Open Buildings","license":null,"record_id":"7JWVM49Q+F43H","update_time":"2023-05-01T00:00:00.000Z","confidence":0.654,"between":null}],"is_underground":false,"has_parts":false,"version":1}},
{"id":"934f5ee6-745a-49a7-83c9-4928e7c74a5e","type":"Feature","geometry":{"type":"Polygon","coordinates":[[[77.1380705,28.6686027],[77.1378917,28.668438],[77.1380502,28.6683056],[77.138229,28.6684703],[77.1380705,28.6686027]]]},"properties":{"sources":[{"property":"","dataset":"OpenStreetMap","license":"ODbL-1.0","record_id":"w350556298@1","update_time":"2022-12-27T11:49:47.000Z","confidence":null,"between":null}],"is_underground":false,"has_parts":false,"version":1}},
{"id":"f67b9c94-f0e0-456e-aa08-81bfa3f86b15","type":"Feature","geometry":{"type":"Polygon","coordinates":[[[77.1378885,28.6685281],[77.1379445,28.6685719],[77.1379078,28.6686081],[77.1378518,28.6685643],[77.1378885,28.6685281]]]},"properties":{"sources":[{"property":"","dataset":"Microsoft ML Buildings","license":"ODbL-1.0","record_id":null,"update_time":"2021-07-25T00:00:00.000Z","confidence":null,"between":null}],"is_underground":false,"has_parts":false,"version":3}},
{"id":"67861afe-83e8-4682-870f-452ffe7224a1","type":"Feature","geometry":{"type":"Polygon","coordinates":[[[77.1377598,28.6688867],[77.1376489,28.6687995],[77.1377762,28.668675],[77.137887,28.6687623],[77.1377598,28.6688867]]]},"properties":{"sources":[{"property":"","dataset":"OpenStreetMap","license":"ODbL-1.0","record_id":"w350556142@1","update_time":"2015-06-01T09:32:52.000Z","confidence":null,"between":null}],"is_underground":false,"has_parts":false,"version":1}},
{"id":"4f87234d-3bc0-47bb-9179-8f4dac9d5c38","type":"Feature","geometry":{"type":"Polygon","coordinates":[[[77.1379222,28.6690202],[77.1378332,28.6689484],[77.1379856,28.668803],[77.1380746,28.6688748],[77.1379222,28.6690202]]]},"properties":{"sources":[{"property":"","dataset":"OpenStreetMap","license":"ODbL-1.0","record_id":"w350556192@1","update_time":"2015-06-01T09:32:55.000Z","confidence":null,"between":null}],"is_underground":false,"has_parts":false,"version":1}},
{"id":"0216599e-01f7-4985-b80d-93e223f2f82f","type":"Feature","geometry":{"type":"Polygon","coordinates":[[[77.1380825,28.669127],[77.1379666,28.6690362],[77.1381934,28.6688199],[77.1383364,28.6689302],[77.1380825,28.669127]]]},"properties":{"sources":[{"property":"","dataset":"OpenStreetMap","license":"ODbL-1.0","record_id":"w1383489239@1","update_time":"2025-05-04T06:56:56.000Z","confidence":null,"between":null}],"is_underground":false,"has_parts":false,"version":1}},
{"id":"5d922413-f5ce-441c-9e84-ab5d2c18ed3e","type":"Feature","geometry":{"type":"Polygon","coordinates":[[[77.1381943,28.6692702],[77.138087,28.669152],[77.1382985,28.6690042],[77.1384058,28.6691224],[77.1383174,28.6691842],[77.1382842,28.6691475],[77.1382339,28.6691826],[77.1382672,28.6692193],[77.1381943,28.6692702]]]},"properties":{"sources":[{"property":"","dataset":"OpenStreetMap","license":"ODbL-1.0","record_id":"w350556514@1","update_time":"2015-06-01T09:33:17.000Z","confidence":null,"between":null}],"is_underground":false,"has_parts":false,"version":1}},
{"id":"ca3b6bab-5275-4721-aad2-448af76b65b8","type":"Feature","geometry":{"type":"Polygon","coordinates":[[[77.1383532,28.668973],[77.138394,28.6689431],[77.1384601,28.6690132],[77.1384192,28.6690431],[77.1383532,28.668973]]]},"properties":{"sources":[{"property":"","dataset":"Google Open Buildings","license":null,"record_id":"7JWVM49Q+H9VJ","update_time":"2023-05-01T00:00:00.000Z","confidence":0.7692,"between":null}],"is_underground":false,"has_parts":false,"version":1}},
{"id":"297a9aac-6cc9-4f18-96a8-72cf96a1953a","type":"Feature","geometry":{"type":"Polygon","coordinates":[[[77.1385476,28.6690332],[77.1384429,28.6689437],[77.1385864,28.6688146],[77.138691,28.668904],[77.1385476,28.6690332]]]},"properties":{"sources":[{"property":"","dataset":"OpenStreetMap","license":"ODbL-1.0","record_id":"w350556357@1","update_time":"2015-06-01T09:33:06.000Z","confidence":null,"between":null}],"is_underground":false,"has_parts":false,"version":1}},
{"id":"59211cf7-4722-4cb7-b0f7-5848e0de3092","type":"Feature","geometry":{"type":"Polygon","coordinates":[[[77.138451,28.6688944],[77.1383522,28.6687942],[77.1385166,28.6686693],[77.1386154,28.6687695],[77.138451,28.6688944]]]},"properties":{"sources":[{"property":"","dataset":"OpenStreetMap","license":"ODbL-1.0","record_id":"w350556415@1","update_time":"2022-12-27T11:49:47.000Z","confidence":null,"between":null}],"is_underground":false,"has_parts":false,"version":1}},
{"id":"c1cadc72-bc1b-4f69-9425-f74c498ca06d","type":"Feature","geometry":{"type":"Polygon","coordinates":[[[77.1383242,28.6687951],[77.1382276,28.6687123],[77.1383888,28.6685676],[77.1384854,28.6686504],[77.1383242,28.6687951]]]},"properties":{"sources":[{"property":"","dataset":"OpenStreetMap","license":"ODbL-1.0","record_id":"w350556356@1","update_time":"2022-12-27T11:49:47.000Z","confidence":null,"between":null}],"is_underground":false,"has_parts":false,"version":1}},
{"id":"7fbfb30d-f48d-453b-b03e-6df982047baf","type":"Feature","geometry":{"type":"Polygon","coordinates":[[[77.1381998,28.6687008],[77.1381148,28.668633],[77.1382733,28.6684799],[77.1383583,28.6685477],[77.1381998,28.6687008]]]},"properties":{"sources":[{"property":"","dataset":"OpenStreetMap","license":"ODbL-1.0","record_id":"w350556202@1","update_time":"2022-12-27T11:49:47.000Z","confidence":null,"between":null}],"is_underground":false,"has_parts":false,"version":1}},
{"id":"b0710f29-48a2-432d-b58d-3193e64ee0bf","type":"Feature","geometry":{"type":"Polygon","coordinates":[[[77.1383229,28.6684327],[77.1384067,28.6685086],[77.1383647,28.6685447],[77.1382809,28.6684688],[77.1383229,28.6684327]]]},"properties":{"sources":[{"property":"","dataset":"Google Open Buildings","license":null,"record_id":"7JWVM49Q+98XC","update_time":"2023-05-01T00:00:00.000Z","confidence":0.7652,"between":null}],"is_underground":false,"has_parts":false,"version":1}},
{"id":"58e85aef-a9a7-4719-add9-394860ea4cb0","type":"Feature","geometry":{"type":"Polygon","coordinates":[[[77.138633,28.6691215],[77.1385517,28.6690424],[77.138696,28.6689281],[77.1387774,28.6690072],[77.138633,28.6691215]]]},"properties":{"sources":[{"property":"","dataset":"OpenStreetMap","license":"ODbL-1.0","record_id":"w350556065@1","update_time":"2015-06-01T09:32:46.000Z","confidence":null,"between":null}],"is_underground":false,"has_parts":false,"version":1}},
{"id":"7fc283a3-ef84-4ef4-8312-5cfe23934a5d","type":"Feature","geometry":{"type":"Polygon","coordinates":[[[77.1387176,28.6692281],[77.1386416,28.669145],[77.1388263,28.6690151],[77.1389022,28.6690982],[77.1387176,28.6692281]]]},"properties":{"sources":[{"property":"","dataset":"OpenStreetMap","license":"ODbL-1.0","record_id":"w350556111@1","update_time":"2023-06-16T03:22:06.000Z","confidence":null,"between":null}],"is_underground":false,"has_parts":false,"version":1}},
{"id":"14d123ec-ebe2-47f5-9f6d-b93c9c6b03f9","type":"Feature","geometry":{"type":"Polygon","coordinates":[[[77.1387742,28.6685032],[77.1386562,28.6685183],[77.138639,28.6683338],[77.138757,28.6683225],[77.1387742,28.6685032]]]},"properties":{"sources":[{"property":"","dataset":"OpenStreetMap","license":"ODbL-1.0","record_id":"w1383489241@1","update_time":"2025-05-04T06:56:56.000Z","confidence":null,"between":null}],"is_underground":false,"has_parts":false,"version":1}},
{"id":"d1de1670-d644-4ba7-904a-77a065cab440","type":"Feature","geometry":{"type":"Polygon","coordinates":[[[77.1386387,28.6682215],[77.1386715,28.6682214],[77.1386717,28.6682908],[77.1386389,28.6682908],[77.1386387,28.6682215]]]},"properties":{"sources":[{"property":"","dataset":"Google Open Buildings","license":null,"record_id":"7JWVM49Q+8F29","update_time":"2023-05-01T00:00:00.000Z","confidence":0.6699,"between":null}],"is_underground":false,"has_parts":false,"version":1}},
{"id":"c38c1320-5f72-4ab2-8393-ffe072810f3e","type":"Feature","geometry":{"type":"Polygon","coordinates":[[[77.1388769,28.6682704],[77.1386848,28.6682936],[77.1386589,28.6681281],[77.1388509,28.6681049],[77.1388769,28.6682704]]]},"properties":{"sources":[{"property":"","dataset":"OpenStreetMap","license":"ODbL-1.0","record_id":"w350808803@1","update_time":"2015-06-02T09:45:43.000Z","confidence":null,"between":null}],"is_underground":false,"has_parts":false,"version":1}},
{"id":"786f27d7-9f99-4e56-94f4-7c04d7729613","type":"Feature","geometry":{"type":"Polygon","coordinates":[[[77.1386221,28.6678464],[77.1387284,28.6678324],[77.1387533,28.6679792],[77.138647,28.6679932],[77.1386221,28.6678464]]]},"properties":{"sources":[{"property":"","dataset":"Google Open Buildings","license":null,"record_id":"7JWVM49Q+5F8C","update_time":"2023-05-01T00:00:00.000Z","confidence":0.8677,"between":null}],"is_underground":false,"has_parts":false,"version":1}},
{"id":"99fd3dad-8f10-4af4-bf63-50e0eecb94bf","type":"Feature","geometry":{"type":"Polygon","coordinates":[[[77.1380923,28.6659752],[77.138038,28.6659414],[77.1381514,28.6658013],[77.1382057,28.6658351],[77.1380923,28.6659752]]]},"properties":{"sources":[{"property":"","dataset":"OpenStreetMap","license":"ODbL-1.0","record_id":"w350508650@1","update_time":"2015-06-01T06:03:04.000Z","confidence":null,"between":null}],"is_underground":false,"has_parts":false,"version":1}},
{"id":"3a4a9d03-60d6-4b4c-9650-2160937f2685","type":"Feature","geometry":{"type":"Polygon","coordinates":[[[77.1381997,28.6660385],[77.1381171,28.6659856],[77.1382313,28.6658482],[77.1383139,28.6659012],[77.1381997,28.6660385]]]},"properties":{"sources":[{"property":"","dataset":"OpenStreetMap","license":"ODbL-1.0","record_id":"w350508597@1","update_time":"2015-06-01T06:03:03.000Z","confidence":null,"between":null}],"is_underground":false,"has_parts":false,"version":1}},
{"id":"4246d58a-b08d-4afc-8d1a-129cdee6abd2","type":"Feature","geometry":{"type":"Polygon","coordinates":[[[77.1383448,28.6661089],[77.1382345,28.666043],[77.1383159,28.6659379],[77.1384263,28.6660038],[77.1383448,28.6661089]]]},"properties":{"sources":[{"property":"","dataset":"OpenStreetMap","license":"ODbL-1.0","record_id":"w350508586@1","update_time":"2015-06-01T06:03:03.000Z","confidence":null,"between":null}],"is_underground":false,"has_parts":false,"version":1}},
{"id":"b16ab9ae-9685-4fb5-89b4-3ab4a5ff28ae","type":"Feature","geometry":{"type":"Polygon","coordinates":[[[77.1378018,28.6659547],[77.1378318,28.6659173],[77.1380041,28.6660239],[77.1379741,28.6660613],[77.1378018,28.6659547]]]},"properties":{"sources":[{"property":"","dataset":"OpenStreetMap","license":"ODbL-1.0","record_id":"w350508646@1","update_time":"2015-06-01T06:03:04.000Z","confidence":null,"between":null}],"is_underground":false,"has_parts":false,"version":1}},
{"id":"509ce219-51ef-478e-af37-5fec648a4172","type":"Feature","geometry":{"type":"Polygon","coordinates":[[[77.137503,28.6659882],[77.1375412,28.6659327],[77.1377049,28.6660196],[77.1376667,28.6660751],[77.137503,28.6659882]]]},"properties":{"sources":[{"property":"","dataset":"OpenStreetMap","license":"ODbL-1.0","record_id":"w350508613@1","update_time":"2024-08-24T13:19:55.000Z","confidence":null,"between":null}],"is_underground":false,"has_parts":false,"version":1}},
{"id":"b519757f-ab58-4944-9917-dccbd1683261","type":"Feature","geometry":{"type":"Polygon","coordinates":[[[77.1375493,28.6659258],[77.1375782,28.6658843],[77.1377387,28.6659705],[77.1377098,28.666012],[77.1375493,28.6659258]]]},"properties":{"sources":[{"property":"","dataset":"OpenStreetMap","license":"ODbL-1.0","record_id":"w350508592@1","update_time":"2024-08-24T13:19:55.000Z","confidence":null,"between":null}],"is_underground":false,"has_parts":false,"version":1}},
{"id":"73dbd61a-c67b-4ce0-8a19-ae80d15820e2","type":"Feature","geometry":{"type":"Polygon","coordinates":[[[77.1375781,28.6658749],[77.1376151,28.6658209],[77.1377772,28.6659064],[77.1377402,28.6659604],[77.1375781,28.6658749]]]},"properties":{"sources":[{"property":"","dataset":"OpenStreetMap","license":"ODbL-1.0","record_id":"w350508611@1","update_time":"2024-08-24T13:19:55.000Z","confidence":null,"between":null}],"is_underground":false,"has_parts":false,"version":1}},
{"id":"9c2e0159-598b-4004-874f-a30a4a1fb5ae","type":"Feature","geometry":{"type":"Polygon","coordinates":[[[77.1286999,28.6694169],[77.1287489,28.6694166],[77.1287493,28.6694838],[77.1287003,28.6694841],[77.1286999,28.6694169]]]},"properties":{"sources":[{"property":"","dataset":"Google Open Buildings","license":null,"record_id":"7JWVM49H+QFQ2","update_time":"2023-05-01T00:00:00.000Z","confidence":0.8582,"between":null}],"is_underground":false,"has_parts":false,"version":1}},
{"id":"4914b520-b41d-4f4a-8737-523d06d277a0","type":"Feature","geometry":{"type":"Polygon","coordinates":[[[77.1287159,28.6697804],[77.1285183,28.6698017],[77.1284864,28.6695733],[77.1286839,28.669552],[77.1287159,28.6697804]]]},"properties":{"sources":[{"property":"","dataset":"OpenStreetMap","license":"ODbL-1.0","record_id":"w349994022@1","update_time":"2015-05-30T06:19:18.000Z","confidence":null,"between":null}],"is_underground":false,"has_parts":false,"version":1}},
{"id":"57251aeb-bdc5-4f27-ac53-b96454e0c1bb","type":"Feature","geometry":{"type":"Polygon","coordinates":[[[77.1287824,28.6702893],[77.1286083,28.6703068],[77.1285721,28.6700293],[77.1287462,28.6700118],[77.1287824,28.6702893]]]},"properties":{"sources":[{"property":"","dataset":"OpenStreetMap","license":"ODbL-1.0","record_id":"w349993967@1","update_time":"2015-05-30T06:19:16.000Z","confidence":null,"between":null}],"is_underground":false,"has_parts":false,"version":1}},
{"id":"9eaa93c8-50e9-42ae-ae6c-6d15698d758f","type":"Feature","geometry":{"type":"Polygon","coordinates":[[[77.1290171,28.6702691],[77.1287992,28.670279],[77.1287833,28.6700124],[77.1290013,28.6700025],[77.1290171,28.6702691]]]},"properties":{"sources":[{"property":"","dataset":"OpenStreetMap","license":"ODbL-1.0","record_id":"w349994020@1","update_time":"2015-05-30T06:19:18.000Z","confidence":null,"between":null}],"is_underground":false,"has_parts":false,"version":1}},
{"id":"ab7b63a1-5f78-4e69-bb8a-5dd06ceebf97","type":"Feature","geometry":{"type":"Polygon","coordinates":[[[77.1290519,28.669749],[77.1289723,28.6697615],[77.1289108,28.6694609],[77.1289904,28.6694484],[77.1290519,28.669749]]]},"properties":{"sources":[{"property":"","dataset":"OpenStreetMap","license":"ODbL-1.0","record_id":"w349994060@1","update_time":"2015-05-30T06:19:20.000Z","confidence":null,"between":null}],"is_underground":false,"has_parts":false,"version":1}},
{"id":"41da7831-2dee-411d-86e8-b4f9d1538507","type":"Feature","geometry":{"type":"Polygon","coordinates":[[[77.1288398,28.6697959],[77.1287667,28.6698059],[77.1287132,28.6695039],[77.1287863,28.6694939],[77.1288398,28.6697959]]]},"properties":{"sources":[{"property":"","dataset":"OpenStreetMap","license":"ODbL-1.0","record_id":"w349994044@1","update_time":"2015-05-30T06:19:20.000Z","confidence":null,"between":null}],"is_underground":false,"has_parts":false,"version":1}},
{"id":"7b092010-25e7-4aa6-9b90-02b1e163402a","type":"Feature","geometry":{"type":"Polygon","coordinates":[[[77.1289533,28.6697922],[77.1288633,28.6698045],[77.1288042,28.6694724],[77.1288942,28.66946],[77.1289533,28.6697922]]]},"properties":{"sources":[{"property":"","dataset":"OpenStreetMap","license":"ODbL-1.0","record_id":"w349993923@1","update_time":"2015-05-30T06:19:14.000Z","confidence":null,"between":null}],"is_underground":false,"has_parts":false,"version":1}},
{"id":"753f2c09-e767-43cf-9e01-e96414f9739b","type":"Feature","geometry":{"type":"Polygon","coordinates":[[[77.1288413,28.6693608],[77.1288449,28.669393],[77.1287862,28.6693982],[77.1287825,28.669366],[77.1288413,28.6693608]]]},"properties":{"sources":[{"property":"","dataset":"Google Open Buildings","license":null,"record_id":"7JWVM49H+QG42","update_time":"2023-05-01T00:00:00.000Z","confidence":0.8043,"between":null}],"is_underground":false,"has_parts":false,"version":1}},
{"id":"ccacaafe-2c03-44c6-9942-25c9357b637f","type":"Feature","geometry":{"type":"Polygon","coordinates":[[[77.1291547,28.6697405],[77.1290654,28.6697533],[77.1290079,28.6694435],[77.1290972,28.6694308],[77.1291547,28.6697405]]]},"properties":{"sources":[{"property":"","dataset":"OpenStreetMap","license":"ODbL-1.0","record_id":"w349993937@1","update_time":"2015-05-30T06:19:14.000Z","confidence":null,"between":null}],"is_underground":false,"has_parts":false,"version":1}},
{"id":"7164335d-c0c3-4efe-95c3-bf733af5e72b","type":"Feature","geometry":{"type":"Polygon","coordinates":[[[77.1293639,28.669714],[77.1291876,28.6697456],[77.1291221,28.6694639],[77.1292984,28.6694323],[77.1293639,28.669714]]]},"properties":{"sources":[{"property":"","dataset":"OpenStreetMap","license":"ODbL-1.0","record_id":"w349993902@1","update_time":"2015-05-30T06:19:13.000Z","confidence":null,"between":null}],"is_underground":false,"has_parts":false,"version":1}},
{"id":"afea2a45-e793-41e3-8154-cbb0e06a891b","type":"Feature","geometry":{"type":"Polygon","coordinates":[[[77.1294089,28.6692267],[77.1294296,28.6692833],[77.1293687,28.6693004],[77.1293481,28.6692438],[77.1294089,28.6692267]]]},"properties":{"sources":[{"property":"","dataset":"Microsoft ML Buildings","license":"ODbL-1.0","record_id":null,"update_time":"2021-07-25T00:00:00.000Z","confidence":null,"between":null}],"is_underground":false,"has_parts":false,"version":3}},
{"id":"72d69d39-ecc4-402b-b05c-b52d2b1ed124","type":"Feature","geometry":{"type":"Polygon","coordinates":[[[77.1297996,28.6695443],[77.129645,28.6696032],[77.1295298,28.6693703],[77.1296844,28.6693114],[77.1297996,28.6695443]]]},"properties":{"sources":[{"property":"","dataset":"OpenStreetMap","license":"ODbL-1.0","record_id":"w349993905@1","update_time":"2015-05-30T06:19:13.000Z","confidence":null,"between":null}],"is_underground":false,"has_parts":false,"version":1}},
{"id":"0e4dc69a-b932-4fa9-97ee-884e0a956162","type":"Feature","geometry":{"type":"Polygon","coordinates":[[[77.129589,28.6696183],[77.1294383,28.6696676],[77.129339,28.6694337],[77.1294896,28.6693844],[77.129589,28.6696183]]]},"properties":{"sources":[{"property":"","dataset":"OpenStreetMap","license":"ODbL-1.0","record_id":"w349993952@1","update_time":"2015-05-30T06:19:15.000Z","confidence":null,"between":null}],"is_underground":false,"has_parts":false,"version":1}},
{"id":"8b53ff9c-0d17-4fec-8d66-0a8d3d6a6dd6","type":"Feature","geometry":{"type":"Polygon","coordinates":[[[77.1296412,28.6700723],[77.1294201,28.6700905],[77.1293975,28.6698784],[77.1296186,28.6698603],[77.1296412,28.6700723]]]},"properties":{"sources":[{"property":"","dataset":"OpenStreetMap","license":"ODbL-1.0","record_id":"w349993924@1","update_time":"2015-05-30T06:19:14.000Z","confidence":null,"between":null}],"is_underground":false,"has_parts":false,"version":1}},
{"id":"b191af98-f068-4f57-82cd-0c79633cbc9a","type":"Feature","geometry":{"type":"Polygon","coordinates":[[[77.1296807,28.6702825],[77.1294607,28.6702986],[77.1294427,28.6701083],[77.1296626,28.6700922],[77.1296807,28.6702825]]]},"properties":{"sources":[{"property":"","dataset":"OpenStreetMap","license":"ODbL-1.0","record_id":"w349993975@1","update_time":"2015-05-30T06:19:16.000Z","confidence":null,"between":null}],"is_underground":false,"has_parts":false,"version":1}},
{"id":"7e101881-505a-41cc-8280-638a7c61718c","type":"Feature","geometry":{"type":"Polygon","coordinates":[[[77.1294013,28.6702163],[77.1291987,28.6702371],[77.1291569,28.669925],[77.1293596,28.6699041],[77.1294013,28.6702163]]]},"properties":{"sources":[{"property":"","dataset":"OpenStreetMap","license":"ODbL-1.0","record_id":"w349994052@1","update_time":"2015-05-30T06:19:20.000Z","confidence":null,"between":null}],"is_underground":false,"has_parts":false,"version":1}},
{"id":"d6551022-be75-430f-82e5-8a5a4b6480c0","type":"Feature","geometry":{"type":"Polygon","coordinates":[[[77.1292997,28.6697649],[77.1293074,28.6698225],[77.1292664,28.6698268],[77.1292586,28.6697691],[77.1292997,28.6697649]]]},"properties":{"sources":[{"property":"","dataset":"Google Open Buildings","license":null,"record_id":"7JWVM49H+WP7R","update_time":"2023-05-01T00:00:00.000Z","confidence":0.7241,"between":null}],"is_underground":false,"has_parts":false,"version":1}},
{"id":"04f12142-c9de-4887-aa70-e59d4a5435aa","type":"Feature","geometry":{"type":"Polygon","coordinates":[[[77.1292667,28.6709429],[77.1289997,28.6709743],[77.1289613,28.6707234],[77.1292283,28.670692],[77.1292667,28.6709429]]]},"properties":{"sources":[{"property":"","dataset":"OpenStreetMap","license":"ODbL-1.0","record_id":"w350002069@1","update_time":"2024-02-29T06:05:47.000Z","confidence":null,"between":null}],"is_underground":false,"has_parts":false,"version":1}},
{"id":"a6224280-6f9e-4e58-8375-02768d7d3c9c","type":"Feature","geometry":{"type":"Polygon","coordinates":[[[77.1294537,28.6705204],[77.1292428,28.6705384],[77.1292134,28.6702728],[77.1294243,28.6702549],[77.1294537,28.6705204]]]},"properties":{"sources":[{"property":"","dataset":"OpenStreetMap","license":"ODbL-1.0","record_id":"w349993965@1","update_time":"2015-05-30T06:19:16.000Z","confidence":null,"between":null}],"is_underground":false,"has_parts":false,"version":1}},
{"id":"1f9f5805-04e4-45ce-89ea-4e420ee79638","type":"Feature","geometry":{"type":"Polygon","coordinates":[[[77.1297224,28.6704748],[77.1295172,28.6705027],[77.1294946,28.6703749],[77.1296998,28.670347],[77.1297224,28.6704748]]]},"properties":{"sources":[{"property":"","dataset":"OpenStreetMap","license":"ODbL-1.0","record_id":"w349994034@1","update_time":"2015-05-30T06:19:19.000Z","confidence":null,"between":null}],"is_underground":false,"has_parts":false,"version":1}},
{"id":"ba4ca313-2184-4218-b58b-9df445e77826","type":"Feature","geometry":{"type":"Polygon","coordinates":[[[77.1295779,28.6709376],[77.1293095,28.6709631],[77.1292776,28.6707038],[77.1295459,28.6706783],[77.1295779,28.6709376]]]},"properties":{"sources":[{"property":"","dataset":"OpenStreetMap","license":"ODbL-1.0","record_id":"w350002126@1","update_time":"2024-02-29T06:05:47.000Z","confidence":null,"between":null}],"is_underground":false,"has_parts":false,"version":1}},
{"id":"2d3f0a9d-1c4e-4480-85f3-33c949cd52aa","type":"Feature","geometry":{"type":"Polygon","coordinates":[[[77.1293535,28.6712943],[77.1293233,28.6710748],[77.1296226,28.6710431],[77.1296528,28.6712626],[77.1293535,28.6712943]]]},"properties":{"sources":[{"property":"","dataset":"OpenStreetMap","license":"ODbL-1.0","record_id":"w350002132@1","update_time":"2015-05-30T06:59:22.000Z","confidence":null,"between":null}],"is_underground":false,"has_parts":false,"version":1}},
{"id":"f623cefc-c45f-4ada-809f-6aed50f61ddb","type":"Feature","geometry":{"type":"Polygon","coordinates":[[[77.1293478,28.6713048],[77.1290617,28.6713558],[77.1289991,28.6710857],[77.1292852,28.6710347],[77.1293478,28.6713048]]]},"properties":{"sources":[{"property":"","dataset":"OpenStreetMap","license":"ODbL-1.0","record_id":"w350002001@1","update_time":"2015-05-30T06:59:16.000Z","confidence":null,"between":null}],"is_underground":false,"has_parts":false,"version":1}},
{"id":"2367052e-b582-44e8-8489-9be1e901efe6","type":"Feature","geometry":{"type":"Polygon","coordinates":[[[77.129036,28.6713391],[77.1287612,28.6713918],[77.128698,28.6711381],[77.1289727,28.6710854],[77.129036,28.6713391]]]},"properties":{"sources":[{"property":"","dataset":"OpenStreetMap","license":"ODbL-1.0","record_id":"w350002151@1","update_time":"2015-05-30T06:59:23.000Z","confidence":null,"between":null}],"is_underground":false,"has_parts":false,"version":1}},
{"id":"fa8a6ec2-629b-4bd9-b691-1c2707128300","type":"Feature","geometry":{"type":"Polygon","coordinates":[[[77.1289758,28.6709949],[77.1286726,28.6710383],[77.1286249,28.6707819],[77.1289281,28.6707384],[77.1289758,28.6709949]]]},"properties":{"sources":[{"property":"","dataset":"OpenStreetMap","license":"ODbL-1.0","record_id":"w350002155@1","update_time":"2024-02-29T06:05:47.000Z","confidence":null,"between":null}],"is_underground":false,"has_parts":false,"version":1}},
{"id":"54898167-10b3-4145-955e-b08ea11049e7","type":"Feature","geometry":{"type":"Polygon","coordinates":[[[77.1290876,28.6705372],[77.1289252,28.6705516],[77.1288972,28.6703084],[77.1290597,28.670294],[77.1290876,28.6705372]]]},"properties":{"sources":[{"property":"","dataset":"OpenStreetMap","license":"ODbL-1.0","record_id":"w349993916@1","update_time":"2015-05-30T06:19:13.000Z","confidence":null,"between":null}],"is_underground":false,"has_parts":false,"version":1}},
{"id":"e5bf4354-a6bf-4694-b269-bc1781b9b6ef","type":"Feature","geometry":{"type":"Polygon","coordinates":[[[77.128908,28.6705461],[77.128763,28.67056],[77.1287367,28.6703476],[77.1288817,28.6703338],[77.128908,28.6705461]]]},"properties":{"sources":[{"property":"","dataset":"OpenStreetMap","license":"ODbL-1.0","record_id":"w349994035@1","update_time":"2015-05-30T06:19:19.000Z","confidence":null,"between":null}],"is_underground":false,"has_parts":false,"version":1}},
{"id":"69390e39-d00c-4361-8e04-3918ec58ef29","type":"Feature","geometry":{"type":"Polygon","coordinates":[[[77.1287302,28.6705271],[77.1286049,28.6705403],[77.1285801,28.6703596],[77.1287055,28.6703463],[77.1287302,28.6705271]]]},"properties":{"sources":[{"property":"","dataset":"OpenStreetMap","license":"ODbL-1.0","record_id":"w349993978@1","update_time":"2015-05-30T06:19:16.000Z","confidence":null,"between":null}],"is_underground":false,"has_parts":false,"version":1}},
{"id":"18e5ea31-cc06-47b7-b660-8168996e7b0b","type":"Feature","geometry":{"type":"Polygon","coordinates":[[[77.1291566,28.6725698],[77.1289316,28.6725882],[77.1289086,28.6723726],[77.1291336,28.6723541],[77.1291566,28.6725698]]]},"properties":{"sources":[{"property":"","dataset":"OpenStreetMap","license":"ODbL-1.0","record_id":"w350501510@1","update_time":"2015-06-01T05:14:53.000Z","confidence":null,"between":null}],"is_underground":false,"has_parts":false,"version":1}},
{"id":"c367f6c7-3233-4393-ad09-3457cdec0e89","type":"Feature","geometry":{"type":"Polygon","coordinates":[[[77.1289107,28.6723097],[77.1288964,28.6722266],[77.129124,28.6721964],[77.1291383,28.6722796],[77.1289107,28.6723097]]]},"properties":{"sources":[{"property":"","dataset":"OpenStreetMap","license":"ODbL-1.0","record_id":"w350501309@1","update_time":"2015-06-01T05:14:43.000Z","confidence":null,"between":null}],"is_underground":false,"has_parts":false,"version":1}},
{"id":"be8b5588-b9a1-41e1-bd51-58747e988f7e","type":"Feature","geometry":{"type":"Polygon","coordinates":[[[77.1291235,28.6721789],[77.1288967,28.6722111],[77.1288782,28.6721113],[77.1291051,28.6720791],[77.1291235,28.6721789]]]},"properties":{"sources":[{"property":"","dataset":"OpenStreetMap","license":"ODbL-1.0","record_id":"w350501276@1","update_time":"2015-06-01T05:14:41.000Z","confidence":null,"between":null}],"is_underground":false,"has_parts":false,"version":1}},
{"id":"2d3fb9c9-c1c7-4e3f-a718-0580028e1d15","type":"Feature","geometry":{"type":"Polygon","coordinates":[[[77.1291331,28.6720612],[77.1288775,28.6720885],[77.1288615,28.6719734],[77.1291171,28.671946],[77.1291331,28.6720612]]]},"properties":{"sources":[{"property":"","dataset":"OpenStreetMap","license":"ODbL-1.0","record_id":"w350501464@1","update_time":"2015-06-01T05:14:51.000Z","confidence":null,"between":null}],"is_underground":false,"has_parts":false,"version":1}},
{"id":"7afa1923-f69c-46b6-8e5e-7629e9d0fb1f","type":"Feature","geometry":{"type":"Polygon","coordinates":[[[77.1291051,28.6719385],[77.1288567,28.6719603],[77.1288456,28.6718622],[77.129094,28.6718405],[77.1291051,28.6719385]]]},"properties":{"sources":[{"property":"","dataset":"OpenStreetMap","license":"ODbL-1.0","record_id":"w350501513@1","update_time":"2015-06-01T05:14:53.000Z","confidence":null,"between":null}],"is_underground":false,"has_parts":false,"version":1}},
{"id":"a4af7aa6-f99e-421c-8d72-f2d58184ae18","type":"Feature","geometry":{"type":"Polygon","coordinates":[[[77.1290899,28.671804],[77.1288312,28.671832],[77.128813,28.6717032],[77.1290718,28.6716751],[77.1290899,28.671804]]]},"properties":{"sources":[{"property":"","dataset":"OpenStreetMap","license":"ODbL-1.0","record_id":"w350501484@1","update_time":"2015-06-01T05:14:52.000Z","confidence":null,"between":null}],"is_underground":false,"has_parts":false,"version":1}},
{"id":"c14f6bde-4109-4782-83b1-9f74a52e74cd","type":"Feature","geometry":{"type":"Polygon","coordinates":[[[77.1290428,28.6716274],[77.1288104,28.6716541],[77.1287953,28.6715522],[77.1290277,28.6715256],[77.1290428,28.6716274]]]},"properties":{"sources":[{"property":"","dataset":"OpenStreetMap","license":"ODbL-1.0","record_id":"w350501391@1","update_time":"2015-06-01T05:14:47.000Z","confidence":null,"between":null}],"is_underground":false,"has_parts":false,"version":1}},
{"id":"2262bb24-6f5a-46d3-bc75-5751c787c3af","type":"Feature","geometry":{"type":"Polygon","coordinates":[[[77.1294625,28.6719875],[77.1291858,28.6720123],[77.1291723,28.6718961],[77.129449,28.6718714],[77.1294625,28.6719875]]]},"properties":{"sources":[{"property":"","dataset":"OpenStreetMap","license":"ODbL-1.0","record_id":"w350501407@1","update_time":"2015-06-01T05:14:48.000Z","confidence":null,"between":null}],"is_underground":false,"has_parts":false,"version":1}},
{"id":"2554ce5c-05b5-4cea-8756-24c9e1eda888","type":"Feature","geometry":{"type":"Polygon","coordinates":[[[77.1291748,28.6718772],[77.1291613,28.6717568],[77.1294132,28.671735],[77.1294267,28.6718554],[77.1291748,28.6718772]]]},"properties":{"sources":[{"property":"","dataset":"OpenStreetMap","license":"ODbL-1.0","record_id":"w350501440@1","update_time":"2022-06-29T04:21:29.000Z","confidence":null,"between":null}],"is_underground":false,"has_parts":false,"version":1}},
{"id":"a4647982-9944-4f02-8c08-9d00509449c3","type":"Feature","geometry":{"type":"Polygon","coordinates":[[[77.1293517,28.6717164],[77.1291473,28.6717368],[77.1291329,28.6716262],[77.1293374,28.6716058],[77.1293517,28.6717164]]]},"properties":{"sources":[{"property":"","dataset":"OpenStreetMap","license":"ODbL-1.0","record_id":"w350045048@1","update_time":"2015-05-30T09:47:04.000Z","confidence":null,"between":null}],"is_underground":false,"has_parts":false,"version":1}},
{"id":"d6d61d6e-9c78-4d2f-827d-192e37a10c22","type":"Feature","geometry":{"type":"Polygon","coordinates":[[[77.1293308,28.6715843],[77.1291225,28.6716051],[77.129105,28.6714698],[77.1293132,28.671449],[77.1293308,28.6715843]]]},"properties":{"sources":[{"property":"","dataset":"OpenStreetMap","license":"ODbL-1.0","record_id":"w350045287@1","update_time":"2015-05-30T09:47:18.000Z","confidence":null,"between":null}],"is_underground":false,"has_parts":false,"version":1}},
{"id":"5740fe5c-f48c-4406-83d3-7be42e0b4838","type":"Feature","geometry":{"type":"Polygon","coordinates":[[[77.129753,28.6714963],[77.129511,28.6715241],[77.1294939,28.6714093],[77.1297358,28.6713814],[77.129753,28.6714963]]]},"properties":{"sources":[{"property":"","dataset":"OpenStreetMap","license":"ODbL-1.0","record_id":"w350045031@1","update_time":"2015-05-30T09:47:03.000Z","confidence":null,"between":null}],"is_underground":false,"has_parts":false,"version":1}},
{"id":"44992f24-89fd-426c-82d5-8b601863bf40","type":"Feature","geometry":{"type":"Polygon","coordinates":[[[77.1297523,28.6716022],[77.1295314,28.6716277],[77.1295177,28.6715362],[77.1297386,28.6715107],[77.1297523,28.6716022]]]},"properties":{"sources":[{"property":"","dataset":"OpenStreetMap","license":"ODbL-1.0","record_id":"w350045143@1","update_time":"2015-05-30T09:47:09.000Z","confidence":null,"between":null}],"is_underground":false,"has_parts":false,"version":1}},
{"id":"e9b9a192-0c5e-4f92-820c-c4987546c2b3","type":"Feature","geometry":{"type":"Polygon","coordinates":[[[77.1297802,28.6717168],[77.1295781,28.6717401],[77.1295623,28.6716345],[77.1297644,28.6716112],[77.1297802,28.6717168]]]},"properties":{"sources":[{"property":"","dataset":"OpenStreetMap","license":"ODbL-1.0","record_id":"w350045247@1","update_time":"2015-05-30T09:47:15.000Z","confidence":null,"between":null}],"is_underground":false,"has_parts":false,"version":1}},
{"id":"23f3c6ad-96e2-425e-823c-9e781c50bf7e","type":"Feature","geometry":{"type":"Polygon","coordinates":[[[77.1297296,28.6725823],[77.1296565,28.6726046],[77.1295567,28.6723531],[77.1296298,28.6723307],[77.1297296,28.6725823]]]},"properties":{"sources":[{"property":"","dataset":"OpenStreetMap","license":"ODbL-1.0","record_id":"w350501438@1","update_time":"2015-06-01T05:14:49.000Z","confidence":null,"between":null}],"is_underground":false,"has_parts":false,"version":1}},
{"id":"ed649720-693a-4f3a-b05f-0c712303205c","type":"Feature","geometry":{"type":"Polygon","coordinates":[[[77.1296515,28.6726188],[77.1295758,28.6726418],[77.1294744,28.6723839],[77.1295501,28.672361],[77.1296515,28.6726188]]]},"properties":{"sources":[{"property":"","dataset":"OpenStreetMap","license":"ODbL-1.0","record_id":"w350501405@1","update_time":"2015-06-01T05:14:48.000Z","confidence":null,"between":null}],"is_underground":false,"has_parts":false,"version":1}},
{"id":"96077b04-4895-4d93-b619-7803578f46b1","type":"Feature","geometry":{"type":"Polygon","coordinates":[[[77.1295646,28.6726358],[77.1294805,28.6726539],[77.1294086,28.6724101],[77.1294728,28.6723955],[77.1295646,28.6726358]]]},"properties":{"sources":[{"property":"","dataset":"OpenStreetMap","license":"ODbL-1.0","record_id":"w350501443@1","update_time":"2015-06-01T05:14:49.000Z","confidence":null,"between":null}],"is_underground":false,"has_parts":false,"version":1}},
{"id":"c20cc655-f9da-437e-83e0-ec7c1b724181","type":"Feature","geometry":{"type":"Polygon","coordinates":[[[77.1294097,28.6725582],[77.1292669,28.6725746],[77.129242,28.6724081],[77.1293848,28.6723917],[77.1294097,28.6725582]]]},"properties":{"sources":[{"property":"","dataset":"OpenStreetMap","license":"ODbL-1.0","record_id":"w350501253@1","update_time":"2015-06-01T05:14:40.000Z","confidence":null,"between":null}],"is_underground":false,"has_parts":false,"version":1}},
{"id":"80182217-95f5-4174-a4aa-e0572bc04ca1","type":"Feature","geometry":{"type":"Polygon","coordinates":[[[77.1294901,28.6723549],[77.1292281,28.6723866],[77.1292135,28.6722939],[77.1294755,28.6722622],[77.1294901,28.6723549]]]},"properties":{"sources":[{"property":"","dataset":"OpenStreetMap","license":"ODbL-1.0","record_id":"w350501304@1","update_time":"2015-06-01T05:14:42.000Z","confidence":null,"between":null}],"is_underground":false,"has_parts":false,"version":1}},
{"id":"bdf9a923-4e6e-4cbe-a0f8-fea0300dec84","type":"Feature","geometry":{"type":"Polygon","coordinates":[[[77.1294618,28.6722093],[77.1292247,28.6722271],[77.1292158,28.6721364],[77.129453,28.6721186],[77.1294618,28.6722093]]]},"properties":{"sources":[{"property":"","dataset":"OpenStreetMap","license":"ODbL-1.0","record_id":"w350501254@1","update_time":"2015-06-01T05:14:40.000Z","confidence":null,"between":null}],"is_underground":false,"has_parts":false,"version":1}},
{"id":"f32b2bfa-a8ce-4634-9879-72316ed8f3f6","type":"Feature","geometry":{"type":"Polygon","coordinates":[[[77.1294381,28.6721112],[77.1291923,28.6721289],[77.1291827,28.6720263],[77.1294285,28.6720085],[77.1294381,28.6721112]]]},"properties":{"sources":[{"property":"","dataset":"OpenStreetMap","license":"ODbL-1.0","record_id":"w350501444@1","update_time":"2015-06-01T05:14:50.000Z","confidence":null,"between":null}],"is_underground":false,"has_parts":false,"version":1}},
{"id":"e4d13007-0ba7-4aa9-a5d0-fd80849c664b","type":"Feature","geometry":{"type":"Polygon","coordinates":[[[77.1292078,28.6727546],[77.128987,28.6727704],[77.1289741,28.6726327],[77.1291949,28.6726168],[77.1292078,28.6727546]]]},"properties":{"sources":[{"property":"","dataset":"OpenStreetMap","license":"ODbL-1.0","record_id":"w350045292@1","update_time":"2015-05-30T09:47:18.000Z","confidence":null,"between":null}],"is_underground":false,"has_parts":false,"version":1}},
{"id":"f21eee35-5a9a-4a30-95e9-f28b26ec0065","type":"Feature","geometry":{"type":"Polygon","coordinates":[[[77.1292333,28.6728881],[77.1290001,28.6729],[77.128992,28.6727777],[77.1292252,28.6727658],[77.1292333,28.6728881]]]},"properties":{"sources":[{"property":"","dataset":"OpenStreetMap","license":"ODbL-1.0","record_id":"w350045185@1","update_time":"2015-05-30T09:47:12.000Z","confidence":null,"between":null}],"is_underground":false,"has_parts":false,"version":1}},
{"id":"cfacd4d2-a0ba-46fd-b34f-06a3498984db","type":"Feature","geometry":{"type":"Polygon","coordinates":[[[77.1292206,28.6730002],[77.1290137,28.6730177],[77.1290027,28.6729175],[77.1292095,28.6729],[77.1292206,28.6730002]]]},"properties":{"sources":[{"property":"","dataset":"OpenStreetMap","license":"ODbL-1.0","record_id":"w350045261@1","update_time":"2015-05-30T09:47:16.000Z","confidence":null,"between":null}],"is_underground":false,"has_parts":false,"version":1}},
{"id":"c6d1ea84-8c6f-4baa-882b-6a82d5cb0328","type":"Feature","geometry":{"type":"Polygon","coordinates":[[[77.1296499,28.672934],[77.1295796,28.6729551],[77.1295054,28.6727653],[77.1295756,28.6727441],[77.1296499,28.672934]]]},"properties":{"sources":[{"property":"","dataset":"OpenStreetMap","license":"ODbL-1.0","record_id":"w350501458@1","update_time":"2015-06-01T05:14:50.000Z","confidence":null,"between":null}],"is_underground":false,"has_parts":false,"version":1}},
{"id":"b331a2c7-af43-4ecc-bbb4-f248c7a6ef99","type":"Feature","geometry":{"type":"Polygon","coordinates":[[[77.1297607,28.672901],[77.1296795,28.6729334],[77.1295884,28.6727575],[77.1296697,28.6727252],[77.1297607,28.672901]]]},"properties":{"sources":[{"property":"","dataset":"OpenStreetMap","license":"ODbL-1.0","record_id":"w350501421@1","update_time":"2015-06-01T05:14:48.000Z","confidence":null,"between":null}],"is_underground":false,"has_parts":false,"version":1}},
{"id":"a359c51e-6c0f-4687-88b9-06b4f172437a","type":"Feature","geometry":{"type":"Polygon","coordinates":[[[77.1296078,28.6731091],[77.1294305,28.6731707],[77.1293657,28.6730272],[77.129543,28.6729655],[77.1296078,28.6731091]]]},"properties":{"sources":[{"property":"","dataset":"OpenStreetMap","license":"ODbL-1.0","record_id":"w350045245@1","update_time":"2015-05-30T09:47:15.000Z","confidence":null,"between":null}],"is_underground":false,"has_parts":false,"version":1}},
{"id":"0d6e3ba9-7318-4b42-bfac-9825368a4b0e","type":"Feature","geometry":{"type":"Polygon","coordinates":[[[77.1295182,28.6729628],[77.1293601,28.6730163],[77.1293228,28.6729314],[77.1294809,28.6728779],[77.1295182,28.6729628]]]},"properties":{"sources":[{"property":"","dataset":"OpenStreetMap","license":"ODbL-1.0","record_id":"w350044979@1","update_time":"2015-05-30T09:47:00.000Z","confidence":null,"between":null}],"is_underground":false,"has_parts":false,"version":1}},
{"id":"1eccf165-6fcb-4721-8601-e516b96f47cc","type":"Feature","geometry":{"type":"Polygon","coordinates":[[[77.1297019,28.6733805],[77.1295392,28.6734379],[77.1294816,28.6733124],[77.1296442,28.6732549],[77.1297019,28.6733805]]]},"properties":{"sources":[{"property":"","dataset":"OpenStreetMap","license":"ODbL-1.0","record_id":"w350045125@1","update_time":"2015-05-30T09:47:08.000Z","confidence":null,"between":null}],"is_underground":false,"has_parts":false,"version":1}},
{"id":"eb442258-eed5-4742-95b0-53ef4f3e76b5","type":"Feature","geometry":{"type":"Polygon","coordinates":[[[77.1296438,28.673245],[77.1294737,28.6732905],[77.1294482,28.6732172],[77.1296183,28.6731717],[77.1296438,28.673245]]]},"properties":{"sources":[{"property":"","dataset":"OpenStreetMap","license":"ODbL-1.0","record_id":"w350045012@1","update_time":"2015-05-30T09:47:02.000Z","confidence":null,"between":null}],"is_underground":false,"has_parts":false,"version":1}},
{"id":"2a4d72d3-30db-4ac0-8429-dc0d386d0ff0","type":"Feature","geometry":{"type":"Polygon","coordinates":[[[77.1295472,28.6734703],[77.1297412,28.6733978],[77.1298028,28.67353],[77.1295472,28.6734703]]]},"properties":{"names":{"primary":"MEHTA HOUSE","common":null,"rules":null},"sources":[{"property":"","dataset":"OpenStreetMap","license":"ODbL-1.0","record_id":"w1255947739@1","update_time":"2024-02-29T08:47:41.000Z","confidence":null,"between":null}],"is_underground":false,"num_floors":3,"subtype":"residential","class":"house","has_parts":false,"version":1}},
{"id":"ea1f69a7-a539-4fe3-a002-39ce253786f4","type":"Feature","geometry":{"type":"Polygon","coordinates":[[[77.1293033,28.6733986],[77.129082,28.6734174],[77.1290683,28.6732937],[77.1292896,28.6732748],[77.1293033,28.6733986]]]},"properties":{"sources":[{"property":"","dataset":"OpenStreetMap","license":"ODbL-1.0","record_id":"w350045229@1","update_time":"2015-05-30T09:47:14.000Z","confidence":null,"between":null}],"is_underground":false,"has_parts":false,"version":1}},
{"id":"85103dff-70f5-44d0-92a4-384e2c4a3c72","type":"Feature","geometry":{"type":"Polygon","coordinates":[[[77.1292865,28.6731271],[77.1290188,28.6731439],[77.1290091,28.6730252],[77.1292767,28.6730083],[77.1292865,28.6731271]]]},"properties":{"sources":[{"property":"","dataset":"OpenStreetMap","license":"ODbL-1.0","record_id":"w350045159@1","update_time":"2015-05-30T09:47:10.000Z","confidence":null,"between":null}],"is_underground":false,"has_parts":false,"version":1}},
{"id":"d3b7abb3-785a-4b49-8fe4-87b41a2bde85","type":"Feature","geometry":{"type":"Polygon","coordinates":[[[77.1293174,28.6735537],[77.1290843,28.67357],[77.129073,28.6734461],[77.1293061,28.6734298],[77.1293174,28.6735537]]]},"properties":{"sources":[{"property":"","dataset":"OpenStreetMap","license":"ODbL-1.0","record_id":"w350045129@1","update_time":"2015-05-30T09:47:08.000Z","confidence":null,"between":null}],"is_underground":false,"has_parts":false,"version":1}},
{"id":"edd2a25d-3a34-4df7-b3b0-e866cbea81be","type":"Feature","geometry":{"type":"Polygon","coordinates":[[[77.1287192,28.6731131],[77.1287637,28.6731094],[77.1287777,28.6732402],[77.1287332,28.6732439],[77.1287192,28.6731131]]]},"properties":{"sources":[{"property":"","dataset":"Google Open Buildings","license":null,"record_id":"7JWVM4FH+7FH5","update_time":"2023-05-01T00:00:00.000Z","confidence":0.855,"between":null}],"is_underground":false,"has_parts":false,"version":1}},
{"id":"0bee278b-d7ba-48a3-b57c-e2546bf47221","type":"Feature","geometry":{"type":"Polygon","coordinates":[[[77.1287282,28.6730294],[77.1287667,28.6730299],[77.1287658,28.6730799],[77.1287273,28.6730793],[77.1287282,28.6730294]]]},"properties":{"sources":[{"property":"","dataset":"Google Open Buildings","license":null,"record_id":"7JWVM4FH+6FH5","update_time":"2023-05-01T00:00:00.000Z","confidence":0.6562,"between":null}],"is_underground":false,"has_parts":false,"version":1}},
{"id":"2e48961b-2957-4c6b-949a-b4df4fd6f2be","type":"Feature","geometry":{"type":"Polygon","coordinates":[[[77.1287328,28.672819],[77.1287352,28.6728415],[77.1286666,28.6728472],[77.1286642,28.6728247],[77.1287328,28.672819]]]},"properties":{"sources":[{"property":"","dataset":"Google Open Buildings","license":null,"record_id":"7JWVM4FH+4FP7","update_time":"2023-05-01T00:00:00.000Z","confidence":0.6523,"between":null}],"is_underground":false,"has_parts":false,"version":1}},
{"id":"1c99cae4-90b0-4c5e-a02b-c6f42416d1be","type":"Feature","geometry":{"type":"Polygon","coordinates":[[[77.1287244,28.6732609],[77.1284654,28.6732841],[77.1284481,28.6731349],[77.1287071,28.6731117],[77.1287244,28.6732609]]]},"properties":{"sources":[{"property":"","dataset":"OpenStreetMap","license":"ODbL-1.0","record_id":"w350501297@1","update_time":"2022-06-29T04:21:29.000Z","confidence":null,"between":null}],"is_underground":false,"has_parts":false,"version":1}},
{"id":"d315e0f5-dae8-47cb-be2b-e094711e4c3d","type":"Feature","geometry":{"type":"Polygon","coordinates":[[[77.1287761,28.6735227],[77.1284687,28.6735502],[77.1284505,28.6733933],[77.1287579,28.6733658],[77.1287761,28.6735227]]]},"properties":{"sources":[{"property":"","dataset":"OpenStreetMap","license":"ODbL-1.0","record_id":"w350501390@1","update_time":"2015-06-01T05:14:47.000Z","confidence":null,"between":null}],"is_underground":false,"has_parts":false,"version":1}},
{"id":"fbef3b42-074d-412e-bef6-e36ec5d1b711","type":"Feature","geometry":{"type":"Polygon","coordinates":[[[77.1287825,28.6736492],[77.1285098,28.6736736],[77.1284968,28.6735623],[77.1287695,28.6735379],[77.1287825,28.6736492]]]},"properties":{"sources":[{"property":"","dataset":"OpenStreetMap","license":"ODbL-1.0","record_id":"w350501426@1","update_time":"2022-06-29T04:21:29.000Z","confidence":null,"between":null}],"is_underground":false,"has_parts":false,"version":1}},
{"id":"f6ae2130-f3ad-4b61-bfc0-32a257f4bd4a","type":"Feature","geometry":{"type":"Polygon","coordinates":[[[77.1294363,28.6759849],[77.1294176,28.6757578],[77.1293176,28.6757641],[77.1293126,28.6757033],[77.129454,28.6756943],[77.1294571,28.6757318],[77.1295038,28.6757288],[77.1295139,28.6758529],[77.1295633,28.6758498],[77.1295737,28.6759762],[77.1294363,28.6759849]]]},"properties":{"sources":[{"property":"","dataset":"Microsoft ML Buildings","license":"ODbL-1.0","record_id":null,"update_time":"2021-07-25T00:00:00.000Z","confidence":null,"between":null}],"is_underground":false,"has_parts":false,"version":3}},
{"id":"2d41cba0-9d98-43b9-89a4-731ea0e9db85","type":"Feature","geometry":{"type":"Polygon","coordinates":[[[77.1295145,28.6754126],[77.1295524,28.6754146],[77.1295497,28.6754539],[77.1295118,28.6754519],[77.1295145,28.6754126]]]},"properties":{"sources":[{"property":"","dataset":"Google Open Buildings","license":null,"record_id":"7JWVM4GH+5RF6","update_time":"2023-05-01T00:00:00.000Z","confidence":0.6878,"between":null}],"is_underground":false,"has_parts":false,"version":1}},
{"id":"1a66d5c1-b90e-46eb-846d-6f554b2d8384","type":"Feature","geometry":{"type":"Polygon","coordinates":[[[77.1295736,28.6754032],[77.129613,28.6754035],[77.1296127,28.6754441],[77.1295733,28.6754438],[77.1295736,28.6754032]]]},"properties":{"sources":[{"property":"","dataset":"Google Open Buildings","license":null,"record_id":"7JWVM4GH+5R8X","update_time":"2023-05-01T00:00:00.000Z","confidence":0.8286,"between":null}],"is_underground":false,"has_parts":false,"version":1}},
{"id":"9b72f0f0-bf7c-4569-b772-4a096fbdb6c6","type":"Feature","geometry":{"type":"Polygon","coordinates":[[[77.1295135,28.6748676],[77.1292211,28.6748782],[77.1292116,28.6746739],[77.1295039,28.6746634],[77.1295135,28.6748676]]]},"properties":{"sources":[{"property":"","dataset":"OpenStreetMap","license":"ODbL-1.0","record_id":"w350045003@1","update_time":"2015-05-30T09:47:01.000Z","confidence":null,"between":null}],"is_underground":false,"has_parts":false,"version":1}},
{"id":"741c961c-c63b-4979-84ed-e46ca026d716","type":"Feature","geometry":{"type":"Polygon","coordinates":[[[77.1289279,28.6748787],[77.1287933,28.6748906],[77.1287645,28.6746412],[77.1288991,28.6746292],[77.1289279,28.6748787]]]},"properties":{"sources":[{"property":"","dataset":"OpenStreetMap","license":"ODbL-1.0","record_id":"w350081291@1","update_time":"2015-05-30T12:01:52.000Z","confidence":null,"between":null}],"is_underground":false,"has_parts":false,"version":1}},
{"id":"306f9f7b-7c81-4322-ba3a-d6234a7e9701","type":"Feature","geometry":{"type":"Polygon","coordinates":[[[77.1289773,28.6744127],[77.1289162,28.6744194],[77.1289093,28.6743706],[77.1287671,28.6743863],[77.1287619,28.6743498],[77.1289651,28.6743274],[77.1289773,28.6744127]]]},"properties":{"sources":[{"property":"","dataset":"Google Open Buildings","license":null,"record_id":"7JWVM4FH+PHRM","update_time":"2023-05-01T00:00:00.000Z","confidence":0.6987,"between":null}],"is_underground":false,"has_parts":false,"version":1}},
{"id":"3e568d38-81f6-4b45-92cd-d57dc58dc255","type":"Feature","geometry":{"type":"Polygon","coordinates":[[[77.1289135,28.6745854],[77.1287485,28.6746047],[77.1287182,28.6744057],[77.1288832,28.6743864],[77.1289135,28.6745854]]]},"properties":{"sources":[{"property":"","dataset":"OpenStreetMap","license":"ODbL-1.0","record_id":"w350081185@1","update_time":"2015-05-30T12:01:49.000Z","confidence":null,"between":null}],"is_underground":false,"has_parts":false,"version":1}},
{"id":"be9c0958-17c0-4544-98d8-034d68b9a538","type":"Feature","geometry":{"type":"Polygon","coordinates":[[[77.1286611,28.6746574],[77.1287168,28.6746518],[77.1287209,28.6746829],[77.1286651,28.6746885],[77.1286611,28.6746574]]]},"properties":{"sources":[{"property":"","dataset":"Google Open Buildings","license":null,"record_id":"7JWVM4FH+VF8R","update_time":"2023-05-01T00:00:00.000Z","confidence":0.677,"between":null}],"is_underground":false,"has_parts":false,"version":1}},
{"id":"bfea6881-9c1a-4e90-ac84-56cec785f2f2","type":"Feature","geometry":{"type":"Polygon","coordinates":[[[77.1287253,28.6745466],[77.1285984,28.6745613],[77.1285665,28.6743483],[77.1286934,28.6743336],[77.1287253,28.6745466]]]},"properties":{"sources":[{"property":"","dataset":"OpenStreetMap","license":"ODbL-1.0","record_id":"w350081129@1","update_time":"2015-05-30T12:01:45.000Z","confidence":null,"between":null}],"is_underground":false,"has_parts":false,"version":1}},
{"id":"452f8735-3a69-4965-a0bf-b81ce3dfbf36","type":"Feature","geometry":{"type":"Polygon","coordinates":[[[77.128845,28.6742771],[77.1285862,28.6743003],[77.1285679,28.6741431],[77.1288268,28.6741199],[77.128845,28.6742771]]]},"properties":{"sources":[{"property":"","dataset":"OpenStreetMap","license":"ODbL-1.0","record_id":"w350501295@1","update_time":"2015-06-01T05:14:42.000Z","confidence":null,"between":null}],"is_underground":false,"has_parts":false,"version":1}},
{"id":"a548c491-7a15-4686-b1e0-380677e1dbf4","type":"Feature","geometry":{"type":"Polygon","coordinates":[[[77.1287961,28.6740873],[77.1285562,28.6741087],[77.1285434,28.6739984],[77.1287833,28.6739769],[77.1287961,28.6740873]]]},"properties":{"sources":[{"property":"","dataset":"OpenStreetMap","license":"ODbL-1.0","record_id":"w350501327@1","update_time":"2015-06-20T07:02:00.000Z","confidence":null,"between":null}],"is_underground":false,"has_parts":false,"version":1}},
{"id":"16e8144f-256f-41ac-89a4-dd15f48db96f","type":"Feature","geometry":{"type":"Polygon","coordinates":[[[77.1288138,28.6739592],[77.1285384,28.6739838],[77.1285239,28.6738588],[77.1287993,28.6738342],[77.1288138,28.6739592]]]},"properties":{"sources":[{"property":"","dataset":"OpenStreetMap","license":"ODbL-1.0","record_id":"w350501291@1","update_time":"2015-06-20T07:02:00.000Z","confidence":null,"between":null}],"is_underground":false,"has_parts":false,"version":1}},
{"id":"2b2e6626-3f6c-4656-a118-ce7c473129fe","type":"Feature","geometry":{"type":"Polygon","coordinates":[[[77.1287765,28.6737923],[77.1285119,28.673816],[77.1284981,28.673697],[77.1287626,28.6736733],[77.1287765,28.6737923]]]},"properties":{"sources":[{"property":"","dataset":"OpenStreetMap","license":"ODbL-1.0","record_id":"w350501475@1","update_time":"2015-06-20T07:01:59.000Z","confidence":null,"between":null}],"is_underground":false,"has_parts":false,"version":1}},
{"id":"417cc1fa-590a-45d8-a4d5-099ba25f3138","type":"Feature","geometry":{"type":"Polygon","coordinates":[[[77.128868,28.6740591],[77.128912,28.6740547],[77.1289153,28.6740811],[77.1288713,28.6740855],[77.128868,28.6740591]]]},"properties":{"sources":[{"property":"","dataset":"Google Open Buildings","license":null,"record_id":"7JWVM4FH+JHCW","update_time":"2023-05-01T00:00:00.000Z","confidence":0.7128,"between":null}],"is_underground":false,"has_parts":false,"version":1}},
{"id":"c6aef6cf-cd00-4172-8ff3-d48314ac48b5","type":"Feature","geometry":{"type":"Polygon","coordinates":[[[77.1293463,28.6736711],[77.1290899,28.6736949],[77.129077,28.6735878],[77.1293334,28.6735641],[77.1293463,28.6736711]]]},"properties":{"sources":[{"property":"","dataset":"OpenStreetMap","license":"ODbL-1.0","record_id":"w350045296@1","update_time":"2015-05-30T09:47:18.000Z","confidence":null,"between":null}],"is_underground":false,"has_parts":false,"version":1}},
{"id":"69241eeb-4fae-47c2-b85d-f59c1aa7a510","type":"Feature","geometry":{"type":"Polygon","coordinates":[[[77.1294003,28.6738215],[77.1291392,28.6738491],[77.12912,28.6737093],[77.1293811,28.6736817],[77.1294003,28.6738215]]]},"properties":{"sources":[{"property":"","dataset":"OpenStreetMap","license":"ODbL-1.0","record_id":"w350045027@1","update_time":"2015-05-30T09:47:03.000Z","confidence":null,"between":null}],"is_underground":false,"has_parts":false,"version":1}},
{"id":"99fdbdfa-f389-4906-8b91-fa7e07b9ffb2","type":"Feature","geometry":{"type":"Polygon","coordinates":[[[77.1293913,28.67424],[77.1291347,28.6742707],[77.1291031,28.6740141],[77.1293224,28.6739933],[77.1293913,28.67424]]]},"properties":{"sources":[{"property":"","dataset":"OpenStreetMap","license":"ODbL-1.0","record_id":"w350045051@1","update_time":"2015-06-20T07:01:58.000Z","confidence":null,"between":null}],"is_underground":false,"has_parts":false,"version":1}},
{"id":"73d34cde-263a-4f4a-8d1f-eed620ffd18f","type":"Feature","geometry":{"type":"Polygon","coordinates":[[[77.1292802,28.6739761],[77.1291313,28.6739977],[77.1291065,28.6738659],[77.1292554,28.6738443],[77.1292802,28.6739761]]]},"properties":{"sources":[{"property":"","dataset":"OpenStreetMap","license":"ODbL-1.0","record_id":"w350045265@1","update_time":"2015-05-30T09:47:16.000Z","confidence":null,"between":null}],"is_underground":false,"has_parts":false,"version":1}},
{"id":"9c64e68d-f3dd-4d8c-85f7-77ce276b450b","type":"Feature","geometry":{"type":"Polygon","coordinates":[[[77.1295343,28.6745613],[77.1293754,28.6745681],[77.1293592,28.6742761],[77.129518,28.6742692],[77.1295343,28.6745613]]]},"properties":{"sources":[{"property":"","dataset":"OpenStreetMap","license":"ODbL-1.0","record_id":"w350045135@1","update_time":"2015-05-30T09:47:09.000Z","confidence":null,"between":null}],"is_underground":false,"has_parts":false,"version":1}},
{"id":"e7c81fa1-6f94-4d22-8900-1b96c8d72990","type":"Feature","geometry":{"type":"Polygon","coordinates":[[[77.1296073,28.6748652],[77.1295277,28.6748622],[77.1295537,28.6743281],[77.1296073,28.674336],[77.1296073,28.6748652]]]},"properties":{"sources":[{"property":"","dataset":"OpenStreetMap","license":"ODbL-1.0","record_id":"w350045118@1","update_time":"2015-05-30T12:01:54.000Z","confidence":null,"between":null}],"is_underground":false,"has_parts":false,"version":1}},
{"id":"ef05437a-8327-48e5-8847-d89588e69ce4","type":"Feature","geometry":{"type":"Polygon","coordinates":[[[77.1295964,28.6737465],[77.1294415,28.673776],[77.129404,28.6736242],[77.129559,28.6735948],[77.1295964,28.6737465]]]},"properties":{"sources":[{"property":"","dataset":"OpenStreetMap","license":"ODbL-1.0","record_id":"w352223147@1","update_time":"2015-06-20T07:02:17.000Z","confidence":null,"between":null}],"is_underground":false,"has_parts":false,"version":1}},
{"id":"c4d61f3a-d079-4575-806d-a005f4b0ac69","type":"Feature","geometry":{"type":"Polygon","coordinates":[[[77.1297985,28.6738453],[77.1295535,28.6738996],[77.1295337,28.6738301],[77.1297787,28.6737758],[77.1297985,28.6738453]]]},"properties":{"sources":[{"property":"","dataset":"Google Open Buildings","license":null,"record_id":"7JWVM4FH+GVMF","update_time":"2023-05-01T00:00:00.000Z","confidence":0.7656,"between":null}],"is_underground":false,"has_parts":false,"version":1}},
{"id":"a795eef2-d49a-43e8-a0e6-c26a6715b82f","type":"Feature","geometry":{"type":"Polygon","coordinates":[[[77.1297649,28.6737371],[77.1296403,28.6737748],[77.12959,28.6735583],[77.1297561,28.673592],[77.1297649,28.6737371]]]},"properties":{"sources":[{"property":"","dataset":"OpenStreetMap","license":"ODbL-1.0","record_id":"w350081219@1","update_time":"2015-05-30T12:01:50.000Z","confidence":null,"between":null}],"is_underground":false,"has_parts":false,"version":1}},
{"id":"d86744ed-6ecc-4030-beda-60614241dbbc","type":"Feature","geometry":{"type":"Polygon","coordinates":[[[77.1298033,28.6738622],[77.129821,28.673896],[77.1297704,28.6739167],[77.1297526,28.6738829],[77.1298033,28.6738622]]]},"properties":{"sources":[{"property":"","dataset":"Google Open Buildings","license":null,"record_id":"7JWVM4FH+HW3C","update_time":"2023-05-01T00:00:00.000Z","confidence":0.6579,"between":null}],"is_underground":false,"has_parts":false,"version":1}},
{"id":"9ba66d53-87f6-476d-949f-34c21a91882a","type":"Feature","geometry":{"type":"Polygon","coordinates":[[[77.1298641,28.6736593],[77.1298656,28.6736106],[77.1300586,28.6736152],[77.1300571,28.6736639],[77.1298641,28.6736593]]]},"properties":{"sources":[{"property":"","dataset":"Google Open Buildings","license":null,"record_id":"7JWVM4FH+FX4H","update_time":"2023-05-01T00:00:00.000Z","confidence":0.7903,"between":null}],"is_underground":false,"has_parts":false,"version":1}},
{"id":"081235e8-4167-4506-aae0-737b6f7e9cf2","type":"Feature","geometry":{"type":"Polygon","coordinates":[[[77.1300642,28.6737694],[77.1298478,28.6738184],[77.1298309,28.6737343],[77.1298333,28.6736603],[77.1300675,28.6736931],[77.1300617,28.6737364],[77.1300642,28.6737694]]]},"properties":{"sources":[{"property":"","dataset":"OpenStreetMap","license":"ODbL-1.0","record_id":"w350501356@2","update_time":"2015-06-08T07:07:52.000Z","confidence":null,"between":null}],"is_underground":false,"has_parts":false,"version":1}},
{"id":"384848c4-12ed-488b-b4fb-40e2b467fbae","type":"Feature","geometry":{"type":"Polygon","coordinates":[[[77.1297409,28.6738646],[77.1297612,28.6739054],[77.1296563,28.673946],[77.1296359,28.6739052],[77.1297409,28.6738646]]]},"properties":{"sources":[{"property":"","dataset":"Google Open Buildings","license":null,"record_id":"7JWVM4FH+HV87","update_time":"2023-05-01T00:00:00.000Z","confidence":0.6987,"between":null}],"is_underground":false,"has_parts":false,"version":1}},
{"id":"cf7ed5c5-3389-423e-ae5b-698de2846810","type":"Feature","geometry":{"type":"Polygon","coordinates":[[[77.1296326,28.6741589],[77.1295659,28.6740612],[77.1298134,28.6739313],[77.12988,28.6740291],[77.1296326,28.6741589]]]},"properties":{"sources":[{"property":"","dataset":"OpenStreetMap","license":"ODbL-1.0","record_id":"w350081354@1","update_time":"2015-05-30T12:01:54.000Z","confidence":null,"between":null}],"is_underground":false,"has_parts":false,"version":1}},
{"id":"4cc80f69-59b7-44c6-9480-973ec035eee8","type":"Feature","geometry":{"type":"Polygon","coordinates":[[[77.1298775,28.6744414],[77.129709,28.6743122],[77.1297948,28.674226],[77.1299633,28.6743551],[77.1298775,28.6744414]]]},"properties":{"sources":[{"property":"","dataset":"OpenStreetMap","license":"ODbL-1.0","record_id":"w350081120@1","update_time":"2015-05-30T12:01:45.000Z","confidence":null,"between":null}],"is_underground":false,"has_parts":false,"version":1}},
{"id":"fcfa82db-ed47-43cd-b894-1fc5e51a08ff","type":"Feature","geometry":{"type":"Polygon","coordinates":[[[77.129654,28.6743498],[77.1297129,28.6743481],[77.1297162,28.6744351],[77.1296572,28.6744368],[77.129654,28.6743498]]]},"properties":{"sources":[{"property":"","dataset":"Microsoft ML Buildings","license":"ODbL-1.0","record_id":null,"update_time":"2021-07-25T00:00:00.000Z","confidence":null,"between":null}],"is_underground":false,"has_parts":false,"version":3}},
{"id":"5de78994-54c0-4f94-8a04-9411c6693921","type":"Feature","geometry":{"type":"Polygon","coordinates":[[[77.1299002,28.6748368],[77.1296294,28.6748632],[77.1296361,28.674448],[77.1298855,28.6744583],[77.1299002,28.6748368]]]},"properties":{"sources":[{"property":"","dataset":"OpenStreetMap","license":"ODbL-1.0","record_id":"w350045034@1","update_time":"2015-05-30T12:01:54.000Z","confidence":null,"between":null}],"is_underground":false,"has_parts":false,"version":1}},
{"id":"2e09404c-5a13-473c-bdb1-13b029abf080","type":"Feature","geometry":{"type":"Polygon","coordinates":[[[77.1299793,28.6743513],[77.1297655,28.6741814],[77.1299304,28.6740695],[77.1300527,28.6741491],[77.1299793,28.6743513]]]},"properties":{"sources":[{"property":"","dataset":"OpenStreetMap","license":"ODbL-1.0","record_id":"w350081171@1","update_time":"2015-05-30T12:01:48.000Z","confidence":null,"between":null}],"is_underground":false,"has_parts":false,"version":1}},
{"id":"04ac3ee2-ec85-4819-83ad-61cdc09ab73f","type":"Feature","geometry":{"type":"Polygon","coordinates":[[[77.1301669,28.6744757],[77.1299923,28.6744082],[77.1300929,28.6742081],[77.1302674,28.6742755],[77.1301669,28.6744757]]]},"properties":{"sources":[{"property":"","dataset":"OpenStreetMap","license":"ODbL-1.0","record_id":"w350081147@1","update_time":"2015-05-30T12:01:46.000Z","confidence":null,"between":null}],"is_underground":false,"has_parts":false,"version":1}},
{"id":"5f5d6ce0-ad7b-42d5-abd6-e143496b629e","type":"Feature","geometry":{"type":"Polygon","coordinates":[[[77.1301261,28.6746761],[77.1300239,28.674687],[77.1300002,28.6745145],[77.1301024,28.6745037],[77.1301261,28.6746761]]]},"properties":{"sources":[{"property":"","dataset":"OpenStreetMap","license":"ODbL-1.0","record_id":"w350081200@1","update_time":"2025-12-10T11:19:19.000Z","confidence":null,"between":null}],"is_underground":false,"has_parts":false,"version":1}},
{"id":"242b547d-985a-4279-8c97-53432472d644","type":"Feature","geometry":{"type":"Polygon","coordinates":[[[77.1302648,28.6744335],[77.1302952,28.6744334],[77.1302956,28.6745018],[77.1302652,28.6745019],[77.1302648,28.6744335]]]},"properties":{"sources":[{"property":"","dataset":"Google Open Buildings","license":null,"record_id":"7JWVM4FJ+Q4JQ","update_time":"2023-05-01T00:00:00.000Z","confidence":0.6676,"between":null}],"is_underground":false,"has_parts":false,"version":1}},
{"id":"53d4c720-e4e3-4234-b16d-f176b3160b69","type":"Feature","geometry":{"type":"Polygon","coordinates":[[[77.1301886,28.6741141],[77.1299931,28.6740456],[77.1302653,28.6738246],[77.1304493,28.6738582],[77.1303835,28.6741002],[77.1302256,28.6740876],[77.1301886,28.6741141]]]},"properties":{"sources":[{"property":"","dataset":"OpenStreetMap","license":"ODbL-1.0","record_id":"w350064976@1","update_time":"2015-05-30T11:09:46.000Z","confidence":null,"between":null}],"is_underground":false,"has_parts":false,"version":1}},
{"id":"d67af8dd-dbc8-4534-816c-b57e0d555650","type":"Feature","geometry":{"type":"Polygon","coordinates":[[[77.1302092,28.6737732],[77.1299529,28.6739783],[77.1298782,28.6738667],[77.1301899,28.6737498],[77.1302092,28.6737732]]]},"properties":{"sources":[{"property":"","dataset":"OpenStreetMap","license":"ODbL-1.0","record_id":"w350081265@1","update_time":"2015-05-30T12:01:51.000Z","confidence":null,"between":null}],"is_underground":false,"has_parts":false,"version":1}},
{"id":"b63d2db1-f3cd-4b26-abb3-874177813e7c","type":"Feature","geometry":{"type":"Polygon","coordinates":[[[77.1301307,28.6736602],[77.1301671,28.6736662],[77.1301602,28.6736994],[77.1301237,28.6736935],[77.1301307,28.6736602]]]},"properties":{"sources":[{"property":"","dataset":"Google Open Buildings","license":null,"record_id":"7JWVM4FJ+F3C4","update_time":"2023-05-01T00:00:00.000Z","confidence":0.6754,"between":null}],"is_underground":false,"has_parts":false,"version":1}},
{"id":"b11fba0e-5383-4f20-be55-641d7085551c","type":"Feature","geometry":{"type":"Polygon","coordinates":[[[77.1300612,28.6736571],[77.1300658,28.6736113],[77.1301745,28.6736198],[77.1301699,28.6736657],[77.1300612,28.6736571]]]},"properties":{"sources":[{"property":"","dataset":"Google Open Buildings","license":null,"record_id":"7JWVM4FJ+F25H","update_time":"2023-05-01T00:00:00.000Z","confidence":0.7132,"between":null}],"is_underground":false,"has_parts":false,"version":1}},
{"id":"e6bf5711-c6cf-4e03-8de6-256f84f7c331","type":"Feature","geometry":{"type":"Polygon","coordinates":[[[77.1303811,28.6736739],[77.1302772,28.6737046],[77.1302554,28.6736477],[77.1303592,28.673617],[77.1303811,28.6736739]]]},"properties":{"sources":[{"property":"","dataset":"OpenStreetMap","license":"ODbL-1.0","record_id":"w350501310@1","update_time":"2015-06-01T05:14:43.000Z","confidence":null,"between":null}],"is_underground":false,"has_parts":false,"version":1}},
{"id":"93ee380b-b547-457d-a98f-5a84083ed2dc","type":"Feature","geometry":{"type":"Polygon","coordinates":[[[77.1304918,28.6738204],[77.1304086,28.6738122],[77.1304205,28.673719],[77.1305038,28.6737272],[77.1304918,28.6738204]]]},"properties":{"sources":[{"property":"","dataset":"OpenStreetMap","license":"ODbL-1.0","record_id":"w350501430@1","update_time":"2015-06-01T05:14:49.000Z","confidence":null,"between":null}],"is_underground":false,"has_parts":false,"version":1}},
{"id":"048cc595-f806-42eb-9b46-66c74503265f","type":"Feature","geometry":{"type":"Polygon","coordinates":[[[77.1303976,28.6738107],[77.1302976,28.6738003],[77.1303055,28.6737414],[77.1304055,28.6737519],[77.1303976,28.6738107]]]},"properties":{"sources":[{"property":"","dataset":"OpenStreetMap","license":"ODbL-1.0","record_id":"w350501518@1","update_time":"2015-06-01T05:14:53.000Z","confidence":null,"between":null}],"is_underground":false,"has_parts":false,"version":1}},
{"id":"23f71eab-714a-468e-8ae2-c65b383cd02a","type":"Feature","geometry":{"type":"Polygon","coordinates":[[[77.1305417,28.6741473],[77.1304194,28.6741448],[77.1304634,28.6738543],[77.1305484,28.6738647],[77.1305417,28.6741473]]]},"properties":{"sources":[{"property":"","dataset":"OpenStreetMap","license":"ODbL-1.0","record_id":"w350064967@1","update_time":"2015-05-30T11:09:46.000Z","confidence":null,"between":null}],"is_underground":false,"has_parts":false,"version":1}},
{"id":"a09f1e2e-f5a9-4c0c-89ff-7414583362fb","type":"Feature","geometry":{"type":"Polygon","coordinates":[[[77.1306754,28.6741037],[77.1305528,28.6741019],[77.1305573,28.6738592],[77.1306799,28.6738609],[77.1306754,28.6741037]]]},"properties":{"sources":[{"property":"","dataset":"OpenStreetMap","license":"ODbL-1.0","record_id":"w350064890@1","update_time":"2015-05-30T11:09:42.000Z","confidence":null,"between":null}],"is_underground":false,"has_parts":false,"version":1}},
{"id":"cbdf17f7-38ad-4aa0-a0d6-e2df91f64244","type":"Feature","geometry":{"type":"Polygon","coordinates":[[[77.1305843,28.6738422],[77.1305065,28.673839],[77.1305121,28.6737346],[77.1305899,28.6737378],[77.1305843,28.6738422]]]},"properties":{"sources":[{"property":"","dataset":"OpenStreetMap","license":"ODbL-1.0","record_id":"w350501394@1","update_time":"2015-06-01T05:14:47.000Z","confidence":null,"between":null}],"is_underground":false,"has_parts":false,"version":1}},
{"id":"4af18edd-2784-4b3d-9d17-6b2bb778d680","type":"Feature","geometry":{"type":"Polygon","coordinates":[[[77.1307175,28.6738412],[77.1305951,28.6738383],[77.1305983,28.6737353],[77.1307207,28.6737382],[77.1307175,28.6738412]]]},"properties":{"sources":[{"property":"","dataset":"OpenStreetMap","license":"ODbL-1.0","record_id":"w350501455@1","update_time":"2015-06-01T05:14:50.000Z","confidence":null,"between":null}],"is_underground":false,"has_parts":false,"version":1}},
{"id":"4537c05e-f73f-4773-81cd-d05bd67e585c","type":"Feature","geometry":{"type":"Polygon","coordinates":[[[77.130966,28.6737834],[77.1308763,28.6737956],[77.1308619,28.6737143],[77.1309516,28.6737021],[77.130966,28.6737834]]]},"properties":{"sources":[{"property":"","dataset":"OpenStreetMap","license":"ODbL-1.0","record_id":"w350501323@1","update_time":"2015-06-01T05:14:43.000Z","confidence":null,"between":null}],"is_underground":false,"has_parts":false,"version":1}},
{"id":"593b4818-7e84-4a74-9462-3d24b2933dd2","type":"Feature","geometry":{"type":"Polygon","coordinates":[[[77.1308564,28.6738236],[77.1307341,28.6738264],[77.1307309,28.6737178],[77.1308532,28.673715],[77.1308564,28.6738236]]]},"properties":{"sources":[{"property":"","dataset":"OpenStreetMap","license":"ODbL-1.0","record_id":"w350501418@1","update_time":"2015-06-01T05:14:48.000Z","confidence":null,"between":null}],"is_underground":false,"has_parts":false,"version":1}},
{"id":"bc3a066a-e239-4671-8f05-ef6841a48426","type":"Feature","geometry":{"type":"Polygon","coordinates":[[[77.1309569,28.674031],[77.1307461,28.6740513],[77.1307383,28.6739895],[77.1309492,28.6739692],[77.1309569,28.674031]]]},"properties":{"sources":[{"property":"","dataset":"OpenStreetMap","license":"ODbL-1.0","record_id":"w350501522@1","update_time":"2015-06-01T05:14:54.000Z","confidence":null,"between":null}],"is_underground":false,"has_parts":false,"version":1}},
{"id":"43320c6a-c0e4-431f-ad27-c18985c28787","type":"Feature","geometry":{"type":"Polygon","coordinates":[[[77.1309465,28.6739567],[77.1307261,28.6739798],[77.1307096,28.6738586],[77.13093,28.6738355],[77.1309465,28.6739567]]]},"properties":{"sources":[{"property":"","dataset":"OpenStreetMap","license":"ODbL-1.0","record_id":"w350501487@1","update_time":"2015-06-01T05:14:52.000Z","confidence":null,"between":null}],"is_underground":false,"has_parts":false,"version":1}},
{"id":"c6b14b97-f56b-4189-9193-85ba30ef1543","type":"Feature","geometry":{"type":"Polygon","coordinates":[[[77.1307557,28.67412],[77.1307493,28.674059],[77.1309585,28.6740422],[77.1309649,28.6741032],[77.1307557,28.67412]]]},"properties":{"sources":[{"property":"","dataset":"OpenStreetMap","license":"ODbL-1.0","record_id":"w350501343@1","update_time":"2015-06-01T05:14:44.000Z","confidence":null,"between":null}],"is_underground":false,"has_parts":false,"version":1}},
{"id":"9b367808-d5cb-4391-a631-8c3377801fff","type":"Feature","geometry":{"type":"Polygon","coordinates":[[[77.1308417,28.6744923],[77.1307493,28.6745],[77.130734,28.6743575],[77.1308263,28.6743499],[77.1308417,28.6744923]]]},"properties":{"sources":[{"property":"","dataset":"OpenStreetMap","license":"ODbL-1.0","record_id":"w350081307@1","update_time":"2015-05-30T12:01:52.000Z","confidence":null,"between":null}],"is_underground":false,"has_parts":false,"version":1}},
{"id":"e20fce5a-73cd-49df-99c8-2b73206640b0","type":"Feature","geometry":{"type":"Polygon","coordinates":[[[77.1307663,28.6743461],[77.1306743,28.6743479],[77.1306711,28.6742281],[77.1307631,28.6742262],[77.1307663,28.6743461]]]},"properties":{"sources":[{"property":"","dataset":"OpenStreetMap","license":"ODbL-1.0","record_id":"w350081189@1","update_time":"2015-05-30T12:01:49.000Z","confidence":null,"between":null}],"is_underground":false,"has_parts":false,"version":1}},
{"id":"3801718d-b0aa-44f9-9556-9d1add8e94ff","type":"Feature","geometry":{"type":"Polygon","coordinates":[[[77.1308709,28.6743398],[77.1307837,28.6743451],[77.1307741,28.6742239],[77.1308614,28.6742186],[77.1308709,28.6743398]]]},"properties":{"sources":[{"property":"","dataset":"OpenStreetMap","license":"ODbL-1.0","record_id":"w350081231@1","update_time":"2015-05-30T12:01:50.000Z","confidence":null,"between":null}],"is_underground":false,"has_parts":false,"version":1}},
{"id":"26587d44-9c83-459e-a034-6175fdcd26a6","type":"Feature","geometry":{"type":"Polygon","coordinates":[[[77.1308035,28.6746526],[77.1308316,28.6746541],[77.1308282,28.6747028],[77.1308001,28.6747013],[77.1308035,28.6746526]]]},"properties":{"sources":[{"property":"","dataset":"Google Open Buildings","license":null,"record_id":"7JWVM4FJ+V8G2","update_time":"2023-05-01T00:00:00.000Z","confidence":0.6793,"between":null}],"is_underground":false,"has_parts":false,"version":1}},
{"id":"d085cffa-494f-4fe6-a26a-f7d9dce54deb","type":"Feature","geometry":{"type":"Polygon","coordinates":[[[77.1307117,28.67465],[77.1307338,28.6747144],[77.1306269,28.6747429],[77.1306048,28.6746785],[77.1307117,28.67465]]]},"properties":{"sources":[{"property":"","dataset":"Google Open Buildings","license":null,"record_id":"7JWVM4FJ+V7FV","update_time":"2023-05-01T00:00:00.000Z","confidence":0.7941,"between":null}],"is_underground":false,"has_parts":false,"version":1}},
{"id":"5ff5217f-c064-48e1-80c8-2d75ed185b77","type":"Feature","geometry":{"type":"Polygon","coordinates":[[[77.1307416,28.6746271],[77.1303916,28.6746618],[77.1303622,28.6744339],[77.1307123,28.6743992],[77.1307416,28.6746271]]]},"properties":{"sources":[{"property":"","dataset":"OpenStreetMap","license":"ODbL-1.0","record_id":"w350081156@1","update_time":"2015-05-30T12:01:47.000Z","confidence":null,"between":null}],"is_underground":false,"has_parts":false,"version":1}},
{"id":"d6ae8557-afa3-45e2-87ed-c73839a8bfed","type":"Feature","geometry":{"type":"Polygon","coordinates":[[[77.1306542,28.6743691],[77.1305473,28.6743676],[77.1305497,28.6742386],[77.1306566,28.6742402],[77.1306542,28.6743691]]]},"properties":{"sources":[{"property":"","dataset":"OpenStreetMap","license":"ODbL-1.0","record_id":"w350081278@1","update_time":"2015-05-30T12:01:51.000Z","confidence":null,"between":null}],"is_underground":false,"has_parts":false,"version":1}},
{"id":"0e6bf52d-5063-4e67-a8fd-8934b12d5aab","type":"Feature","geometry":{"type":"Polygon","coordinates":[[[77.1305281,28.6743833],[77.1303824,28.674392],[77.1304095,28.6742235],[77.1305394,28.6742396],[77.1305281,28.6743833]]]},"properties":{"sources":[{"property":"","dataset":"OpenStreetMap","license":"ODbL-1.0","record_id":"w350081178@1","update_time":"2015-05-30T12:01:48.000Z","confidence":null,"between":null}],"is_underground":false,"has_parts":false,"version":1}},
{"id":"c6a59333-faa7-400e-8ed8-9edb5a124ec3","type":"Feature","geometry":{"type":"Polygon","coordinates":[[[77.1303266,28.6745185],[77.1303722,28.6745185],[77.1303722,28.6745796],[77.1303266,28.6745796],[77.1303266,28.6745185]]]},"properties":{"sources":[{"property":"","dataset":"Microsoft ML Buildings","license":"ODbL-1.0","record_id":null,"update_time":"2021-07-25T00:00:00.000Z","confidence":null,"between":null}],"is_underground":false,"has_parts":false,"version":3}},
{"id":"225c570c-8734-45b5-8a68-c9b5c5f594d9","type":"Feature","geometry":{"type":"Polygon","coordinates":[[[77.1306086,28.6746865],[77.1306163,28.6747456],[77.1305158,28.6747558],[77.1305081,28.6746967],[77.1306086,28.6746865]]]},"properties":{"sources":[{"property":"","dataset":"Google Open Buildings","license":null,"record_id":"7JWVM4FJ+V6MX","update_time":"2023-05-01T00:00:00.000Z","confidence":0.803,"between":null}],"is_underground":false,"has_parts":false,"version":1}},
{"id":"05e857b0-e00b-4b47-8414-d329fe500d73","type":"Feature","geometry":{"type":"Polygon","coordinates":[[[77.129663,28.6753935],[77.1297073,28.6753872],[77.1297124,28.6754153],[77.1296681,28.6754215],[77.129663,28.6753935]]]},"properties":{"sources":[{"property":"","dataset":"Google Open Buildings","license":null,"record_id":"7JWVM4GH+5V82","update_time":"2023-05-01T00:00:00.000Z","confidence":0.755,"between":null}],"is_underground":false,"has_parts":false,"version":1}},
{"id":"78461f37-3d05-4e92-a7aa-a55da50625d5","type":"Feature","geometry":{"type":"Polygon","coordinates":[[[77.129926,28.6754147],[77.1298431,28.6754112],[77.129848,28.6753208],[77.129931,28.6753243],[77.129926,28.6754147]]]},"properties":{"sources":[{"property":"","dataset":"Microsoft ML Buildings","license":"ODbL-1.0","record_id":null,"update_time":"2021-07-25T00:00:00.000Z","confidence":null,"between":null}],"is_underground":false,"has_parts":false,"version":3}},
{"id":"54d7cb09-6837-467a-8e5c-76ac150742e7","type":"Feature","geometry":{"type":"Polygon","coordinates":[[[77.1299154,28.6757964],[77.1299315,28.6757275],[77.1299907,28.6757382],[77.1299746,28.6758071],[77.1299154,28.6757964]]]},"properties":{"sources":[{"property":"","dataset":"Microsoft ML Buildings","license":"ODbL-1.0","record_id":null,"update_time":"2021-07-25T00:00:00.000Z","confidence":null,"between":null}],"is_underground":false,"has_parts":false,"version":3}},
{"id":"a2203bde-b6a4-4d09-b9e2-82f0155925b1","type":"Feature","geometry":{"type":"Polygon","coordinates":[[[77.1299996,28.6760167],[77.129929,28.6760115],[77.1299358,28.6759414],[77.1300063,28.6759466],[77.1299996,28.6760167]]]},"properties":{"sources":[{"property":"","dataset":"Microsoft ML Buildings","license":"ODbL-1.0","record_id":null,"update_time":"2021-07-25T00:00:00.000Z","confidence":null,"between":null}],"is_underground":false,"has_parts":false,"version":3}},
{"id":"b5970d99-7245-47db-8f29-b672a3a7215e","type":"Feature","geometry":{"type":"Polygon","coordinates":[[[77.1300536,28.6759343],[77.1300414,28.6760475],[77.1300067,28.6760446],[77.1300189,28.6759314],[77.1300536,28.6759343]]]},"properties":{"sources":[{"property":"","dataset":"Google Open Buildings","license":null,"record_id":"7JWVM4GJ+92RH","update_time":"2023-05-01T00:00:00.000Z","confidence":0.6786,"between":null}],"is_underground":false,"has_parts":false,"version":1}},
{"id":"2ffb569c-5e0d-41e9-985b-9af777afe43b","type":"Feature","geometry":{"type":"Polygon","coordinates":[[[77.1318041,28.6759227],[77.131804,28.6759658],[77.1317405,28.6759658],[77.1317405,28.6759226],[77.1318041,28.6759227]]]},"properties":{"sources":[{"property":"","dataset":"Google Open Buildings","license":null,"record_id":"7JWVM4GJ+9PCP","update_time":"2023-05-01T00:00:00.000Z","confidence":0.8105,"between":null}],"is_underground":false,"has_parts":false,"version":1}},
{"id":"8d4dc279-405b-4f0e-b391-e4cdce0c0291","type":"Feature","geometry":{"type":"Polygon","coordinates":[[[77.1318636,28.6758092],[77.1319115,28.6758134],[77.1319063,28.675859],[77.1318584,28.6758548],[77.1318636,28.6758092]]]},"properties":{"sources":[{"property":"","dataset":"Google Open Buildings","license":null,"record_id":"7JWVM4GJ+8QJ7","update_time":"2023-05-01T00:00:00.000Z","confidence":0.7996,"between":null}],"is_underground":false,"has_parts":false,"version":1}},
{"id":"c97948a3-5fb2-4f65-8a16-f21375abc9e9","type":"Feature","geometry":{"type":"Polygon","coordinates":[[[77.1321856,28.6758999],[77.1322186,28.6759003],[77.132218,28.6759399],[77.132185,28.6759395],[77.1321856,28.6758999]]]},"properties":{"sources":[{"property":"","dataset":"Google Open Buildings","license":null,"record_id":"7JWVM4GJ+9V8M","update_time":"2023-05-01T00:00:00.000Z","confidence":0.6869,"between":null}],"is_underground":false,"has_parts":false,"version":1}},
{"id":"48f0c0d9-29c0-4496-b0ac-32675afa0204","type":"Feature","geometry":{"type":"Polygon","coordinates":[[[77.132117,28.6757812],[77.1321241,28.6758177],[77.1320621,28.6758271],[77.132055,28.6757906],[77.132117,28.6757812]]]},"properties":{"sources":[{"property":"","dataset":"Google Open Buildings","license":null,"record_id":"7JWVM4GJ+8RG5","update_time":"2023-05-01T00:00:00.000Z","confidence":0.6585,"between":null}],"is_underground":false,"has_parts":false,"version":1}},
{"id":"44fb51a9-f531-4fb7-a68c-64b2f39a5bf5","type":"Feature","geometry":{"type":"Polygon","coordinates":[[[77.132055,28.6757906],[77.1320621,28.6758271],[77.1320094,28.6758352],[77.1320022,28.6757986],[77.132055,28.6757906]]]},"properties":{"sources":[{"property":"","dataset":"Google Open Buildings","license":null,"record_id":"7JWVM4GJ+8RFC","update_time":"2023-05-01T00:00:00.000Z","confidence":0.7363,"between":null}],"is_underground":false,"has_parts":false,"version":1}},
{"id":"29bc33a0-2795-4338-8c33-68a2f2779c07","type":"Feature","geometry":{"type":"Polygon","coordinates":[[[77.131993,28.6756854],[77.1320419,28.6756755],[77.1320551,28.6757265],[77.1320062,28.6757364],[77.131993,28.6756854]]]},"properties":{"sources":[{"property":"","dataset":"Google Open Buildings","license":null,"record_id":"7JWVM4GJ+7RJ9","update_time":"2023-05-01T00:00:00.000Z","confidence":0.7842,"between":null}],"is_underground":false,"has_parts":false,"version":1}},
{"id":"3c38b7d5-7007-41b6-98c2-aac1774a6c5e","type":"Feature","geometry":{"type":"Polygon","coordinates":[[[77.1318849,28.675753],[77.1319332,28.6757479],[77.1319389,28.6757898],[77.1318906,28.6757949],[77.1318849,28.675753]]]},"properties":{"sources":[{"property":"","dataset":"Google Open Buildings","license":null,"record_id":"7JWVM4GJ+8Q3R","update_time":"2023-05-01T00:00:00.000Z","confidence":0.7,"between":null}],"is_underground":false,"has_parts":false,"version":1}},
{"id":"28053993-4f0e-49c9-8f5d-dda3236ac6f0","type":"Feature","geometry":{"type":"Polygon","coordinates":[[[77.1318944,28.6756527],[77.1319308,28.6756491],[77.1319343,28.6756759],[77.1318979,28.6756795],[77.1318944,28.6756527]]]},"properties":{"sources":[{"property":"","dataset":"Google Open Buildings","license":null,"record_id":"7JWVM4GJ+7Q7F","update_time":"2023-05-01T00:00:00.000Z","confidence":0.6983,"between":null}],"is_underground":false,"has_parts":false,"version":1}},
{"id":"327bbcd3-ad92-438c-b84a-2f325dfaec37","type":"Feature","geometry":{"type":"Polygon","coordinates":[[[77.1319506,28.6756446],[77.1319808,28.6756385],[77.131993,28.6756854],[77.1319628,28.6756915],[77.1319506,28.6756446]]]},"properties":{"sources":[{"property":"","dataset":"Google Open Buildings","license":null,"record_id":"7JWVM4GJ+7Q9J","update_time":"2023-05-01T00:00:00.000Z","confidence":0.7239,"between":null}],"is_underground":false,"has_parts":false,"version":1}},
{"id":"2a8b61f7-734f-4bf2-9f14-37b7f436d7e0","type":"Feature","geometry":{"type":"Polygon","coordinates":[[[77.1319808,28.6756385],[77.1320297,28.6756286],[77.1320419,28.6756755],[77.131993,28.6756854],[77.1319808,28.6756385]]]},"properties":{"sources":[{"property":"","dataset":"Google Open Buildings","license":null,"record_id":"7JWVM4GJ+7R67","update_time":"2023-05-01T00:00:00.000Z","confidence":0.7829,"between":null}],"is_underground":false,"has_parts":false,"version":1}},
{"id":"80f41b5a-1223-460b-901d-6b190cdf57c8","type":"Feature","geometry":{"type":"Polygon","coordinates":[[[77.1317541,28.6752122],[77.131808,28.6752035],[77.1318166,28.6752451],[77.1317627,28.6752538],[77.1317541,28.6752122]]]},"properties":{"sources":[{"property":"","dataset":"Google Open Buildings","license":null,"record_id":"7JWVM4GJ+3PV2","update_time":"2023-05-01T00:00:00.000Z","confidence":0.6894,"between":null}],"is_underground":false,"has_parts":false,"version":1}},
{"id":"e39f5222-b62c-4608-8fe9-b8a9b9ed062d","type":"Feature","geometry":{"type":"Polygon","coordinates":[[[77.1317428,28.6751472],[77.131776,28.6751427],[77.1317817,28.6751756],[77.1317485,28.6751801],[77.1317428,28.6751472]]]},"properties":{"sources":[{"property":"","dataset":"Google Open Buildings","license":null,"record_id":"7JWVM4GJ+3P6F","update_time":"2023-05-01T00:00:00.000Z","confidence":0.6646,"between":null}],"is_underground":false,"has_parts":false,"version":1}},
{"id":"deb9c8ed-0a16-4b63-b2d2-7d8a45c20f08","type":"Feature","geometry":{"type":"Polygon","coordinates":[[[77.1317851,28.6751343],[77.1318166,28.6751348],[77.1318157,28.6751743],[77.1317842,28.6751738],[77.1317851,28.6751343]]]},"properties":{"sources":[{"property":"","dataset":"Google Open Buildings","license":null,"record_id":"7JWVM4GJ+3P74","update_time":"2023-05-01T00:00:00.000Z","confidence":0.6752,"between":null}],"is_underground":false,"has_parts":false,"version":1}},
{"id":"f9d45567-8762-44bb-85ba-e1f2bd4166fb","type":"Feature","geometry":{"type":"Polygon","coordinates":[[[77.1317754,28.6749809],[77.131801,28.6749816],[77.1317994,28.675021],[77.1317739,28.6750202],[77.1317754,28.6749809]]]},"properties":{"sources":[{"property":"","dataset":"Google Open Buildings","license":null,"record_id":"7JWVM4GJ+2P32","update_time":"2023-05-01T00:00:00.000Z","confidence":0.6973,"between":null}],"is_underground":false,"has_parts":false,"version":1}},
{"id":"75d9021f-d9d2-46bf-92aa-4fa04829b5eb","type":"Feature","geometry":{"type":"Polygon","coordinates":[[[77.1316934,28.67502],[77.1317572,28.675012],[77.1317621,28.6750421],[77.1316982,28.6750501],[77.1316934,28.67502]]]},"properties":{"sources":[{"property":"","dataset":"Google Open Buildings","license":null,"record_id":"7JWVM4GJ+2M97","update_time":"2023-05-01T00:00:00.000Z","confidence":0.6638,"between":null}],"is_underground":false,"has_parts":false,"version":1}},
{"id":"dced93fb-a18b-4202-a88d-5da942e102b4","type":"Feature","geometry":{"type":"Polygon","coordinates":[[[77.1317401,28.6751482],[77.1317437,28.6751806],[77.1316652,28.6751873],[77.1316617,28.6751549],[77.1317401,28.6751482]]]},"properties":{"sources":[{"property":"","dataset":"Google Open Buildings","license":null,"record_id":"7JWVM4GJ+3M8M","update_time":"2023-05-01T00:00:00.000Z","confidence":0.7408,"between":null}],"is_underground":false,"has_parts":false,"version":1}},
{"id":"5b4f500b-0f13-4836-b006-7a757ee9da95","type":"Feature","geometry":{"type":"Polygon","coordinates":[[[77.1317397,28.6756159],[77.1317935,28.6756104],[77.1317987,28.6756489],[77.1317448,28.6756545],[77.1317397,28.6756159]]]},"properties":{"sources":[{"property":"","dataset":"Google Open Buildings","license":null,"record_id":"7JWVM4GJ+7P28","update_time":"2023-05-01T00:00:00.000Z","confidence":0.782,"between":null}],"is_underground":false,"has_parts":false,"version":1}},
{"id":"f8c2df32-b13a-419a-8694-8c3fcdc2f5ac","type":"Feature","geometry":{"type":"Polygon","coordinates":[[[77.1318142,28.6756071],[77.1318431,28.6756076],[77.1318423,28.6756436],[77.1318134,28.6756431],[77.1318142,28.6756071]]]},"properties":{"sources":[{"property":"","dataset":"Google Open Buildings","license":null,"record_id":"7JWVM4GJ+7P44","update_time":"2023-05-01T00:00:00.000Z","confidence":0.7465,"between":null}],"is_underground":false,"has_parts":false,"version":1}},
{"id":"9e3d1594-b514-45bd-bd13-c1ca6d0fccc5","type":"Feature","geometry":{"type":"Polygon","coordinates":[[[77.1318542,28.6756589],[77.13189,28.6756583],[77.1318909,28.675701],[77.1318551,28.6757016],[77.1318542,28.6756589]]]},"properties":{"sources":[{"property":"","dataset":"Google Open Buildings","license":null,"record_id":"7JWVM4GJ+7PH5","update_time":"2023-05-01T00:00:00.000Z","confidence":0.7595,"between":null}],"is_underground":false,"has_parts":false,"version":1}},
{"id":"4412d11a-354e-4b4c-af5a-dae0ae2ee063","type":"Feature","geometry":{"type":"Polygon","coordinates":[[[77.1314821,28.6757454],[77.1314843,28.6757198],[77.1315208,28.6757223],[77.1315185,28.6757479],[77.1314821,28.6757454]]]},"properties":{"sources":[{"property":"","dataset":"Google Open Buildings","license":null,"record_id":"7JWVM4GJ+7JR6","update_time":"2023-05-01T00:00:00.000Z","confidence":0.6895,"between":null}],"is_underground":false,"has_parts":false,"version":1}},
{"id":"604a43fb-ba67-41df-8b9a-c1184d63eaea","type":"Feature","geometry":{"type":"Polygon","coordinates":[[[77.1315941,28.6741446],[77.1316219,28.6742861],[77.1315593,28.6742957],[77.1315315,28.6741542],[77.1315941,28.6741446]]]},"properties":{"sources":[{"property":"","dataset":"Google Open Buildings","license":null,"record_id":"7JWVM4FJ+MJPV","update_time":"2023-05-01T00:00:00.000Z","confidence":0.8383,"between":null}],"is_underground":false,"has_parts":false,"version":1}},
{"id":"1a934261-4962-4403-a020-5440208fb55a","type":"Feature","geometry":{"type":"Polygon","coordinates":[[[77.1314125,28.6742535],[77.1312055,28.6742821],[77.1311795,28.6741375],[77.1313865,28.6741088],[77.1314125,28.6742535]]]},"properties":{"sources":[{"property":"","dataset":"OpenStreetMap","license":"ODbL-1.0","record_id":"w350501280@1","update_time":"2015-06-20T07:02:00.000Z","confidence":null,"between":null}],"is_underground":false,"has_parts":false,"version":1}},
{"id":"ba80f6ef-6f13-4eb5-a645-c5108dd76d13","type":"Feature","geometry":{"type":"Polygon","coordinates":[[[77.1312329,28.6744756],[77.131206,28.6743624],[77.1314115,28.6743247],[77.1314385,28.6744379],[77.1312329,28.6744756]]]},"properties":{"sources":[{"property":"","dataset":"OpenStreetMap","license":"ODbL-1.0","record_id":"w350501410@1","update_time":"2015-06-01T05:14:48.000Z","confidence":null,"between":null}],"is_underground":false,"has_parts":false,"version":1}},
{"id":"55a6572b-0b38-4470-aa83-29f8ea59d156","type":"Feature","geometry":{"type":"Polygon","coordinates":[[[77.1312866,28.6746055],[77.1312613,28.6744773],[77.1314375,28.6744506],[77.1314628,28.6745788],[77.1312866,28.6746055]]]},"properties":{"sources":[{"property":"","dataset":"OpenStreetMap","license":"ODbL-1.0","record_id":"w350501450@1","update_time":"2015-06-01T05:14:50.000Z","confidence":null,"between":null}],"is_underground":false,"has_parts":false,"version":1}},
{"id":"adfd9474-ba40-4068-be1f-e864797a8cf5","type":"Feature","geometry":{"type":"Polygon","coordinates":[[[77.1309196,28.6746652],[77.1308902,28.6745255],[77.131141,28.6744849],[77.1311704,28.6746246],[77.1309196,28.6746652]]]},"properties":{"sources":[{"property":"","dataset":"OpenStreetMap","license":"ODbL-1.0","record_id":"w350501415@1","update_time":"2015-06-01T05:14:48.000Z","confidence":null,"between":null}],"is_underground":false,"has_parts":false,"version":1}},
{"id":"1852e8e2-ed1d-4376-a333-a733f5db49f2","type":"Feature","geometry":{"type":"Polygon","coordinates":[[[77.1309021,28.6745057],[77.1308699,28.6743521],[77.1310788,28.6743184],[77.131111,28.674472],[77.1309021,28.6745057]]]},"properties":{"sources":[{"property":"","dataset":"OpenStreetMap","license":"ODbL-1.0","record_id":"w350501318@1","update_time":"2015-06-01T05:14:43.000Z","confidence":null,"between":null}],"is_underground":false,"has_parts":false,"version":1}},
{"id":"73c39643-4964-45e6-99c1-b547893387a8","type":"Feature","geometry":{"type":"Polygon","coordinates":[[[77.130979,28.6742604],[77.1310759,28.674251],[77.1310795,28.6742799],[77.1309827,28.6742893],[77.130979,28.6742604]]]},"properties":{"sources":[{"property":"","dataset":"Microsoft ML Buildings","license":"ODbL-1.0","record_id":null,"update_time":"2021-07-25T00:00:00.000Z","confidence":null,"between":null}],"is_underground":false,"has_parts":false,"version":3}},
{"id":"79d659df-c09c-4481-a080-68c7db7f1fd4","type":"Feature","geometry":{"type":"Polygon","coordinates":[[[77.1309502,28.6742366],[77.1309545,28.6741544],[77.1310589,28.6741586],[77.1310546,28.6742408],[77.1309502,28.6742366]]]},"properties":{"sources":[{"property":"","dataset":"Microsoft ML Buildings","license":"ODbL-1.0","record_id":null,"update_time":"2021-07-25T00:00:00.000Z","confidence":null,"between":null}],"is_underground":false,"has_parts":false,"version":3}},
{"id":"257745e5-08ee-4a90-9b9a-2fc6d4f2c069","type":"Feature","geometry":{"type":"Polygon","coordinates":[[[77.1313042,28.6739455],[77.1312086,28.6739745],[77.1311758,28.6738913],[77.1312715,28.6738623],[77.1313042,28.6739455]]]},"properties":{"sources":[{"property":"","dataset":"OpenStreetMap","license":"ODbL-1.0","record_id":"w350501362@1","update_time":"2015-06-01T05:14:45.000Z","confidence":null,"between":null}],"is_underground":false,"has_parts":false,"version":1}},
{"id":"3b15faf2-1001-4141-ba40-c472635ab3f3","type":"Feature","geometry":{"type":"Polygon","coordinates":[[[77.1314078,28.6737405],[77.1311379,28.6738544],[77.1310917,28.6737702],[77.1313616,28.6736562],[77.1314078,28.6737405]]]},"properties":{"sources":[{"property":"","dataset":"OpenStreetMap","license":"ODbL-1.0","record_id":"w350501460@1","update_time":"2015-06-01T05:14:50.000Z","confidence":null,"between":null}],"is_underground":false,"has_parts":false,"version":1}},
{"id":"44414d45-4447-4101-bbcd-175d2bf5eabf","type":"Feature","geometry":{"type":"Polygon","coordinates":[[[77.1313389,28.6736533],[77.1310814,28.6737543],[77.1310363,28.6736658],[77.1312938,28.6735647],[77.1313389,28.6736533]]]},"properties":{"sources":[{"property":"","dataset":"OpenStreetMap","license":"ODbL-1.0","record_id":"w350501399@1","update_time":"2015-06-01T05:14:47.000Z","confidence":null,"between":null}],"is_underground":false,"has_parts":false,"version":1}},
{"id":"2cc4b623-5ed2-4ee5-8d3b-7be18c27198e","type":"Feature","geometry":{"type":"Polygon","coordinates":[[[77.1314546,28.6739623],[77.1313611,28.6740052],[77.1312707,28.6738368],[77.1313461,28.6738087],[77.1314546,28.6739623]]]},"properties":{"sources":[{"property":"","dataset":"OpenStreetMap","license":"ODbL-1.0","record_id":"w350501365@1","update_time":"2015-06-01T05:14:45.000Z","confidence":null,"between":null}],"is_underground":false,"has_parts":false,"version":1}},
{"id":"edff1c4a-5626-47c6-b74c-6afc76ac3ee1","type":"Feature","geometry":{"type":"Polygon","coordinates":[[[77.1314371,28.6740549],[77.1314636,28.6740504],[77.1314718,28.6740882],[77.1314454,28.6740927],[77.1314371,28.6740549]]]},"properties":{"sources":[{"property":"","dataset":"Google Open Buildings","license":null,"record_id":"7JWVM4FJ+JHGW","update_time":"2023-05-01T00:00:00.000Z","confidence":0.656,"between":null}],"is_underground":false,"has_parts":false,"version":1}},
{"id":"b4a598bf-3995-4ea9-93e4-3a2f96e417e0","type":"Feature","geometry":{"type":"Polygon","coordinates":[[[77.1314636,28.6740505],[77.1315068,28.6740431],[77.131555,28.6742636],[77.1314854,28.6742754],[77.1314454,28.6740928],[77.1314719,28.6740883],[77.1314636,28.6740505]]]},"properties":{"sources":[{"property":"","dataset":"Google Open Buildings","license":null,"record_id":"7JWVM4FJ+MH9Q","update_time":"2023-05-01T00:00:00.000Z","confidence":0.6966,"between":null}],"is_underground":false,"has_parts":false,"version":1}},
{"id":"b49d382a-db96-4608-bcce-f4d2bdc8954c","type":"Feature","geometry":{"type":"Polygon","coordinates":[[[77.1315097,28.6740432],[77.1315723,28.6740336],[77.1315941,28.6741446],[77.1315315,28.6741542],[77.1315097,28.6740432]]]},"properties":{"sources":[{"property":"","dataset":"Google Open Buildings","license":null,"record_id":"7JWVM4FJ+JJMP","update_time":"2023-05-01T00:00:00.000Z","confidence":0.6957,"between":null}],"is_underground":false,"has_parts":false,"version":1}},
{"id":"882e6c5d-df61-49ce-bd8e-5b91bdcd7dbb","type":"Feature","geometry":{"type":"Polygon","coordinates":[[[77.1316497,28.6738652],[77.1315655,28.6739163],[77.1314458,28.6737647],[77.13153,28.6737136],[77.1316497,28.6738652]]]},"properties":{"sources":[{"property":"","dataset":"OpenStreetMap","license":"ODbL-1.0","record_id":"w350501483@1","update_time":"2015-06-01T05:14:52.000Z","confidence":null,"between":null}],"is_underground":false,"has_parts":false,"version":1}},
{"id":"5b1b068f-56cb-4369-8419-ef243454e04d","type":"Feature","geometry":{"type":"Polygon","coordinates":[[[77.1315404,28.6739352],[77.1314708,28.6739699],[77.1313489,28.6737816],[77.1314184,28.6737469],[77.1315404,28.6739352]]]},"properties":{"sources":[{"property":"","dataset":"OpenStreetMap","license":"ODbL-1.0","record_id":"w350501435@1","update_time":"2015-06-01T05:14:49.000Z","confidence":null,"between":null}],"is_underground":false,"has_parts":false,"version":1}},
{"id":"3afb1694-99c6-41c9-b034-f3b801e86161","type":"Feature","geometry":{"type":"Polygon","coordinates":[[[77.131787,28.6737118],[77.1317291,28.6737633],[77.1315861,28.6736393],[77.1316441,28.6735878],[77.131787,28.6737118]]]},"properties":{"sources":[{"property":"","dataset":"OpenStreetMap","license":"ODbL-1.0","record_id":"w350501301@1","update_time":"2015-06-01T05:14:42.000Z","confidence":null,"between":null}],"is_underground":false,"has_parts":false,"version":1}},
{"id":"034ec2fe-0b60-41aa-80ea-ecf95a0b4297","type":"Feature","geometry":{"type":"Polygon","coordinates":[[[77.131903,28.6738182],[77.1319786,28.6739807],[77.1317606,28.6740588],[77.1316974,28.6739232],[77.131865,28.6738631],[77.1318525,28.6738363],[77.131903,28.6738182]]]},"properties":{"sources":[{"property":"","dataset":"OpenStreetMap","license":"ODbL-1.0","record_id":"w352223148@1","update_time":"2015-06-08T07:07:51.000Z","confidence":null,"between":null}],"is_underground":false,"has_parts":false,"version":1}},
{"id":"062b5ddc-a5ae-4c98-b4d9-9a75c8c933b7","type":"Feature","geometry":{"type":"Polygon","coordinates":[[[77.1315963,28.6739828],[77.1316889,28.673966],[77.1317075,28.6740449],[77.131615,28.6740618],[77.1315963,28.6739828]]]},"properties":{"sources":[{"property":"","dataset":"Microsoft ML Buildings","license":"ODbL-1.0","record_id":null,"update_time":"2021-07-25T00:00:00.000Z","confidence":null,"between":null}],"is_underground":false,"has_parts":false,"version":3}},
{"id":"58cce1b0-24ff-45e2-a4a6-8a060aba2f03","type":"Feature","geometry":{"type":"Polygon","coordinates":[[[77.1315879,28.6741164],[77.1316504,28.674106599999998],[77.1316593,28.6741507],[77.1315968,28.6741605],[77.1315879,28.6741164]]]},"properties":{"sources":[{"property":"","dataset":"Google Open Buildings","license":null,"record_id":"7JWVM4FJ+MJ59","update_time":"2023-05-01T00:00:00.000Z","confidence":0.8232,"between":null}],"is_underground":false,"has_parts":false,"version":1}},
{"id":"83118461-d8e7-4030-8d7e-94ccc0b50d02","type":"Feature","geometry":{"type":"Polygon","coordinates":[[[77.1315486,28.6743298],[77.1316061,28.6743208],[77.1316373,28.6744756],[77.1315798,28.6744846],[77.1315486,28.6743298]]]},"properties":{"sources":[{"property":"","dataset":"Google Open Buildings","license":null,"record_id":"7JWVM4FJ+QJ85","update_time":"2023-05-01T00:00:00.000Z","confidence":0.7744,"between":null}],"is_underground":false,"has_parts":false,"version":1}},
{"id":"61d506ac-6e2a-4d86-9850-dce94a775806","type":"Feature","geometry":{"type":"Polygon","coordinates":[[[77.1317116,28.6744642],[77.13177,28.6744577],[77.131782,28.674542],[77.1317235,28.6745485],[77.1317116,28.6744642]]]},"properties":{"sources":[{"property":"","dataset":"Google Open Buildings","license":null,"record_id":"7JWVM4FJ+RM55","update_time":"2023-05-01T00:00:00.000Z","confidence":0.6708,"between":null}],"is_underground":false,"has_parts":false,"version":1}},
{"id":"250eb063-4f3b-4ccf-9505-1441f032d7ab","type":"Feature","geometry":{"type":"Polygon","coordinates":[[[77.1320115,28.6743948],[77.1320256,28.6745044],[77.1318761,28.6745193],[77.1318621,28.674409699999998],[77.1320115,28.6743948]]]},"properties":{"sources":[{"property":"","dataset":"Google Open Buildings","license":null,"record_id":"7JWVM4FJ+QQP6","update_time":"2023-05-01T00:00:00.000Z","confidence":0.8557,"between":null}],"is_underground":false,"has_parts":false,"version":1}},
{"id":"55c5c6e0-fba9-4691-9895-4cf03ba3774f","type":"Feature","geometry":{"type":"Polygon","coordinates":[[[77.13205,28.6745023],[77.1320346,28.674391],[77.1323041,28.674362],[77.1323195,28.6744733],[77.13205,28.6745023]]]},"properties":{"sources":[{"property":"","dataset":"Google Open Buildings","license":null,"record_id":"7JWVM4FJ+QVF8","update_time":"2023-05-01T00:00:00.000Z","confidence":0.7935,"between":null}],"is_underground":false,"has_parts":false,"version":1}},
{"id":"15e75dd4-2a51-423f-92f6-f346ba7b22ac","type":"Feature","geometry":{"type":"Polygon","coordinates":[[[77.1322285,28.6739678],[77.13228,28.6742578],[77.1321482,28.6742761],[77.1321112,28.6740678],[77.1320127,28.6740814],[77.1320389,28.674229],[77.1320715,28.6742245],[77.1320823,28.6742852],[77.1319696,28.6743008],[77.1319647,28.6742737],[77.131909,28.6742814],[77.1318918,28.6741843],[77.1319246,28.6741798],[77.1319177,28.6741411],[77.1318849,28.6741456],[77.1318657,28.6740375],[77.1321001,28.6740051],[77.1320967,28.673986],[77.1322285,28.6739678]]]},"properties":{"sources":[{"property":"","dataset":"Google Open Buildings","license":null,"record_id":"7JWVM4FJ+MR48","update_time":"2023-05-01T00:00:00.000Z","confidence":0.9154,"between":null}],"is_underground":false,"has_parts":false,"version":1}},
{"id":"b6b8895f-0f0f-4648-a215-d0daea135fce","type":"Feature","geometry":{"type":"Polygon","coordinates":[[[77.1320619,28.6739216],[77.1319837,28.6739502],[77.1318984,28.6737708],[77.1319766,28.6737422],[77.1320619,28.6739216]]]},"properties":{"sources":[{"property":"","dataset":"OpenStreetMap","license":"ODbL-1.0","record_id":"w350064841@1","update_time":"2015-05-30T11:09:40.000Z","confidence":null,"between":null}],"is_underground":false,"has_parts":false,"version":1}},
{"id":"2fb54e03-ba71-44e1-a87f-f5cae844b80c","type":"Feature","geometry":{"type":"Polygon","coordinates":[[[77.1322416,28.6738735],[77.1321276,28.6739186],[77.1320131,28.6736959],[77.1320616,28.6736768],[77.1320211,28.6735981],[77.1320867,28.6735722],[77.1322416,28.6738735]]]},"properties":{"sources":[{"property":"","dataset":"OpenStreetMap","license":"ODbL-1.0","record_id":"w350064922@2","update_time":"2015-06-08T07:07:52.000Z","confidence":null,"between":null}],"is_underground":false,"has_parts":false,"version":1}},
{"id":"e92e8e47-ff0f-43e9-b491-bedf4a7bcfe8","type":"Feature","geometry":{"type":"Polygon","coordinates":[[[77.1321674,28.6735538],[77.1322535,28.6737356],[77.1321857,28.6737606],[77.1320997,28.6735787],[77.1321674,28.6735538]]]},"properties":{"sources":[{"property":"","dataset":"Google Open Buildings","license":null,"record_id":"7JWVM4FJ+FV78","update_time":"2023-05-01T00:00:00.000Z","confidence":0.8227,"between":null}],"is_underground":false,"has_parts":false,"version":1}},
{"id":"c93bb7ec-5a6d-42b3-b085-ff5c936bbd2c","type":"Feature","geometry":{"type":"Polygon","coordinates":[[[77.1321296,28.673246],[77.1321853,28.6732775],[77.1321641,28.6733066],[77.1321084,28.6732752],[77.1321296,28.673246]]]},"properties":{"sources":[{"property":"","dataset":"Google Open Buildings","license":null,"record_id":"7JWVM4FJ+8V64","update_time":"2023-05-01T00:00:00.000Z","confidence":0.6941,"between":null}],"is_underground":false,"has_parts":false,"version":1}},
{"id":"8f72fdc8-3e48-4b5d-b375-5ad753439672","type":"Feature","geometry":{"type":"Polygon","coordinates":[[[77.1321887,28.6732155],[77.1319786,28.6731615],[77.1320044,28.6730842],[77.1322145,28.6731382],[77.1321887,28.6732155]]]},"properties":{"sources":[{"property":"","dataset":"OpenStreetMap","license":"ODbL-1.0","record_id":"w350064928@1","update_time":"2015-05-30T11:09:44.000Z","confidence":null,"between":null}],"is_underground":false,"has_parts":false,"version":1}},
{"id":"4fdbacc6-8d4d-48c1-9c09-2eb6e96f35e9","type":"Feature","geometry":{"type":"Polygon","coordinates":[[[77.1320864,28.673404],[77.1318764,28.6732989],[77.131925,28.6732241],[77.1321351,28.6733292],[77.1320864,28.673404]]]},"properties":{"sources":[{"property":"","dataset":"OpenStreetMap","license":"ODbL-1.0","record_id":"w350064948@1","update_time":"2015-05-30T11:09:45.000Z","confidence":null,"between":null}],"is_underground":false,"has_parts":false,"version":1}},
{"id":"e9b09e3e-f20e-43c7-9f4a-af3ca3315749","type":"Feature","geometry":{"type":"Polygon","coordinates":[[[77.131963,28.6735497],[77.1318065,28.6734397],[77.1318522,28.6733896],[77.1320087,28.6734996],[77.131963,28.6735497]]]},"properties":{"sources":[{"property":"","dataset":"OpenStreetMap","license":"ODbL-1.0","record_id":"w350064899@1","update_time":"2015-05-30T11:09:42.000Z","confidence":null,"between":null}],"is_underground":false,"has_parts":false,"version":1}},
{"id":"1a1958bd-73c6-43cb-ba03-eb435347dab0","type":"Feature","geometry":{"type":"Polygon","coordinates":[[[77.1320121,28.6734761],[77.1318388,28.6733724],[77.1318851,28.673313],[77.1320688,28.6734013],[77.1320121,28.6734761]]]},"properties":{"sources":[{"property":"","dataset":"OpenStreetMap","license":"ODbL-1.0","record_id":"w350064844@1","update_time":"2015-05-30T11:09:40.000Z","confidence":null,"between":null}],"is_underground":false,"has_parts":false,"version":1}},
{"id":"0e512484-a645-4a45-a469-7c93014c48bb","type":"Feature","geometry":{"type":"Polygon","coordinates":[[[77.131894,28.6736367],[77.1317095,28.6735113],[77.1317666,28.6734466],[77.1319511,28.6735721],[77.131894,28.6736367]]]},"properties":{"sources":[{"property":"","dataset":"OpenStreetMap","license":"ODbL-1.0","record_id":"w350064865@1","update_time":"2015-05-30T11:09:41.000Z","confidence":null,"between":null}],"is_underground":false,"has_parts":false,"version":1}},
{"id":"66ec41d8-301e-41b2-bb42-c1bdad71916d","type":"Feature","geometry":{"type":"Polygon","coordinates":[[[77.1318325,28.6737114],[77.1316457,28.6735732],[77.1317049,28.6735116],[77.1318917,28.6736499],[77.1318325,28.6737114]]]},"properties":{"sources":[{"property":"","dataset":"OpenStreetMap","license":"ODbL-1.0","record_id":"w350064885@1","update_time":"2015-05-30T11:09:42.000Z","confidence":null,"between":null}],"is_underground":false,"has_parts":false,"version":1}},
{"id":"8c6af19f-c3f9-4297-85a7-acb59fe56aaa","type":"Feature","geometry":{"type":"Polygon","coordinates":[[[77.1316796,28.6734807],[77.1314634,28.6733408],[77.1315366,28.6732537],[77.1317529,28.6733936],[77.1316796,28.6734807]]]},"properties":{"sources":[{"property":"","dataset":"OpenStreetMap","license":"ODbL-1.0","record_id":"w350064918@1","update_time":"2015-05-30T11:09:43.000Z","confidence":null,"between":null}],"is_underground":false,"has_parts":false,"version":1}},
{"id":"b6872ab2-f190-4709-8e0c-9ed6e80fcd94","type":"Feature","geometry":{"type":"Polygon","coordinates":[[[77.1317865,28.6733793],[77.1315471,28.6732406],[77.1316233,28.6731393],[77.1318628,28.673278],[77.1317865,28.6733793]]]},"properties":{"sources":[{"property":"","dataset":"OpenStreetMap","license":"ODbL-1.0","record_id":"w350064945@1","update_time":"2015-05-30T11:09:44.000Z","confidence":null,"between":null}],"is_underground":false,"has_parts":false,"version":1}},
{"id":"7691b97f-9a83-42e0-9c53-95bf9f727e34","type":"Feature","geometry":{"type":"Polygon","coordinates":[[[77.131586,28.672798],[77.1316405,28.6727899],[77.1316563,28.6728724],[77.1316017,28.6728805],[77.131586,28.672798]]]},"properties":{"sources":[{"property":"","dataset":"Google Open Buildings","license":null,"record_id":"7JWVM4FJ+4JQH","update_time":"2023-05-01T00:00:00.000Z","confidence":0.8112,"between":null}],"is_underground":false,"has_parts":false,"version":1}},
{"id":"74e55c63-20ce-43c6-8faa-fb94210e8abc","type":"Feature","geometry":{"type":"Polygon","coordinates":[[[77.1317622,28.6728614],[77.1317416,28.6727249],[77.1320099,28.6727018],[77.132021,28.6728755],[77.1317622,28.6728614]]]},"properties":{"sources":[{"property":"","dataset":"OpenStreetMap","license":"ODbL-1.0","record_id":"w350064825@1","update_time":"2015-05-30T11:09:39.000Z","confidence":null,"between":null}],"is_underground":false,"has_parts":false,"version":1}},
{"id":"e47b3307-7975-4fd1-b650-e09c49252ed4","type":"Feature","geometry":{"type":"Polygon","coordinates":[[[77.1320185,28.6726864],[77.131719,28.6727205],[77.131693,28.6725446],[77.1319924,28.6725105],[77.1320185,28.6726864]]]},"properties":{"sources":[{"property":"","dataset":"OpenStreetMap","license":"ODbL-1.0","record_id":"w350044972@1","update_time":"2015-05-30T11:09:47.000Z","confidence":null,"between":null}],"is_underground":false,"has_parts":false,"version":1}},
{"id":"1f864cc9-508a-4000-887b-94cbb302945a","type":"Feature","geometry":{"type":"Polygon","coordinates":[[[77.1322359,28.673127],[77.1320206,28.673081],[77.1320525,28.6729657],[77.1322678,28.6730116],[77.1322359,28.673127]]]},"properties":{"sources":[{"property":"","dataset":"OpenStreetMap","license":"ODbL-1.0","record_id":"w350064866@1","update_time":"2015-05-30T11:09:41.000Z","confidence":null,"between":null}],"is_underground":false,"has_parts":false,"version":1}},
{"id":"53faf23c-71bd-4284-b36f-80b68b724363","type":"Feature","geometry":{"type":"Polygon","coordinates":[[[77.1322421,28.6728634],[77.1320627,28.6728748],[77.1320469,28.6726825],[77.1322263,28.6726712],[77.1322421,28.6728634]]]},"properties":{"sources":[{"property":"","dataset":"OpenStreetMap","license":"ODbL-1.0","record_id":"w350064883@1","update_time":"2015-05-30T11:09:41.000Z","confidence":null,"between":null}],"is_underground":false,"has_parts":false,"version":1}},
{"id":"f9ce8108-989a-4fa8-8cbb-4689142a9453","type":"Feature","geometry":{"type":"Polygon","coordinates":[[[77.1323297,28.6717936],[77.1321144,28.6718183],[77.1320851,28.6716215],[77.1323005,28.6715969],[77.1323297,28.6717936]]]},"properties":{"sources":[{"property":"","dataset":"OpenStreetMap","license":"ODbL-1.0","record_id":"w350001992@1","update_time":"2015-05-30T06:59:15.000Z","confidence":null,"between":null}],"is_underground":false,"has_parts":false,"version":1}},
{"id":"1452c0eb-7b83-45c3-bd63-5c8720c0962d","type":"Feature","geometry":{"type":"Polygon","coordinates":[[[77.1321037,28.6718227],[77.1318788,28.6718484],[77.1318479,28.6716408],[77.1320729,28.6716151],[77.1321037,28.6718227]]]},"properties":{"sources":[{"property":"","dataset":"OpenStreetMap","license":"ODbL-1.0","record_id":"w350002011@1","update_time":"2015-05-30T06:59:16.000Z","confidence":null,"between":null}],"is_underground":false,"has_parts":false,"version":1}},
{"id":"b7ff7af6-a123-4267-80e3-efbd77188e29","type":"Feature","geometry":{"type":"Polygon","coordinates":[[[77.1317322,28.6716519],[77.1317875,28.6716532],[77.1317856,28.6717167],[77.1317303,28.6717153],[77.1317322,28.6716519]]]},"properties":{"sources":[{"property":"","dataset":"Microsoft ML Buildings","license":"ODbL-1.0","record_id":null,"update_time":"2021-07-25T00:00:00.000Z","confidence":null,"between":null}],"is_underground":false,"has_parts":false,"version":3}},
{"id":"73f9902d-fa34-4b67-828a-e5b6058eb010","type":"Feature","geometry":{"type":"Polygon","coordinates":[[[77.1318498,28.6715167],[77.131486,28.6715583],[77.1314599,28.6713829],[77.1318237,28.6713413],[77.1318498,28.6715167]]]},"properties":{"sources":[{"property":"","dataset":"OpenStreetMap","license":"ODbL-1.0","record_id":"w350001997@1","update_time":"2015-05-30T06:59:15.000Z","confidence":null,"between":null}],"is_underground":false,"has_parts":false,"version":1}},
{"id":"50a734f9-d47f-4f03-a97e-3514bc3e3db4","type":"Feature","geometry":{"type":"Polygon","coordinates":[[[77.1317131,28.6716159],[77.1317273,28.6717393],[77.1315202,28.6717576],[77.131506,28.6716342],[77.1317131,28.6716159]]]},"properties":{"sources":[{"property":"","dataset":"Microsoft ML Buildings","license":"ODbL-1.0","record_id":null,"update_time":"2021-07-25T00:00:00.000Z","confidence":null,"between":null}],"is_underground":false,"has_parts":false,"version":3}},
{"id":"f32af505-191f-4fb9-aaa5-92793e277de1","type":"Feature","geometry":{"type":"Polygon","coordinates":[[[77.131879,28.67191],[77.1315661,28.6719724],[77.1315246,28.6718123],[77.1318375,28.6717498],[77.131879,28.67191]]]},"properties":{"sources":[{"property":"","dataset":"OpenStreetMap","license":"ODbL-1.0","record_id":"w350002113@1","update_time":"2015-05-30T06:59:21.000Z","confidence":null,"between":null}],"is_underground":false,"has_parts":false,"version":1}},
{"id":"31db6a60-d07d-481f-9217-5f63a2bffb73","type":"Feature","geometry":{"type":"Polygon","coordinates":[[[77.1319151,28.67202],[77.1315808,28.6720695],[77.1315652,28.6719884],[77.1318995,28.6719388],[77.1319151,28.67202]]]},"properties":{"sources":[{"property":"","dataset":"OpenStreetMap","license":"ODbL-1.0","record_id":"w350002057@1","update_time":"2015-05-30T06:59:18.000Z","confidence":null,"between":null}],"is_underground":false,"has_parts":false,"version":1}},
{"id":"d058766e-17b8-44f6-9bed-22cd6fc2a13e","type":"Feature","geometry":{"type":"Polygon","coordinates":[[[77.1319852,28.6721228],[77.1315867,28.6721915],[77.1315627,28.6720845],[77.1319612,28.6720158],[77.1319852,28.6721228]]]},"properties":{"sources":[{"property":"","dataset":"OpenStreetMap","license":"ODbL-1.0","record_id":"w350045279@1","update_time":"2015-05-30T09:47:17.000Z","confidence":null,"between":null}],"is_underground":false,"has_parts":false,"version":1}},
{"id":"737ad8ff-e0f3-4009-b948-8c84a5178785","type":"Feature","geometry":{"type":"Polygon","coordinates":[[[77.1321889,28.6723868],[77.1316502,28.6724968],[77.1315786,28.6722268],[77.1321173,28.6721168],[77.1321889,28.6723868]]]},"properties":{"sources":[{"property":"","dataset":"OpenStreetMap","license":"ODbL-1.0","record_id":"w350045236@1","update_time":"2015-05-30T09:47:15.000Z","confidence":null,"between":null}],"is_underground":false,"has_parts":false,"version":1}},
{"id":"7eb5df1a-3409-49b9-84e0-145ab263883a","type":"Feature","geometry":{"type":"Polygon","coordinates":[[[77.1315783,28.672591100000002],[77.1310655,28.6726843],[77.1310118,28.6724566],[77.1315246,28.6723635],[77.1315783,28.672591100000002]]]},"properties":{"sources":[{"property":"","dataset":"OpenStreetMap","license":"ODbL-1.0","record_id":"w350045028@1","update_time":"2015-05-30T09:47:03.000Z","confidence":null,"between":null}],"is_underground":false,"has_parts":false,"version":1}},
{"id":"3ef7e1c9-3ac1-45f4-a008-b8561c701d20","type":"Feature","geometry":{"type":"Polygon","coordinates":[[[77.131511,28.6723509],[77.1312354,28.6723994],[77.1312091,28.6722845],[77.1314847,28.672236],[77.131511,28.6723509]]]},"properties":{"sources":[{"property":"","dataset":"OpenStreetMap","license":"ODbL-1.0","record_id":"w350045114@1","update_time":"2015-05-30T09:47:08.000Z","confidence":null,"between":null}],"is_underground":false,"has_parts":false,"version":1}},
{"id":"b3b4cd5f-2d61-47fe-89e8-8c0eb59cf771","type":"Feature","geometry":{"type":"Polygon","coordinates":[[[77.1314091,28.6720747],[77.1311798,28.6721004],[77.1311623,28.6719802],[77.1313915,28.6719544],[77.1314091,28.6720747]]]},"properties":{"sources":[{"property":"","dataset":"OpenStreetMap","license":"ODbL-1.0","record_id":"w350002065@1","update_time":"2015-05-30T06:59:19.000Z","confidence":null,"between":null}],"is_underground":false,"has_parts":false,"version":1}},
{"id":"803def78-315b-42df-86c3-b258d5b04c03","type":"Feature","geometry":{"type":"Polygon","coordinates":[[[77.131392,28.6714759],[77.1313897,28.6714124],[77.1314513,28.6714106],[77.1314537,28.6714741],[77.131392,28.6714759]]]},"properties":{"sources":[{"property":"","dataset":"Microsoft ML Buildings","license":"ODbL-1.0","record_id":null,"update_time":"2021-07-25T00:00:00.000Z","confidence":null,"between":null}],"is_underground":false,"has_parts":false,"version":3}},
{"id":"daba9dba-33d7-4972-9bf1-d4594485e9e6","type":"Feature","geometry":{"type":"Polygon","coordinates":[[[77.1313831,28.6719419],[77.1311471,28.6719696],[77.1311306,28.6718621],[77.1313667,28.6718343],[77.1313831,28.6719419]]]},"properties":{"sources":[{"property":"","dataset":"OpenStreetMap","license":"ODbL-1.0","record_id":"w350002153@1","update_time":"2015-05-30T06:59:23.000Z","confidence":null,"between":null}],"is_underground":false,"has_parts":false,"version":1}},
{"id":"7f01aafc-4197-4611-bdb1-4af5aa6f4a95","type":"Feature","geometry":{"type":"Polygon","coordinates":[[[77.131347,28.67182],[77.131103,28.6718428],[77.1310897,28.6717332],[77.1313337,28.6717104],[77.131347,28.67182]]]},"properties":{"sources":[{"property":"","dataset":"OpenStreetMap","license":"ODbL-1.0","record_id":"w350002117@1","update_time":"2015-05-30T06:59:21.000Z","confidence":null,"between":null}],"is_underground":false,"has_parts":false,"version":1}},
{"id":"9c103d42-6bef-4f73-ad25-2aeec1957464","type":"Feature","geometry":{"type":"Polygon","coordinates":[[[77.1313413,28.6716981],[77.1310556,28.6717269],[77.1310314,28.6715422],[77.1313172,28.6715134],[77.1313413,28.6716981]]]},"properties":{"sources":[{"property":"","dataset":"OpenStreetMap","license":"ODbL-1.0","record_id":"w350001998@1","update_time":"2015-05-30T06:59:15.000Z","confidence":null,"between":null}],"is_underground":false,"has_parts":false,"version":1}},
{"id":"71a581ef-6465-4156-bc26-9617cfa9e285","type":"Feature","geometry":{"type":"Polygon","coordinates":[[[77.1310757,28.6718135],[77.1308817,28.6718352],[77.1308713,28.6717642],[77.1310654,28.6717425],[77.1310757,28.6718135]]]},"properties":{"sources":[{"property":"","dataset":"OpenStreetMap","license":"ODbL-1.0","record_id":"w350002060@1","update_time":"2015-05-30T06:59:18.000Z","confidence":null,"between":null}],"is_underground":false,"has_parts":false,"version":1}},
{"id":"221b8367-0080-45df-b2a5-2628857de75b","type":"Feature","geometry":{"type":"Polygon","coordinates":[[[77.1311045,28.6719179],[77.1308928,28.6719368],[77.1308821,28.6718441],[77.1310937,28.6718252],[77.1311045,28.6719179]]]},"properties":{"sources":[{"property":"","dataset":"OpenStreetMap","license":"ODbL-1.0","record_id":"w350002027@1","update_time":"2015-05-30T06:59:17.000Z","confidence":null,"between":null}],"is_underground":false,"has_parts":false,"version":1}},
{"id":"ec79f3a3-26e9-4200-a9fc-5d0550b197f7","type":"Feature","geometry":{"type":"Polygon","coordinates":[[[77.131173,28.6721153],[77.1309505,28.672146],[77.1309325,28.6720455],[77.131155,28.6720148],[77.131173,28.6721153]]]},"properties":{"sources":[{"property":"","dataset":"OpenStreetMap","license":"ODbL-1.0","record_id":"w350002013@1","update_time":"2015-05-30T06:59:16.000Z","confidence":null,"between":null}],"is_underground":false,"has_parts":false,"version":1}},
{"id":"3bf9021f-6100-4c09-8da9-2f413dbd7cc1","type":"Feature","geometry":{"type":"Polygon","coordinates":[[[77.131197,28.6724084],[77.1310129,28.6724421],[77.1309882,28.6723381],[77.1311723,28.6723044],[77.131197,28.6724084]]]},"properties":{"sources":[{"property":"","dataset":"OpenStreetMap","license":"ODbL-1.0","record_id":"w350044999@1","update_time":"2015-05-30T09:47:01.000Z","confidence":null,"between":null}],"is_underground":false,"has_parts":false,"version":1}},
{"id":"ab03d8de-3bc1-4972-85ab-56c03047ff7e","type":"Feature","geometry":{"type":"Polygon","coordinates":[[[77.1312075,28.6730654],[77.1309991,28.6729878],[77.1310479,28.672887],[77.1312563,28.6729646],[77.1312075,28.6730654]]]},"properties":{"sources":[{"property":"","dataset":"OpenStreetMap","license":"ODbL-1.0","record_id":"w350501497@1","update_time":"2015-06-01T05:14:52.000Z","confidence":null,"between":null}],"is_underground":false,"has_parts":false,"version":1}},
{"id":"eb67a873-060f-4f63-b8d0-01d5d8d6d65a","type":"Feature","geometry":{"type":"Polygon","coordinates":[[[77.1310774,28.6728621],[77.1310535,28.6726948],[77.1315661,28.6726143],[77.1316019,28.6727247],[77.1312666,28.6727735],[77.1312762,28.6728403],[77.1310774,28.6728621]]]},"properties":{"sources":[{"property":"","dataset":"OpenStreetMap","license":"ODbL-1.0","record_id":"w350045299@1","update_time":"2015-05-30T09:47:19.000Z","confidence":null,"between":null}],"is_underground":false,"has_parts":false,"version":1}},
{"id":"101dff2d-20e5-40dd-9b6e-0d35799db08f","type":"Feature","geometry":{"type":"Polygon","coordinates":[[[77.131509,28.6731313],[77.1312733,28.6730424],[77.1313253,28.6729364],[77.1315587,28.6730134],[77.131509,28.6731313]]]},"properties":{"sources":[{"property":"","dataset":"OpenStreetMap","license":"ODbL-1.0","record_id":"w350045110@1","update_time":"2015-05-30T09:47:07.000Z","confidence":null,"between":null}],"is_underground":false,"has_parts":false,"version":1}},
{"id":"7abe0e95-3e6d-4b76-b558-9b35f4a56a57","type":"Feature","geometry":{"type":"Polygon","coordinates":[[[77.1312158,28.6731217],[77.1312726,28.6730471],[77.1314607,28.6731574],[77.1314039,28.673232],[77.1312158,28.6731217]]]},"properties":{"sources":[{"property":"","dataset":"OpenStreetMap","license":"ODbL-1.0","record_id":"w350045215@1","update_time":"2015-05-30T09:47:13.000Z","confidence":null,"between":null}],"is_underground":false,"has_parts":false,"version":1}},
{"id":"7044740d-f31c-4c43-ae8c-d031f18d8394","type":"Feature","geometry":{"type":"Polygon","coordinates":[[[77.131329,28.6733493],[77.1311297,28.6732059],[77.1312107,28.6731192],[77.13141,28.6732626],[77.131329,28.6733493]]]},"properties":{"sources":[{"property":"","dataset":"OpenStreetMap","license":"ODbL-1.0","record_id":"w350045139@1","update_time":"2015-05-30T09:47:09.000Z","confidence":null,"between":null}],"is_underground":false,"has_parts":false,"version":1}},
{"id":"955b6e84-bb49-416c-8adc-747c6c561b00","type":"Feature","geometry":{"type":"Polygon","coordinates":[[[77.1316477,28.6735189],[77.131593,28.6735669],[77.1314919,28.6734783],[77.1314676,28.6734997],[77.1314129,28.6734517],[77.1314919,28.6733823],[77.1316477,28.6735189]]]},"properties":{"sources":[{"property":"","dataset":"OpenStreetMap","license":"ODbL-1.0","record_id":"w350064973@1","update_time":"2015-05-30T11:09:46.000Z","confidence":null,"between":null}],"is_underground":false,"has_parts":false,"version":1}},
{"id":"1d747263-d3b8-4f9d-94b8-080d69dea15a","type":"Feature","geometry":{"type":"Polygon","coordinates":[[[77.1315823,28.6736567],[77.1314545,28.6737295],[77.131328,28.6735234],[77.1314163,28.6734813],[77.1315823,28.6736567]]]},"properties":{"sources":[{"property":"","dataset":"OpenStreetMap","license":"ODbL-1.0","record_id":"w350501456@1","update_time":"2015-06-01T05:14:50.000Z","confidence":null,"between":null}],"is_underground":false,"has_parts":false,"version":1}},
{"id":"6ff786fe-4c1e-4d85-8010-6f7a7eabe6c4","type":"Feature","geometry":{"type":"Polygon","coordinates":[[[77.1312786,28.6733976],[77.131196,28.6734655],[77.1310593,28.6732683],[77.131116,28.6732302],[77.1312786,28.6733976]]]},"properties":{"sources":[{"property":"","dataset":"OpenStreetMap","license":"ODbL-1.0","record_id":"w350501402@1","update_time":"2015-06-01T05:14:47.000Z","confidence":null,"between":null}],"is_underground":false,"has_parts":false,"version":1}},
{"id":"e8336a65-abe3-4446-8bd2-a34ea61bc084","type":"Feature","geometry":{"type":"Polygon","coordinates":[[[77.1309459,28.673016],[77.130999,28.6730113],[77.1310092,28.6730998],[77.1310703,28.6730943],[77.1310816,28.6731922],[77.1309674,28.6732023],[77.1309459,28.673016]]]},"properties":{"sources":[{"property":"","dataset":"Microsoft ML Buildings","license":"ODbL-1.0","record_id":null,"update_time":"2021-07-25T00:00:00.000Z","confidence":null,"between":null}],"is_underground":false,"has_parts":false,"version":3}},
{"id":"ec5d8418-b8bf-4954-8550-19a6e7d08f3e","type":"Feature","geometry":{"type":"Polygon","coordinates":[[[77.1311679,28.6734511],[77.131039,28.6734982],[77.1310051,28.6732971],[77.1310629,28.6732896],[77.1311679,28.6734511]]]},"properties":{"sources":[{"property":"","dataset":"OpenStreetMap","license":"ODbL-1.0","record_id":"w350501414@1","update_time":"2015-06-01T05:14:48.000Z","confidence":null,"between":null}],"is_underground":false,"has_parts":false,"version":1}},
{"id":"2e17cd05-6452-40d5-8819-e27f4819070f","type":"Feature","geometry":{"type":"Polygon","coordinates":[[[77.1311173,28.6734767],[77.1311258,28.673511],[77.1310908,28.6735178],[77.1310823,28.6734834],[77.1311173,28.6734767]]]},"properties":{"sources":[{"property":"","dataset":"Google Open Buildings","license":null,"record_id":"7JWVM4FJ+9CXV","update_time":"2023-05-01T00:00:00.000Z","confidence":0.6867,"between":null}],"is_underground":false,"has_parts":false,"version":1}},
{"id":"c3013c86-9c3f-49ff-8498-870e86b670d0","type":"Feature","geometry":{"type":"Polygon","coordinates":[[[77.130684,28.6736173],[77.1306473,28.6735238],[77.1308885,28.6734509],[77.1309252,28.6735444],[77.130684,28.6736173]]]},"properties":{"sources":[{"property":"","dataset":"OpenStreetMap","license":"ODbL-1.0","record_id":"w350501293@1","update_time":"2015-06-01T05:14:42.000Z","confidence":null,"between":null}],"is_underground":false,"has_parts":false,"version":1}},
{"id":"5c8e9bb5-ffe2-4710-b973-cc15cc251f43","type":"Feature","geometry":{"type":"Polygon","coordinates":[[[77.1306488,28.6734733],[77.1306018,28.6733465],[77.1308222,28.6732835],[77.1308692,28.6734103],[77.1306488,28.6734733]]]},"properties":{"sources":[{"property":"","dataset":"OpenStreetMap","license":"ODbL-1.0","record_id":"w350501387@1","update_time":"2015-06-01T05:14:47.000Z","confidence":null,"between":null}],"is_underground":false,"has_parts":false,"version":1}},
{"id":"c52cc300-241a-4190-b6a3-fd5fe3fb0db7","type":"Feature","geometry":{"type":"Polygon","coordinates":[[[77.1308057,28.6732726],[77.1305818,28.673333],[77.1305287,28.6731814],[77.1307526,28.673121],[77.1308057,28.6732726]]]},"properties":{"sources":[{"property":"","dataset":"OpenStreetMap","license":"ODbL-1.0","record_id":"w350501420@1","update_time":"2015-06-01T05:14:48.000Z","confidence":null,"between":null}],"is_underground":false,"has_parts":false,"version":1}},
{"id":"e55216eb-dc17-4bff-b394-161325bf37cf","type":"Feature","geometry":{"type":"Polygon","coordinates":[[[77.1309069,28.6729162],[77.1307541,28.6729621],[77.1307067,28.6728405],[77.1308595,28.6727946],[77.1309069,28.6729162]]]},"properties":{"sources":[{"property":"","dataset":"OpenStreetMap","license":"ODbL-1.0","record_id":"w350045180@1","update_time":"2015-05-30T09:47:11.000Z","confidence":null,"between":null}],"is_underground":false,"has_parts":false,"version":1}},
{"id":"7de01dc3-43d5-4c4f-82b1-abf21b29cc90","type":"Feature","geometry":{"type":"Polygon","coordinates":[[[77.1309337,28.6727412],[77.130695,28.6728128],[77.130644,28.672681999999998],[77.1308827,28.6726103],[77.1309337,28.6727412]]]},"properties":{"sources":[{"property":"","dataset":"OpenStreetMap","license":"ODbL-1.0","record_id":"w350045256@1","update_time":"2015-05-30T09:47:16.000Z","confidence":null,"between":null}],"is_underground":false,"has_parts":false,"version":1}},
{"id":"0c8f0b58-9b26-4346-802c-7344b4ab2e07","type":"Feature","geometry":{"type":"Polygon","coordinates":[[[77.1306889,28.6728785],[77.1307269,28.6729835],[77.1305953,28.6730205],[77.1305647,28.6729357],[77.1306569,28.6729098],[77.1306496,28.6728896],[77.1306889,28.6728785]]]},"properties":{"sources":[{"property":"","dataset":"Google Open Buildings","license":null,"record_id":"7JWVM4FJ+57J8","update_time":"2023-05-01T00:00:00.000Z","confidence":0.7049,"between":null}],"is_underground":false,"has_parts":false,"version":1}},
{"id":"61798bf2-e299-43ca-8b37-c2b10912acb0","type":"Feature","geometry":{"type":"Polygon","coordinates":[[[77.1306229,28.6726958],[77.1306427,28.6727506],[77.1305111,28.6727876],[77.1304913,28.6727328],[77.1306229,28.6726958]]]},"properties":{"sources":[{"property":"","dataset":"Google Open Buildings","license":null,"record_id":"7JWVM4FJ+36WJ","update_time":"2023-05-01T00:00:00.000Z","confidence":0.8551,"between":null}],"is_underground":false,"has_parts":false,"version":1}},
{"id":"9d2f9ae7-5cb3-4dbf-af7c-2db58605c8d3","type":"Feature","geometry":{"type":"Polygon","coordinates":[[[77.1307108,28.6726381],[77.1305586,28.6726838],[77.1304682,28.6724518],[77.1306204,28.6724062],[77.1307108,28.6726381]]]},"properties":{"sources":[{"property":"","dataset":"OpenStreetMap","license":"ODbL-1.0","record_id":"w350045232@1","update_time":"2015-05-30T09:47:14.000Z","confidence":null,"between":null}],"is_underground":false,"has_parts":false,"version":1}},
{"id":"6a0bf12e-15c9-4f99-8a2d-12263e618cd7","type":"Feature","geometry":{"type":"Polygon","coordinates":[[[77.13054,28.6726689],[77.1304613,28.6726925],[77.1303906,28.672511],[77.1304692,28.6724874],[77.13054,28.6726689]]]},"properties":{"sources":[{"property":"","dataset":"OpenStreetMap","license":"ODbL-1.0","record_id":"w350045056@1","update_time":"2015-05-30T09:47:04.000Z","confidence":null,"between":null}],"is_underground":false,"has_parts":false,"version":1}},
{"id":"f556e62d-b1b0-4032-a8cb-c237eb85cba5","type":"Feature","geometry":{"type":"Polygon","coordinates":[[[77.1304529,28.6727064],[77.13038,28.6727282],[77.130297,28.6725152],[77.1303698,28.6724934],[77.1304529,28.6727064]]]},"properties":{"sources":[{"property":"","dataset":"OpenStreetMap","license":"ODbL-1.0","record_id":"w350045167@1","update_time":"2015-05-30T09:47:11.000Z","confidence":null,"between":null}],"is_underground":false,"has_parts":false,"version":1}},
{"id":"443cfe73-cbf7-423e-ab40-fc443f190e33","type":"Feature","geometry":{"type":"Polygon","coordinates":[[[77.1303904,28.6728708],[77.1304175,28.672939],[77.1302779,28.6729822],[77.1302508,28.672914],[77.1303904,28.6728708]]]},"properties":{"sources":[{"property":"","dataset":"Google Open Buildings","license":null,"record_id":"7JWVM4FJ+54G4","update_time":"2023-05-01T00:00:00.000Z","confidence":0.8786,"between":null}],"is_underground":false,"has_parts":false,"version":1}},
{"id":"2137e085-10a7-4d18-93af-e40e35d64c93","type":"Feature","geometry":{"type":"Polygon","coordinates":[[[77.1304936,28.6729812],[77.1305147,28.673044],[77.1304208,28.6730686],[77.1303996,28.6730059],[77.1304936,28.6729812]]]},"properties":{"sources":[{"property":"","dataset":"Google Open Buildings","license":null,"record_id":"7JWVM4FJ+654W","update_time":"2023-05-01T00:00:00.000Z","confidence":0.7927,"between":null}],"is_underground":false,"has_parts":false,"version":1}},
{"id":"fb5e5d60-51e7-4ef3-847f-8af71b2ed5e2","type":"Feature","geometry":{"type":"Polygon","coordinates":[[[77.1303695,28.6733012],[77.1303893,28.6733594],[77.1303195,28.6733778],[77.1302997,28.6733197],[77.1303695,28.6733012]]]},"properties":{"sources":[{"property":"","dataset":"Google Open Buildings","license":null,"record_id":"7JWVM4FJ+84QC","update_time":"2023-05-01T00:00:00.000Z","confidence":0.8461,"between":null}],"is_underground":false,"has_parts":false,"version":1}},
{"id":"2e8eee52-056b-4657-b522-74a2fca01b18","type":"Feature","geometry":{"type":"Polygon","coordinates":[[[77.1303494,28.6732363],[77.1304208,28.6732186],[77.1304349,28.6732631],[77.1303636,28.6732808],[77.1303494,28.6732363]]]},"properties":{"sources":[{"property":"","dataset":"Google Open Buildings","license":null,"record_id":"7JWVM4FJ+75RW","update_time":"2023-05-01T00:00:00.000Z","confidence":0.8275,"between":null}],"is_underground":false,"has_parts":false,"version":1}},
{"id":"e0e46700-c5d8-40f7-8312-50c6dc2b83c7","type":"Feature","geometry":{"type":"Polygon","coordinates":[[[77.1305553,28.6733933],[77.1304204,28.6734208],[77.1303844,28.6732848],[77.1305193,28.6732574],[77.1305553,28.6733933]]]},"properties":{"sources":[{"property":"","dataset":"OpenStreetMap","license":"ODbL-1.0","record_id":"w350501501@1","update_time":"2015-06-01T05:14:53.000Z","confidence":null,"between":null}],"is_underground":false,"has_parts":false,"version":1}},
{"id":"e312e93d-47d3-4595-8e31-6e26e05c4d9b","type":"Feature","geometry":{"type":"Polygon","coordinates":[[[77.1305156,28.6730705],[77.1305337,28.6731205],[77.1304393,28.6731471],[77.1304213,28.673097],[77.1305156,28.6730705]]]},"properties":{"sources":[{"property":"","dataset":"Google Open Buildings","license":null,"record_id":"7JWVM4FJ+65X7","update_time":"2023-05-01T00:00:00.000Z","confidence":0.7143,"between":null}],"is_underground":false,"has_parts":false,"version":1}},
{"id":"d0d20f7a-7f9d-4421-bf00-8f02e1206ae7","type":"Feature","geometry":{"type":"Polygon","coordinates":[[[77.1304588,28.6735104],[77.1304312,28.6734353],[77.1305661,28.6733971],[77.1305937,28.6734723],[77.1304588,28.6735104]]]},"properties":{"sources":[{"property":"","dataset":"OpenStreetMap","license":"ODbL-1.0","record_id":"w350501472@1","update_time":"2015-06-01T05:14:51.000Z","confidence":null,"between":null}],"is_underground":false,"has_parts":false,"version":1}},
{"id":"cc3c8bd3-2ba1-4a51-bd77-ca6d1bb952b7","type":"Feature","geometry":{"type":"Polygon","coordinates":[[[77.1306374,28.6736251],[77.1305086,28.6736557],[77.1304823,28.6735703],[77.1306111,28.6735397],[77.1306374,28.6736251]]]},"properties":{"sources":[{"property":"","dataset":"OpenStreetMap","license":"ODbL-1.0","record_id":"w350501319@1","update_time":"2015-06-01T05:14:43.000Z","confidence":null,"between":null}],"is_underground":false,"has_parts":false,"version":1}},
{"id":"e8d89d01-640b-4d10-b876-5369895bc335","type":"Feature","geometry":{"type":"Polygon","coordinates":[[[77.1305008,28.6736618],[77.1304144,28.673683],[77.1303824,28.6735828],[77.1304689,28.6735616],[77.1305008,28.6736618]]]},"properties":{"sources":[{"property":"","dataset":"OpenStreetMap","license":"ODbL-1.0","record_id":"w350501260@1","update_time":"2015-06-01T05:14:40.000Z","confidence":null,"between":null}],"is_underground":false,"has_parts":false,"version":1}},
{"id":"1050a85f-5d5d-4184-bcc7-3f3deb0edf08","type":"Feature","geometry":{"type":"Polygon","coordinates":[[[77.1303893,28.6733594],[77.1304092,28.6734181],[77.1303554,28.6734323],[77.1303355,28.6733736],[77.1303893,28.6733594]]]},"properties":{"sources":[{"property":"","dataset":"Google Open Buildings","license":null,"record_id":"7JWVM4FJ+945X","update_time":"2023-05-01T00:00:00.000Z","confidence":0.7216,"between":null}],"is_underground":false,"has_parts":false,"version":1}},
{"id":"2caae618-7158-4ff5-99fc-5e09507bb56a","type":"Feature","geometry":{"type":"Polygon","coordinates":[[[77.1302572,28.6731097],[77.1301409,28.6731488],[77.1301132,28.6730854],[77.1302295,28.6730463],[77.1302572,28.6731097]]]},"properties":{"sources":[{"property":"","dataset":"OpenStreetMap","license":"ODbL-1.0","record_id":"w350501248@1","update_time":"2015-06-01T05:14:40.000Z","confidence":null,"between":null}],"is_underground":false,"has_parts":false,"version":1}},
{"id":"55890f4d-5a08-4190-8b97-c51f72f1a887","type":"Feature","geometry":{"type":"Polygon","coordinates":[[[77.1302935,28.6732035],[77.1301487,28.6732566],[77.1301087,28.6731725],[77.1302535,28.6731195],[77.1302935,28.6732035]]]},"properties":{"sources":[{"property":"","dataset":"OpenStreetMap","license":"ODbL-1.0","record_id":"w350501347@1","update_time":"2015-06-01T05:14:45.000Z","confidence":null,"between":null}],"is_underground":false,"has_parts":false,"version":1}},
{"id":"ace9504e-e6ff-4644-a66a-d093e1537c36","type":"Feature","geometry":{"type":"Polygon","coordinates":[[[77.1299977,28.6734499],[77.130045,28.6734695],[77.1300235,28.67351],[77.1299761,28.6734905],[77.1299977,28.6734499]]]},"properties":{"sources":[{"property":"","dataset":"Google Open Buildings","license":null,"record_id":"7JWVM4FJ+92R3","update_time":"2023-05-01T00:00:00.000Z","confidence":0.8212,"between":null}],"is_underground":false,"has_parts":false,"version":1}},
{"id":"259d9854-3abf-4894-aef7-b7df8f389a0d","type":"Feature","geometry":{"type":"Polygon","coordinates":[[[77.1300915,28.673384],[77.130049,28.6734343],[77.1300194,28.6734149],[77.130062,28.6733646],[77.1300915,28.673384]]]},"properties":{"sources":[{"property":"","dataset":"Google Open Buildings","license":null,"record_id":"7JWVM4FJ+923X","update_time":"2023-05-01T00:00:00.000Z","confidence":0.7578,"between":null}],"is_underground":false,"has_parts":false,"version":1}},
{"id":"5ec9245a-ccbd-43c5-89ed-5f52488f229f","type":"Feature","geometry":{"type":"Polygon","coordinates":[[[77.1300892,28.6733887],[77.1301545,28.6734355],[77.1301118,28.6734827],[77.130046,28.6734364],[77.1300892,28.6733887]]]},"properties":{"sources":[{"property":"","dataset":"Google Open Buildings","license":null,"record_id":"7JWVM4FJ+92HC","update_time":"2023-05-01T00:00:00.000Z","confidence":0.8236,"between":null}],"is_underground":false,"has_parts":false,"version":1}},
{"id":"61587c9c-5178-4db0-b55d-0933de3bb55c","type":"Feature","geometry":{"type":"Polygon","coordinates":[[[77.1298772,28.67358],[77.1299607,28.6735929],[77.1299561,28.6736162],[77.1298726,28.6736033],[77.1298772,28.67358]]]},"properties":{"sources":[{"property":"","dataset":"Google Open Buildings","license":null,"record_id":"7JWVM4FH+CXMV","update_time":"2023-05-01T00:00:00.000Z","confidence":0.6761,"between":null}],"is_underground":false,"has_parts":false,"version":1}},
{"id":"a6083aae-acaf-4d16-bb98-04631f3dbcfb","type":"Feature","geometry":{"type":"Polygon","coordinates":[[[77.1299085,28.6732505],[77.129732,28.6733002],[77.1296934,28.6731948],[77.1298699,28.6731451],[77.1299085,28.6732505]]]},"properties":{"sources":[{"property":"","dataset":"OpenStreetMap","license":"ODbL-1.0","record_id":"w350501270@1","update_time":"2015-06-01T05:14:41.000Z","confidence":null,"between":null}],"is_underground":false,"has_parts":false,"version":1}},
{"id":"689c06c8-b0b0-4e9a-88bd-bd52a7852287","type":"Feature","geometry":{"type":"Polygon","coordinates":[[[77.1298558,28.6731328],[77.1296825,28.6731839],[77.1296583,28.6731207],[77.1298316,28.6730695],[77.1298558,28.6731328]]]},"properties":{"sources":[{"property":"","dataset":"OpenStreetMap","license":"ODbL-1.0","record_id":"w350501372@1","update_time":"2015-06-01T05:14:46.000Z","confidence":null,"between":null}],"is_underground":false,"has_parts":false,"version":1}},
{"id":"ff74a5e6-3b2d-4e21-946c-a0d4c1ef4f27","type":"Feature","geometry":{"type":"Polygon","coordinates":[[[77.1299501,28.6733549],[77.1297847,28.6734074],[77.1297466,28.6733151],[77.1299119,28.6732626],[77.1299501,28.6733549]]]},"properties":{"sources":[{"property":"","dataset":"OpenStreetMap","license":"ODbL-1.0","record_id":"w350501514@1","update_time":"2015-06-01T05:14:53.000Z","confidence":null,"between":null}],"is_underground":false,"has_parts":false,"version":1}},
{"id":"87024531-ebf1-49fc-8a5e-0b8285fa4b11","type":"Feature","geometry":{"type":"Polygon","coordinates":[[[77.1300772,28.6732435],[77.1299411,28.673295],[77.1299174,28.6732469],[77.1300535,28.6731953],[77.1300772,28.6732435]]]},"properties":{"sources":[{"property":"","dataset":"OpenStreetMap","license":"ODbL-1.0","record_id":"w350501286@1","update_time":"2015-06-01T05:14:41.000Z","confidence":null,"between":null}],"is_underground":false,"has_parts":false,"version":1}},
{"id":"a65f65d9-7d29-4fd9-9c87-c5835b9165a5","type":"Feature","geometry":{"type":"Polygon","coordinates":[[[77.130054,28.673191],[77.1299236,28.6732366],[77.1298973,28.6731786],[77.1300277,28.673133],[77.130054,28.673191]]]},"properties":{"sources":[{"property":"","dataset":"OpenStreetMap","license":"ODbL-1.0","record_id":"w350501321@1","update_time":"2015-06-01T05:14:43.000Z","confidence":null,"between":null}],"is_underground":false,"has_parts":false,"version":1}},
{"id":"616ff298-bed6-4d0e-b479-5da25a6eb095","type":"Feature","geometry":{"type":"Polygon","coordinates":[[[77.1300345,28.6731189],[77.1298935,28.6731697],[77.1298677,28.6731147],[77.1300087,28.6730639],[77.1300345,28.6731189]]]},"properties":{"sources":[{"property":"","dataset":"OpenStreetMap","license":"ODbL-1.0","record_id":"w350501333@1","update_time":"2015-06-01T05:14:44.000Z","confidence":null,"between":null}],"is_underground":false,"has_parts":false,"version":1}},
{"id":"4ddc088f-7b2c-48ed-87f1-32da3ffcd63b","type":"Feature","geometry":{"type":"Polygon","coordinates":[[[77.1300101,28.6730607],[77.1298665,28.6731081],[77.129789,28.6729274],[77.1299327,28.67288],[77.1300101,28.6730607]]]},"properties":{"sources":[{"property":"","dataset":"OpenStreetMap","license":"ODbL-1.0","record_id":"w350501299@1","update_time":"2015-06-01T05:14:42.000Z","confidence":null,"between":null}],"is_underground":false,"has_parts":false,"version":1}},
{"id":"931685c8-428d-4a9e-89d2-bd31beb8078e","type":"Feature","geometry":{"type":"Polygon","coordinates":[[[77.1298041,28.6730217],[77.1296276,28.6730764],[77.1295907,28.6729847],[77.1297672,28.67293],[77.1298041,28.6730217]]]},"properties":{"sources":[{"property":"","dataset":"OpenStreetMap","license":"ODbL-1.0","record_id":"w350501267@1","update_time":"2015-06-01T05:14:41.000Z","confidence":null,"between":null}],"is_underground":false,"has_parts":false,"version":1}},
{"id":"6f4115cb-b3e2-41d0-8e41-28255c18c442","type":"Feature","geometry":{"type":"Polygon","coordinates":[[[77.1299071,28.6728439],[77.1298335,28.6728675],[77.1297656,28.6727042],[77.1298392,28.6726807],[77.1299071,28.6728439]]]},"properties":{"sources":[{"property":"","dataset":"OpenStreetMap","license":"ODbL-1.0","record_id":"w350501432@1","update_time":"2015-06-01T05:14:49.000Z","confidence":null,"between":null}],"is_underground":false,"has_parts":false,"version":1}},
{"id":"16abf8d1-2543-4aba-987f-105a4a93a61b","type":"Feature","geometry":{"type":"Polygon","coordinates":[[[77.129814,28.6728408],[77.1297472,28.6728663],[77.1296918,28.6727543],[77.1297587,28.6727288],[77.129814,28.6728408]]]},"properties":{"sources":[{"property":"","dataset":"OpenStreetMap","license":"ODbL-1.0","record_id":"w350501396@1","update_time":"2015-06-01T05:14:47.000Z","confidence":null,"between":null}],"is_underground":false,"has_parts":false,"version":1}},
{"id":"207f3489-12db-4ac8-9366-5afaf8a98726","type":"Feature","geometry":{"type":"Polygon","coordinates":[[[77.1301852,28.6727872],[77.1301085,28.6728099],[77.1300343,28.6726165],[77.130111,28.6725938],[77.1301852,28.6727872]]]},"properties":{"sources":[{"property":"","dataset":"OpenStreetMap","license":"ODbL-1.0","record_id":"w350501505@1","update_time":"2015-06-01T05:14:53.000Z","confidence":null,"between":null}],"is_underground":false,"has_parts":false,"version":1}},
{"id":"93ba3f37-2f87-4470-81d3-13aa7c83741e","type":"Feature","geometry":{"type":"Polygon","coordinates":[[[77.1301905,28.6729692],[77.1300623,28.6730153],[77.1300405,28.6729686],[77.1301687,28.6729225],[77.1301905,28.6729692]]]},"properties":{"sources":[{"property":"","dataset":"OpenStreetMap","license":"ODbL-1.0","record_id":"w350501524@1","update_time":"2015-06-01T05:14:54.000Z","confidence":null,"between":null}],"is_underground":false,"has_parts":false,"version":1}},
{"id":"400a2f2a-b747-4a69-938d-644bfdd87427","type":"Feature","geometry":{"type":"Polygon","coordinates":[[[77.1302239,28.6730388],[77.1301127,28.673073],[77.1300905,28.6730175],[77.1302018,28.6729833],[77.1302239,28.6730388]]]},"properties":{"sources":[{"property":"","dataset":"OpenStreetMap","license":"ODbL-1.0","record_id":"w350501494@1","update_time":"2015-06-01T05:14:52.000Z","confidence":null,"between":null}],"is_underground":false,"has_parts":false,"version":1}},
{"id":"dd644602-eb74-4073-84ff-b043765a5dc3","type":"Feature","geometry":{"type":"Polygon","coordinates":[[[77.1301657,28.672909],[77.1300563,28.6729468],[77.1300266,28.6728808],[77.130136,28.6728429],[77.1301657,28.672909]]]},"properties":{"sources":[{"property":"","dataset":"OpenStreetMap","license":"ODbL-1.0","record_id":"w350501436@1","update_time":"2015-06-01T05:14:49.000Z","confidence":null,"between":null}],"is_underground":false,"has_parts":false,"version":1}},
{"id":"b185863e-59ec-4254-91aa-3caaba0e137b","type":"Feature","geometry":{"type":"Polygon","coordinates":[[[77.1302769,28.6727587],[77.1301972,28.672784],[77.1301074,28.6725657],[77.1301871,28.6725405],[77.1302769,28.6727587]]]},"properties":{"sources":[{"property":"","dataset":"OpenStreetMap","license":"ODbL-1.0","record_id":"w350501285@1","update_time":"2015-06-01T05:14:41.000Z","confidence":null,"between":null}],"is_underground":false,"has_parts":false,"version":1}},
{"id":"bbd581f4-7339-4d40-9bb5-1bbe804a530f","type":"Feature","geometry":{"type":"Polygon","coordinates":[[[77.13037,28.6727289],[77.1302863,28.672754],[77.1302003,28.6725334],[77.130284,28.6725082],[77.13037,28.6727289]]]},"properties":{"sources":[{"property":"","dataset":"OpenStreetMap","license":"ODbL-1.0","record_id":"w350045083@1","update_time":"2015-05-30T09:47:06.000Z","confidence":null,"between":null}],"is_underground":false,"has_parts":false,"version":1}},
{"id":"3ff35572-93a0-4f7e-a9e2-bcfdfd02f8d9","type":"Feature","geometry":{"type":"Polygon","coordinates":[[[77.1302328,28.6723987],[77.1301682,28.6724198],[77.13011,28.6722825],[77.1301746,28.6722615],[77.1302328,28.6723987]]]},"properties":{"sources":[{"property":"","dataset":"OpenStreetMap","license":"ODbL-1.0","record_id":"w350002045@1","update_time":"2015-05-30T06:59:18.000Z","confidence":null,"between":null}],"is_underground":false,"has_parts":false,"version":1}},
{"id":"c845bf70-6955-4831-b0df-3cf4c7db3238","type":"Feature","geometry":{"type":"Polygon","coordinates":[[[77.1303291,28.6723975],[77.1302544,28.6724207],[77.1301861,28.6722512],[77.1302608,28.672228],[77.1303291,28.6723975]]]},"properties":{"sources":[{"property":"","dataset":"OpenStreetMap","license":"ODbL-1.0","record_id":"w350002159@1","update_time":"2015-05-30T06:59:23.000Z","confidence":null,"between":null}],"is_underground":false,"has_parts":false,"version":1}},
{"id":"865e5c47-408f-4e75-8a97-e0de2f77fd7f","type":"Feature","geometry":{"type":"Polygon","coordinates":[[[77.1301548,28.6722218],[77.1299307,28.6722476],[77.1299095,28.672106],[77.1301336,28.6720802],[77.1301548,28.6722218]]]},"properties":{"sources":[{"property":"","dataset":"OpenStreetMap","license":"ODbL-1.0","record_id":"w350045115@1","update_time":"2015-05-30T09:47:08.000Z","confidence":null,"between":null}],"is_underground":false,"has_parts":false,"version":1}},
{"id":"db7977e5-59cf-4aa9-9285-6ba32abd2dd3","type":"Feature","geometry":{"type":"Polygon","coordinates":[[[77.130162,28.6724529],[77.1300083,28.6725039],[77.129918,28.6722944],[77.1300718,28.6722434],[77.130162,28.6724529]]]},"properties":{"sources":[{"property":"","dataset":"OpenStreetMap","license":"ODbL-1.0","record_id":"w350002002@1","update_time":"2015-05-30T06:59:16.000Z","confidence":null,"between":null}],"is_underground":false,"has_parts":false,"version":1}},
{"id":"34a747af-f0fd-47b7-9740-4f1c383f9fbe","type":"Feature","geometry":{"type":"Polygon","coordinates":[[[77.1299825,28.6725006],[77.1298369,28.6725467],[77.1297601,28.6723599],[77.1299057,28.6723138],[77.1299825,28.6725006]]]},"properties":{"sources":[{"property":"","dataset":"OpenStreetMap","license":"ODbL-1.0","record_id":"w350002023@1","update_time":"2015-05-30T06:59:17.000Z","confidence":null,"between":null}],"is_underground":false,"has_parts":false,"version":1}},
{"id":"0bbd5376-cfee-4c64-88b3-f42856d38383","type":"Feature","geometry":{"type":"Polygon","coordinates":[[[77.1298159,28.672546],[77.1297372,28.672571],[77.1296525,28.6723657],[77.1297313,28.6723407],[77.1298159,28.672546]]]},"properties":{"sources":[{"property":"","dataset":"OpenStreetMap","license":"ODbL-1.0","record_id":"w350501341@1","update_time":"2015-06-01T05:14:44.000Z","confidence":null,"between":null}],"is_underground":false,"has_parts":false,"version":1}},
{"id":"b6b8af60-86f0-4425-acad-72497ad4bc7f","type":"Feature","geometry":{"type":"Polygon","coordinates":[[[77.129895,28.6723042],[77.129673,28.6723287],[77.1296591,28.6722317],[77.1298811,28.6722072],[77.129895,28.6723042]]]},"properties":{"sources":[{"property":"","dataset":"OpenStreetMap","license":"ODbL-1.0","record_id":"w350501404@1","update_time":"2015-06-01T05:14:47.000Z","confidence":null,"between":null}],"is_underground":false,"has_parts":false,"version":1}},
{"id":"2859fc3e-ae2a-4ce0-b1e1-53d0b96c11e0","type":"Feature","geometry":{"type":"Polygon","coordinates":[[[77.1296558,28.6721956],[77.1296454,28.672118],[77.1298347,28.6720983],[77.1298451,28.672176],[77.1296558,28.6721956]]]},"properties":{"sources":[{"property":"","dataset":"OpenStreetMap","license":"ODbL-1.0","record_id":"w350501336@1","update_time":"2015-06-01T05:14:44.000Z","confidence":null,"between":null}],"is_underground":false,"has_parts":false,"version":1}},
{"id":"23ed29ae-9d28-4af7-80d4-28f892b02475","type":"Feature","geometry":{"type":"Polygon","coordinates":[[[77.1296431,28.6721027],[77.1296302,28.6720164],[77.1298131,28.6719953],[77.129826,28.6720817],[77.1296431,28.6721027]]]},"properties":{"sources":[{"property":"","dataset":"OpenStreetMap","license":"ODbL-1.0","record_id":"w350501368@1","update_time":"2015-06-01T05:14:46.000Z","confidence":null,"between":null}],"is_underground":false,"has_parts":false,"version":1}},
{"id":"8950aa35-e06e-4bf1-a8f5-4a721d400781","type":"Feature","geometry":{"type":"Polygon","coordinates":[[[77.1301101,28.6720696],[77.1298844,28.6720956],[77.1298695,28.6719961],[77.1300953,28.6719702],[77.1301101,28.6720696]]]},"properties":{"sources":[{"property":"","dataset":"OpenStreetMap","license":"ODbL-1.0","record_id":"w350045000@1","update_time":"2015-05-30T09:47:01.000Z","confidence":null,"between":null}],"is_underground":false,"has_parts":false,"version":1}},
{"id":"24ce2952-607b-45d8-b5be-661457e31690","type":"Feature","geometry":{"type":"Polygon","coordinates":[[[77.1300906,28.6719622],[77.1298812,28.6719863],[77.1298675,28.6718948],[77.1300769,28.6718707],[77.1300906,28.6719622]]]},"properties":{"sources":[{"property":"","dataset":"OpenStreetMap","license":"ODbL-1.0","record_id":"w350045087@1","update_time":"2015-05-30T09:47:06.000Z","confidence":null,"between":null}],"is_underground":false,"has_parts":false,"version":1}},
{"id":"b7aee6ee-2fe6-4595-b5d6-aaea5fc041c9","type":"Feature","geometry":{"type":"Polygon","coordinates":[[[77.1300646,28.6718655],[77.129886,28.6718861],[77.1298743,28.6718078],[77.1300529,28.6717873],[77.1300646,28.6718655]]]},"properties":{"sources":[{"property":"","dataset":"OpenStreetMap","license":"ODbL-1.0","record_id":"w350045184@1","update_time":"2015-05-30T09:47:12.000Z","confidence":null,"between":null}],"is_underground":false,"has_parts":false,"version":1}},
{"id":"eafaba7f-7599-4fca-bafd-3cc708cdbe72","type":"Feature","geometry":{"type":"Polygon","coordinates":[[[77.1300489,28.6717786],[77.12987,28.6717992],[77.1298573,28.671714],[77.1300362,28.6716934],[77.1300489,28.6717786]]]},"properties":{"sources":[{"property":"","dataset":"OpenStreetMap","license":"ODbL-1.0","record_id":"w350045071@1","update_time":"2015-05-30T09:47:05.000Z","confidence":null,"between":null}],"is_underground":false,"has_parts":false,"version":1}},
{"id":"f124734d-b4cc-419f-a534-2637fd42eebb","type":"Feature","geometry":{"type":"Polygon","coordinates":[[[77.1296253,28.672002],[77.1296174,28.6719449],[77.1298027,28.6719253],[77.1298106,28.6719824],[77.1296253,28.672002]]]},"properties":{"sources":[{"property":"","dataset":"OpenStreetMap","license":"ODbL-1.0","record_id":"w350501307@1","update_time":"2015-06-01T05:14:43.000Z","confidence":null,"between":null}],"is_underground":false,"has_parts":false,"version":1}},
{"id":"bbd6b561-4555-4b68-b936-b96ff1203e81","type":"Feature","geometry":{"type":"Polygon","coordinates":[[[77.1298063,28.6719094],[77.129624,28.6719304],[77.1296099,28.6718358],[77.1297921,28.6718148],[77.1298063,28.6719094]]]},"properties":{"sources":[{"property":"","dataset":"OpenStreetMap","license":"ODbL-1.0","record_id":"w350045208@1","update_time":"2015-05-30T09:47:13.000Z","confidence":null,"between":null}],"is_underground":false,"has_parts":false,"version":1}},
{"id":"6627c571-15a2-4d2b-8a07-64489597632d","type":"Feature","geometry":{"type":"Polygon","coordinates":[[[77.129794,28.6718116],[77.1295961,28.6718344],[77.1295831,28.6717475],[77.129781,28.6717247],[77.129794,28.6718116]]]},"properties":{"sources":[{"property":"","dataset":"OpenStreetMap","license":"ODbL-1.0","record_id":"w350045174@1","update_time":"2015-05-30T09:47:11.000Z","confidence":null,"between":null}],"is_underground":false,"has_parts":false,"version":1}},
{"id":"f1d6364b-bd1d-4f42-93b6-ba03e83dbdec","type":"Feature","geometry":{"type":"Polygon","coordinates":[[[77.1300258,28.6715936],[77.1298349,28.6716156],[77.1298205,28.6715192],[77.1300114,28.6714972],[77.1300258,28.6715936]]]},"properties":{"sources":[{"property":"","dataset":"OpenStreetMap","license":"ODbL-1.0","record_id":"w350045045@1","update_time":"2015-05-30T09:47:04.000Z","confidence":null,"between":null}],"is_underground":false,"has_parts":false,"version":1}},
{"id":"d3013ace-bfaa-4946-b2ef-6ab2ff5a43e9","type":"Feature","geometry":{"type":"Polygon","coordinates":[[[77.1300397,28.6716838],[77.1298349,28.6717074],[77.1298226,28.6716252],[77.1300274,28.6716016],[77.1300397,28.6716838]]]},"properties":{"sources":[{"property":"","dataset":"OpenStreetMap","license":"ODbL-1.0","record_id":"w350045158@1","update_time":"2015-05-30T09:47:10.000Z","confidence":null,"between":null}],"is_underground":false,"has_parts":false,"version":1}},
{"id":"513c268c-3bb2-4cb9-a0a7-576ebd50fbe8","type":"Feature","geometry":{"type":"Polygon","coordinates":[[[77.1304271,28.6717091],[77.1302046,28.6717369],[77.1301808,28.6715897],[77.1304033,28.6715619],[77.1304271,28.6717091]]]},"properties":{"sources":[{"property":"","dataset":"OpenStreetMap","license":"ODbL-1.0","record_id":"w350002127@1","update_time":"2015-05-30T06:59:22.000Z","confidence":null,"between":null}],"is_underground":false,"has_parts":false,"version":1}},
{"id":"66081ff7-2c49-4918-814e-bf152119ef94","type":"Feature","geometry":{"type":"Polygon","coordinates":[[[77.130371,28.6715552],[77.1301815,28.671574],[77.1301521,28.6713461],[77.1303416,28.6713273],[77.130371,28.6715552]]]},"properties":{"sources":[{"property":"","dataset":"OpenStreetMap","license":"ODbL-1.0","record_id":"w350001996@1","update_time":"2015-05-30T06:59:15.000Z","confidence":null,"between":null}],"is_underground":false,"has_parts":false,"version":1}},
{"id":"474abe86-b606-4683-8cb2-331091e0831b","type":"Feature","geometry":{"type":"Polygon","coordinates":[[[77.1306883,28.6716266],[77.1304503,28.6716582],[77.1304305,28.6715427],[77.1306685,28.6715112],[77.1306883,28.6716266]]]},"properties":{"sources":[{"property":"","dataset":"OpenStreetMap","license":"ODbL-1.0","record_id":"w350002089@1","update_time":"2015-05-30T06:59:20.000Z","confidence":null,"between":null}],"is_underground":false,"has_parts":false,"version":1}},
{"id":"f94fe6ed-84f2-43f6-891a-c9b0052525e0","type":"Feature","geometry":{"type":"Polygon","coordinates":[[[77.1307115,28.6717156],[77.1304759,28.6717556],[77.1304584,28.6716759],[77.130694,28.671636],[77.1307115,28.6717156]]]},"properties":{"sources":[{"property":"","dataset":"OpenStreetMap","license":"ODbL-1.0","record_id":"w350002110@1","update_time":"2015-05-30T06:59:21.000Z","confidence":null,"between":null}],"is_underground":false,"has_parts":false,"version":1}},
{"id":"d754d8b9-8e90-418a-8b94-3ac8bcff8129","type":"Feature","geometry":{"type":"Polygon","coordinates":[[[77.1307434,28.6718102],[77.1304871,28.6718586],[77.1304643,28.6717655],[77.1307206,28.6717172],[77.1307434,28.6718102]]]},"properties":{"sources":[{"property":"","dataset":"OpenStreetMap","license":"ODbL-1.0","record_id":"w350002067@1","update_time":"2015-05-30T06:59:19.000Z","confidence":null,"between":null}],"is_underground":false,"has_parts":false,"version":1}},
{"id":"ccebd4ed-cba3-42d1-8f49-a41f6242d014","type":"Feature","geometry":{"type":"Polygon","coordinates":[[[77.1304227,28.6718237],[77.1302342,28.6718461],[77.130219,28.6717474],[77.1304075,28.671725],[77.1304227,28.6718237]]]},"properties":{"sources":[{"property":"","dataset":"OpenStreetMap","license":"ODbL-1.0","record_id":"w350002007@1","update_time":"2015-05-30T06:59:16.000Z","confidence":null,"between":null}],"is_underground":false,"has_parts":false,"version":1}},
{"id":"2951b421-eb97-4d89-95aa-f9c9209167d7","type":"Feature","geometry":{"type":"Polygon","coordinates":[[[77.1304299,28.6719143],[77.1302494,28.6719353],[77.1302376,28.6718569],[77.1304181,28.6718359],[77.1304299,28.6719143]]]},"properties":{"sources":[{"property":"","dataset":"OpenStreetMap","license":"ODbL-1.0","record_id":"w350002138@1","update_time":"2015-05-30T06:59:22.000Z","confidence":null,"between":null}],"is_underground":false,"has_parts":false,"version":1}},
{"id":"a45580f7-64dd-47e5-8728-93574d794f53","type":"Feature","geometry":{"type":"Polygon","coordinates":[[[77.1304555,28.6720089],[77.1302574,28.6720271],[77.1302474,28.6719433],[77.1304455,28.6719251],[77.1304555,28.6720089]]]},"properties":{"sources":[{"property":"","dataset":"OpenStreetMap","license":"ODbL-1.0","record_id":"w350002020@1","update_time":"2015-05-30T06:59:17.000Z","confidence":null,"between":null}],"is_underground":false,"has_parts":false,"version":1}},
{"id":"57598060-1f9c-4b4f-b370-96b9763fe6b0","type":"Feature","geometry":{"type":"Polygon","coordinates":[[[77.1304555,28.6721025],[77.1302798,28.6721214],[77.1302684,28.6720399],[77.1304441,28.672021],[77.1304555,28.6721025]]]},"properties":{"sources":[{"property":"","dataset":"OpenStreetMap","license":"ODbL-1.0","record_id":"w350002073@1","update_time":"2015-05-30T06:59:19.000Z","confidence":null,"between":null}],"is_underground":false,"has_parts":false,"version":1}},
{"id":"f025c6c5-f3e8-498a-b66d-10f5d9600d53","type":"Feature","geometry":{"type":"Polygon","coordinates":[[[77.1304851,28.6721936],[77.1302998,28.6722195],[77.1302844,28.6721347],[77.1304697,28.6721088],[77.1304851,28.6721936]]]},"properties":{"sources":[{"property":"","dataset":"OpenStreetMap","license":"ODbL-1.0","record_id":"w350002036@1","update_time":"2015-05-30T06:59:17.000Z","confidence":null,"between":null}],"is_underground":false,"has_parts":false,"version":1}},
{"id":"612f461a-49c0-4cbe-b2d4-3d3e15565887","type":"Feature","geometry":{"type":"Polygon","coordinates":[[[77.1304167,28.6723726],[77.1303454,28.6723959],[77.1302799,28.6722413],[77.1303512,28.672218],[77.1304167,28.6723726]]]},"properties":{"sources":[{"property":"","dataset":"OpenStreetMap","license":"ODbL-1.0","record_id":"w350002108@1","update_time":"2015-05-30T06:59:21.000Z","confidence":null,"between":null}],"is_underground":false,"has_parts":false,"version":1}},
{"id":"a06ea63e-61c0-4d52-a48e-33542f4d37aa","type":"Feature","geometry":{"type":"Polygon","coordinates":[[[77.1305051,28.6723518],[77.1304267,28.6723739],[77.1303742,28.6722307],[77.1304526,28.6722086],[77.1305051,28.6723518]]]},"properties":{"sources":[{"property":"","dataset":"OpenStreetMap","license":"ODbL-1.0","record_id":"w350002145@1","update_time":"2015-05-30T06:59:22.000Z","confidence":null,"between":null}],"is_underground":false,"has_parts":false,"version":1}},
{"id":"77a984a5-d0fc-4ed0-b717-543fa88eaf1c","type":"Feature","geometry":{"type":"Polygon","coordinates":[[[77.1305847,28.6723112],[77.1305191,28.6723328],[77.1304643,28.6722045],[77.1305299,28.6721829],[77.1305847,28.6723112]]]},"properties":{"sources":[{"property":"","dataset":"OpenStreetMap","license":"ODbL-1.0","record_id":"w350002095@1","update_time":"2015-05-30T06:59:20.000Z","confidence":null,"between":null}],"is_underground":false,"has_parts":false,"version":1}},
{"id":"a95ff76f-80f5-42ce-987e-4c87c35f5aef","type":"Feature","geometry":{"type":"Polygon","coordinates":[[[77.1306533,28.6722971],[77.1305914,28.6723115],[77.1305547,28.6721896],[77.1306166,28.6721752],[77.1306533,28.6722971]]]},"properties":{"sources":[{"property":"","dataset":"OpenStreetMap","license":"ODbL-1.0","record_id":"w350002004@1","update_time":"2015-05-30T06:59:16.000Z","confidence":null,"between":null}],"is_underground":false,"has_parts":false,"version":1}},
{"id":"8139669d-b885-4b4d-baf0-e9d31f0b0f7e","type":"Feature","geometry":{"type":"Polygon","coordinates":[[[77.130781,28.6720835],[77.1305302,28.6721255],[77.1305109,28.6720369],[77.1307617,28.6719948],[77.130781,28.6720835]]]},"properties":{"sources":[{"property":"","dataset":"OpenStreetMap","license":"ODbL-1.0","record_id":"w350002136@1","update_time":"2015-05-30T06:59:22.000Z","confidence":null,"between":null}],"is_underground":false,"has_parts":false,"version":1}},
{"id":"72ff0356-b108-48b9-9016-43c25496eb56","type":"Feature","geometry":{"type":"Polygon","coordinates":[[[77.1306706,28.6721179],[77.1307397,28.6721092],[77.1307483,28.6721624],[77.1306792,28.6721711],[77.1306706,28.6721179]]]},"properties":{"sources":[{"property":"","dataset":"Google Open Buildings","license":null,"record_id":"7JWVM4CJ+V74P","update_time":"2023-05-01T00:00:00.000Z","confidence":0.7562,"between":null}],"is_underground":false,"has_parts":false,"version":1}},
{"id":"f2592721-c83c-4768-b590-58eb8f97fe71","type":"Feature","geometry":{"type":"Polygon","coordinates":[[[77.1308399,28.6722658],[77.1306644,28.6723074],[77.1306384,28.672223],[77.1308138,28.6721814],[77.1308399,28.6722658]]]},"properties":{"sources":[{"property":"","dataset":"OpenStreetMap","license":"ODbL-1.0","record_id":"w350002018@1","update_time":"2015-05-30T06:59:49.000Z","confidence":null,"between":null}],"is_underground":false,"has_parts":false,"version":1}},
{"id":"22a384a8-f40f-43ac-9e3f-460932ff4f0c","type":"Feature","geometry":{"type":"Polygon","coordinates":[[[77.1308967,28.6725558],[77.1307049,28.6725779],[77.1306728,28.6723631],[77.1308646,28.672341],[77.1308967,28.6725558]]]},"properties":{"sources":[{"property":"","dataset":"OpenStreetMap","license":"ODbL-1.0","record_id":"w350044968@1","update_time":"2015-05-30T09:46:59.000Z","confidence":null,"between":null}],"is_underground":false,"has_parts":false,"version":1}},
{"id":"5372345d-0909-415b-8c9f-69d273cb93c8","type":"Feature","geometry":{"type":"Polygon","coordinates":[[[77.1308392,28.6720705],[77.1308613,28.6721336],[77.1307563,28.6721623],[77.1307338,28.6720981],[77.1308392,28.6720705]]]},"properties":{"sources":[{"property":"","dataset":"Google Open Buildings","license":null,"record_id":"7JWVM4CJ+R8VP","update_time":"2023-05-01T00:00:00.000Z","confidence":0.8339,"between":null}],"is_underground":false,"has_parts":false,"version":1}},
{"id":"4cd0abd9-b53e-4fca-8e07-5630ff9e1906","type":"Feature","geometry":{"type":"Polygon","coordinates":[[[77.1307778,28.6719903],[77.1305302,28.6720204],[77.130519,28.6719497],[77.1307666,28.6719196],[77.1307778,28.6719903]]]},"properties":{"sources":[{"property":"","dataset":"OpenStreetMap","license":"ODbL-1.0","record_id":"w350002082@1","update_time":"2015-05-30T06:59:19.000Z","confidence":null,"between":null}],"is_underground":false,"has_parts":false,"version":1}},
{"id":"3aded0e4-e4ae-4f7d-b3c8-7caf19dfa718","type":"Feature","geometry":{"type":"Polygon","coordinates":[[[77.1307706,28.6719055],[77.1305062,28.6719448],[77.1304911,28.6718662],[77.1307555,28.671827],[77.1307706,28.6719055]]]},"properties":{"sources":[{"property":"","dataset":"OpenStreetMap","license":"ODbL-1.0","record_id":"w350002124@1","update_time":"2015-05-30T06:59:21.000Z","confidence":null,"between":null}],"is_underground":false,"has_parts":false,"version":1}},
{"id":"f53c8955-db70-4eb5-b329-895a3ffe7521","type":"Feature","geometry":{"type":"Polygon","coordinates":[[[77.1310158,28.6717378],[77.1308553,28.6717546],[77.1308448,28.6716775],[77.1310053,28.6716606],[77.1310158,28.6717378]]]},"properties":{"sources":[{"property":"","dataset":"OpenStreetMap","license":"ODbL-1.0","record_id":"w350002010@1","update_time":"2015-05-30T06:59:16.000Z","confidence":null,"between":null}],"is_underground":false,"has_parts":false,"version":1}},
{"id":"8f89d70e-4e7a-44f2-af22-673b6f6a9b96","type":"Feature","geometry":{"type":"Polygon","coordinates":[[[77.1310238,28.671647],[77.1308489,28.6716691],[77.130825,28.6715234],[77.1309998,28.6715012],[77.1310238,28.671647]]]},"properties":{"sources":[{"property":"","dataset":"OpenStreetMap","license":"ODbL-1.0","record_id":"w350002052@1","update_time":"2015-05-30T06:59:18.000Z","confidence":null,"between":null}],"is_underground":false,"has_parts":false,"version":1}},
{"id":"675ec284-e120-4d39-b42e-9d950bdbc629","type":"Feature","geometry":{"type":"Polygon","coordinates":[[[77.1308427,28.6714418],[77.1305921,28.6714705],[77.1305562,28.6712286],[77.1308067,28.6712],[77.1308427,28.6714418]]]},"properties":{"sources":[{"property":"","dataset":"OpenStreetMap","license":"ODbL-1.0","record_id":"w350002140@1","update_time":"2015-05-30T06:59:22.000Z","confidence":null,"between":null}],"is_underground":false,"has_parts":false,"version":1}},
{"id":"537c5daa-3634-494f-89a1-3750427a8612","type":"Feature","geometry":{"type":"Polygon","coordinates":[[[77.1307419,28.6710951],[77.1307122,28.6708922],[77.1309144,28.6708694],[77.1309441,28.6710723],[77.1307419,28.6710951]]]},"properties":{"sources":[{"property":"","dataset":"OpenStreetMap","license":"ODbL-1.0","record_id":"w350002083@1","update_time":"2015-05-30T06:59:19.000Z","confidence":null,"between":null}],"is_underground":false,"has_parts":false,"version":1}},
{"id":"868012d9-047c-48ea-abf7-e5d2d107bdae","type":"Feature","geometry":{"type":"Polygon","coordinates":[[[77.1310001,28.6707559],[77.1308682,28.6707673],[77.1308433,28.6705463],[77.1309752,28.6705349],[77.1310001,28.6707559]]]},"properties":{"sources":[{"property":"","dataset":"OpenStreetMap","license":"ODbL-1.0","record_id":"w350002049@1","update_time":"2024-02-29T06:05:47.000Z","confidence":null,"between":null}],"is_underground":false,"has_parts":false,"version":1}},
{"id":"6e58ab56-faa7-4404-b4c6-b73436c8ccaa","type":"Feature","geometry":{"type":"Polygon","coordinates":[[[77.130846,28.6707589],[77.1307236,28.6707673],[77.130701,28.6705146],[77.1308234,28.6705062],[77.130846,28.6707589]]]},"properties":{"sources":[{"property":"","dataset":"OpenStreetMap","license":"ODbL-1.0","record_id":"w350002098@1","update_time":"2024-02-29T06:05:47.000Z","confidence":null,"between":null}],"is_underground":false,"has_parts":false,"version":1}},
{"id":"d5f87de8-9120-466b-83f4-8f168e31dbb5","type":"Feature","geometry":{"type":"Polygon","coordinates":[[[77.1307157,28.6707961],[77.1305734,28.6708159],[77.1305305,28.6705781],[77.1306728,28.6705583],[77.1307157,28.6707961]]]},"properties":{"sources":[{"property":"","dataset":"OpenStreetMap","license":"ODbL-1.0","record_id":"w350001993@1","update_time":"2024-02-29T06:05:47.000Z","confidence":null,"between":null}],"is_underground":false,"has_parts":false,"version":1}},
{"id":"13d3c0f2-4d75-45dd-bd44-1be45e24d242","type":"Feature","geometry":{"type":"Polygon","coordinates":[[[77.1305408,28.6708213],[77.1303882,28.6708426],[77.1303385,28.6705691],[77.1304911,28.6705478],[77.1305408,28.6708213]]]},"properties":{"sources":[{"property":"","dataset":"OpenStreetMap","license":"ODbL-1.0","record_id":"w350002111@1","update_time":"2024-02-29T06:05:47.000Z","confidence":null,"between":null}],"is_underground":false,"has_parts":false,"version":1}},
{"id":"a015fe5b-7457-47f3-b826-3dd85086e97b","type":"Feature","geometry":{"type":"Polygon","coordinates":[[[77.1304163,28.6711379],[77.1303824,28.6709626],[77.1306953,28.670916],[77.1307292,28.6710913],[77.1304163,28.6711379]]]},"properties":{"sources":[{"property":"","dataset":"OpenStreetMap","license":"ODbL-1.0","record_id":"w350002032@1","update_time":"2015-05-30T06:59:17.000Z","confidence":null,"between":null}],"is_underground":false,"has_parts":false,"version":1}},
{"id":"ada84cf4-d813-4de0-b8b1-f8a7733b5664","type":"Feature","geometry":{"type":"Polygon","coordinates":[[[77.1305829,28.6715],[77.1304509,28.6715151],[77.1304116,28.6712507],[77.1305436,28.6712356],[77.1305829,28.6715]]]},"properties":{"sources":[{"property":"","dataset":"OpenStreetMap","license":"ODbL-1.0","record_id":"w350002086@1","update_time":"2015-05-30T06:59:20.000Z","confidence":null,"between":null}],"is_underground":false,"has_parts":false,"version":1}},
{"id":"cd2872ff-af19-4a3f-9ef4-9a1964ee4d12","type":"Feature","geometry":{"type":"Polygon","coordinates":[[[77.1302446,28.6711643],[77.1299813,28.6711801],[77.1299657,28.6709813],[77.130229,28.6709654],[77.1302446,28.6711643]]]},"properties":{"sources":[{"property":"","dataset":"OpenStreetMap","license":"ODbL-1.0","record_id":"w350002102@1","update_time":"2015-05-30T06:59:20.000Z","confidence":null,"between":null}],"is_underground":false,"has_parts":false,"version":1}},
{"id":"c23f9b9a-1275-4825-88ef-2f05cf74ca61","type":"Feature","geometry":{"type":"Polygon","coordinates":[[[77.1300011,28.6714781],[77.1297943,28.6715019],[77.1297761,28.6713803],[77.1299829,28.6713565],[77.1300011,28.6714781]]]},"properties":{"sources":[{"property":"","dataset":"OpenStreetMap","license":"ODbL-1.0","record_id":"w350045280@1","update_time":"2015-05-30T09:47:17.000Z","confidence":null,"between":null}],"is_underground":false,"has_parts":false,"version":1}},
{"id":"4ae02315-9bee-4d5c-8b42-e2d881c0028f","type":"Feature","geometry":{"type":"Polygon","coordinates":[[[77.1299561,28.6712282],[77.12966780000001,28.6712512],[77.1296452,28.6710332],[77.1299335,28.6710102],[77.1299561,28.6712282]]]},"properties":{"sources":[{"property":"","dataset":"OpenStreetMap","license":"ODbL-1.0","record_id":"w350002014@1","update_time":"2015-05-30T06:59:16.000Z","confidence":null,"between":null}],"is_underground":false,"has_parts":false,"version":1}},
{"id":"02c3d360-853f-4a5b-9f74-fc6777c26c95","type":"Feature","geometry":{"type":"Polygon","coordinates":[[[77.1296932,28.6709552],[77.1297512,28.6709563],[77.1297504,28.6710116],[77.1296925,28.671011],[77.1296932,28.6709552]]]},"properties":{"sources":[{"property":"","dataset":"Google Open Buildings","license":null,"record_id":"7JWVM4CH+9VX6","update_time":"2023-05-01T00:00:00.000Z","confidence":0.7679,"between":null}],"is_underground":false,"has_parts":false,"version":1}},
{"id":"121f37c9-9593-4239-8b2c-ac1961cc85c5","type":"Feature","geometry":{"type":"Polygon","coordinates":[[[77.1298841,28.6709187],[77.1296066,28.670935],[77.1295875,28.6706842],[77.1298649,28.6706679],[77.1298841,28.6709187]]]},"properties":{"sources":[{"property":"","dataset":"OpenStreetMap","license":"ODbL-1.0","record_id":"w350002085@1","update_time":"2024-02-29T06:05:47.000Z","confidence":null,"between":null}],"is_underground":false,"has_parts":false,"version":1}},
{"id":"305e1d81-d253-4250-aba4-55637df3eb36","type":"Feature","geometry":{"type":"Polygon","coordinates":[[[77.1297314,28.6703647],[77.1297764,28.6703599],[77.1297894,28.6704548],[77.1297445,28.6704596],[77.1297314,28.6703647]]]},"properties":{"sources":[{"property":"","dataset":"Google Open Buildings","license":null,"record_id":"7JWVM4CH+5W67","update_time":"2023-05-01T00:00:00.000Z","confidence":0.7503,"between":null}],"is_underground":false,"has_parts":false,"version":1}},
{"id":"98ebf02b-9d8a-4271-8aad-f2ce273d13a2","type":"Feature","geometry":{"type":"Polygon","coordinates":[[[77.1300682,28.6704578],[77.1298612,28.6704732],[77.129842,28.670274],[77.130049,28.6702586],[77.1300682,28.6704578]]]},"properties":{"sources":[{"property":"","dataset":"OpenStreetMap","license":"ODbL-1.0","record_id":"w349994028@1","update_time":"2015-05-30T06:19:19.000Z","confidence":null,"between":null}],"is_underground":false,"has_parts":false,"version":1}},
{"id":"089329c2-b587-4c41-9991-91e4a8c9d97c","type":"Feature","geometry":{"type":"Polygon","coordinates":[[[77.1301993,28.6708731],[77.1299133,28.6708888],[77.1298957,28.6706421],[77.1301817,28.6706264],[77.1301993,28.6708731]]]},"properties":{"sources":[{"property":"","dataset":"OpenStreetMap","license":"ODbL-1.0","record_id":"w350002139@1","update_time":"2024-02-29T06:05:47.000Z","confidence":null,"between":null}],"is_underground":false,"has_parts":false,"version":1}},
{"id":"015e4dc1-f45f-4bfd-ac98-c086b566ff28","type":"Feature","geometry":{"type":"Polygon","coordinates":[[[77.1301116,28.6700943],[77.1302578,28.6700771],[77.1302679,28.6701439],[77.1301218,28.6701612],[77.1301116,28.6700943]]]},"properties":{"sources":[{"property":"","dataset":"Google Open Buildings","license":null,"record_id":"7JWVM4CJ+23WJ","update_time":"2023-05-01T00:00:00.000Z","confidence":0.8368,"between":null}],"is_underground":false,"has_parts":false,"version":1}},
{"id":"b7ae16d4-a606-46f4-b531-4900aa7e4826","type":"Feature","geometry":{"type":"Polygon","coordinates":[[[77.130371,28.6698982],[77.1300785,28.6699349],[77.1300488,28.6697527],[77.1303413,28.6697161],[77.130371,28.6698982]]]},"properties":{"sources":[{"property":"","dataset":"OpenStreetMap","license":"ODbL-1.0","record_id":"w349993908@1","update_time":"2015-05-30T06:19:13.000Z","confidence":null,"between":null}],"is_underground":false,"has_parts":false,"version":1}},
{"id":"fcdb15ea-f00f-4783-9ddc-ab429be9e3ad","type":"Feature","geometry":{"type":"Polygon","coordinates":[[[77.1300419,28.6702393],[77.1298386,28.6702562],[77.1298179,28.6700634],[77.1300212,28.6700465],[77.1300419,28.6702393]]]},"properties":{"sources":[{"property":"","dataset":"OpenStreetMap","license":"ODbL-1.0","record_id":"w349993901@1","update_time":"2015-05-30T06:19:13.000Z","confidence":null,"between":null}],"is_underground":false,"has_parts":false,"version":1}},
{"id":"9f60d86a-7c53-400d-8f23-f37923c087b0","type":"Feature","geometry":{"type":"Polygon","coordinates":[[[77.129965,28.6698536],[77.1297837,28.6698655],[77.1297756,28.66977],[77.1299385,28.6697244],[77.129965,28.6698536]]]},"properties":{"sources":[{"property":"","dataset":"OpenStreetMap","license":"ODbL-1.0","record_id":"w349993991@1","update_time":"2015-05-30T06:19:17.000Z","confidence":null,"between":null}],"is_underground":false,"has_parts":false,"version":1}},
{"id":"5136871f-11f4-43f4-9dce-fd48a576e36a","type":"Feature","geometry":{"type":"Polygon","coordinates":[[[77.1299821,28.670041],[77.1298035,28.6700533],[77.1297875,28.6698746],[77.1299662,28.6698623],[77.1299821,28.670041]]]},"properties":{"sources":[{"property":"","dataset":"OpenStreetMap","license":"ODbL-1.0","record_id":"w349994051@1","update_time":"2015-05-30T06:19:20.000Z","confidence":null,"between":null}],"is_underground":false,"has_parts":false,"version":1}},
{"id":"09544af5-fb91-46f7-9ee2-36328cec5b2e","type":"Feature","geometry":{"type":"Polygon","coordinates":[[[77.1300071,28.66947],[77.1298472,28.6695333],[77.1297049,28.6692569],[77.12986479999999,28.6691935],[77.1300071,28.66947]]]},"properties":{"sources":[{"property":"","dataset":"OpenStreetMap","license":"ODbL-1.0","record_id":"w349994039@1","update_time":"2015-05-30T06:19:19.000Z","confidence":null,"between":null}],"is_underground":false,"has_parts":false,"version":1}},
{"id":"02b8d420-0273-4f4d-a745-b60c42ee8eec","type":"Feature","geometry":{"type":"Polygon","coordinates":[[[77.1302089,28.6693941],[77.1300539,28.669459],[77.1299082,28.6691915],[77.1300632,28.6691265],[77.1302089,28.6693941]]]},"properties":{"sources":[{"property":"","dataset":"OpenStreetMap","license":"ODbL-1.0","record_id":"w349993919@1","update_time":"2015-05-30T06:19:14.000Z","confidence":null,"between":null}],"is_underground":false,"has_parts":false,"version":1}},
{"id":"4ddaa235-9d4a-4b97-9e66-e402b75f262f","type":"Feature","geometry":{"type":"Polygon","coordinates":[[[77.130145,28.6696206],[77.1301535,28.6696761],[77.1300482,28.6696887],[77.1300397,28.6696332],[77.130145,28.6696206]]]},"properties":{"sources":[{"property":"","dataset":"Google Open Buildings","license":null,"record_id":"7JWVM49J+V292","update_time":"2023-05-01T00:00:00.000Z","confidence":0.793,"between":null}],"is_underground":false,"has_parts":false,"version":1}},
{"id":"d9fd940f-e32c-4a8c-95b2-a3e3e0a38819","type":"Feature","geometry":{"type":"Polygon","coordinates":[[[77.1304754,28.6695581],[77.1305328,28.6695514],[77.1305786,28.6698601],[77.1304839,28.669871],[77.1304546,28.6696739],[77.1304919,28.6696696],[77.1304754,28.6695581]]]},"properties":{"sources":[{"property":"","dataset":"Google Open Buildings","license":null,"record_id":"7JWVM49J+V6R3","update_time":"2023-05-01T00:00:00.000Z","confidence":0.7517,"between":null}],"is_underground":false,"has_parts":false,"version":1}},
{"id":"ca6fb73b-2c65-434b-9db5-91f93838617d","type":"Feature","geometry":{"type":"Polygon","coordinates":[[[77.1304103,28.6697575],[77.1304661,28.669751],[77.1304721,28.6697917],[77.1304163,28.6697981],[77.1304103,28.6697575]]]},"properties":{"sources":[{"property":"","dataset":"Google Open Buildings","license":null,"record_id":"7JWVM49J+W54R","update_time":"2023-05-01T00:00:00.000Z","confidence":0.6615,"between":null}],"is_underground":false,"has_parts":false,"version":1}},
{"id":"f16a804b-1e05-4960-ac99-34c4a5bb44cb","type":"Feature","geometry":{"type":"Polygon","coordinates":[[[77.130399,28.6697447],[77.1304445,28.6697402],[77.1304472,28.6697612],[77.1304016,28.6697657],[77.130399,28.6697447]]]},"properties":{"sources":[{"property":"","dataset":"Google Open Buildings","license":null,"record_id":"7JWVM49J+W534","update_time":"2023-05-01T00:00:00.000Z","confidence":0.6857,"between":null}],"is_underground":false,"has_parts":false,"version":1}},
{"id":"7fcdc857-7ff4-48d9-ba67-fad5ee3683fa","type":"Feature","geometry":{"type":"Polygon","coordinates":[[[77.1304888,28.6695375],[77.1303333,28.6695825],[77.1303131,28.6695282],[77.1304687,28.6694832],[77.1304888,28.6695375]]]},"properties":{"sources":[{"property":"","dataset":"Google Open Buildings","license":null,"record_id":"7JWVM49J+R569","update_time":"2023-05-01T00:00:00.000Z","confidence":0.6886,"between":null}],"is_underground":false,"has_parts":false,"version":1}},
{"id":"be8a434f-0242-4f92-85c8-81d16ecc06a3","type":"Feature","geometry":{"type":"Polygon","coordinates":[[[77.1303942,28.6698832],[77.1305408,28.6698731],[77.1305628,28.6701186],[77.1302695,28.6701388],[77.1302667,28.6701073],[77.1303094,28.6701044],[77.1303057,28.6700634],[77.130423,28.6700553],[77.1304182,28.6700015],[77.1304688,28.669998],[77.1304625,28.6699279],[77.1303986,28.6699323],[77.1303942,28.6698832]]]},"properties":{"sources":[{"property":"","dataset":"Microsoft ML Buildings","license":"ODbL-1.0","record_id":null,"update_time":"2021-07-25T00:00:00.000Z","confidence":null,"between":null}],"is_underground":false,"has_parts":false,"version":3}},
{"id":"24f1ab8b-24ab-464a-b7c1-57b7f92774c4","type":"Feature","geometry":{"type":"Polygon","coordinates":[[[77.1301224,28.6704228],[77.1300873,28.6702239],[77.1305763,28.6701575],[77.1306114,28.6703564],[77.1301224,28.6704228]]]},"properties":{"sources":[{"property":"","dataset":"OpenStreetMap","license":"ODbL-1.0","record_id":"w349994041@1","update_time":"2015-05-30T06:19:19.000Z","confidence":null,"between":null}],"is_underground":false,"has_parts":false,"version":1}},
{"id":"e8d93b02-0afb-402a-995e-2ef23a2e0d32","type":"Feature","geometry":{"type":"Polygon","coordinates":[[[77.1306747,28.6695035],[77.130683,28.6694371],[77.1307148,28.6694402],[77.1307065,28.6695065],[77.1306747,28.6695035]]]},"properties":{"sources":[{"property":"","dataset":"Microsoft ML Buildings","license":"ODbL-1.0","record_id":null,"update_time":"2021-07-25T00:00:00.000Z","confidence":null,"between":null}],"is_underground":false,"has_parts":false,"version":3}},
{"id":"2dc0a5ca-569c-4aa7-938c-5c050b5688da","type":"Feature","geometry":{"type":"Polygon","coordinates":[[[77.1311887,28.669728],[77.1311908,28.6697608],[77.1311159,28.6697645],[77.1311138,28.6697317],[77.1311887,28.669728]]]},"properties":{"sources":[{"property":"","dataset":"Microsoft ML Buildings","license":"ODbL-1.0","record_id":null,"update_time":"2021-07-25T00:00:00.000Z","confidence":null,"between":null}],"is_underground":false,"has_parts":false,"version":3}},
{"id":"ae1e6bc0-47f0-4854-829b-89467ec8874c","type":"Feature","geometry":{"type":"Polygon","coordinates":[[[77.1315894,28.6695626],[77.1316119,28.6697321],[77.1312229,28.6697718],[77.1312158,28.6697184],[77.1311073,28.6697295],[77.1311159,28.6697945],[77.1307227,28.6698346],[77.1307042,28.6696953],[77.130772,28.6696884],[77.1307798,28.6697477],[77.1309333,28.669732],[77.1309267,28.669682],[77.1309754,28.6696771],[77.1309812,28.6697212],[77.1310093,28.6697183],[77.130996,28.6696185],[77.131303,28.6695871],[77.1313107,28.6696452],[77.1315277,28.669623],[77.1315206,28.6695696],[77.1315894,28.6695626]]]},"properties":{"sources":[{"property":"","dataset":"Microsoft ML Buildings","license":"ODbL-1.0","record_id":null,"update_time":"2021-07-25T00:00:00.000Z","confidence":null,"between":null}],"is_underground":false,"has_parts":false,"version":3}},
{"id":"23854c80-e68d-414d-b6ab-c04c29eeae3c","type":"Feature","geometry":{"type":"Polygon","coordinates":[[[77.1315029,28.6701085],[77.1312197,28.6701411],[77.1311992,28.6700035],[77.1314824,28.669971],[77.1315029,28.6701085]]]},"properties":{"sources":[{"property":"","dataset":"Microsoft ML Buildings","license":"ODbL-1.0","record_id":null,"update_time":"2021-07-25T00:00:00.000Z","confidence":null,"between":null}],"is_underground":false,"has_parts":false,"version":3}},
{"id":"efd85792-9037-4041-a0a0-b1e4f84f36e4","type":"Feature","geometry":{"type":"Polygon","coordinates":[[[77.1313446,28.6699431],[77.1313299,28.6698937],[77.1313962,28.6698785],[77.1314109,28.6699279],[77.1313446,28.6699431]]]},"properties":{"sources":[{"property":"","dataset":"Microsoft ML Buildings","license":"ODbL-1.0","record_id":null,"update_time":"2021-07-25T00:00:00.000Z","confidence":null,"between":null}],"is_underground":false,"has_parts":false,"version":3}},
{"id":"f8186f19-e395-4c1d-8f60-83e849f4812d","type":"Feature","geometry":{"type":"Polygon","coordinates":[[[77.1314979,28.6699981],[77.1316463,28.6699933],[77.1316501,28.6700849],[77.1315017,28.6700898],[77.1314979,28.6699981]]]},"properties":{"sources":[{"property":"","dataset":"Microsoft ML Buildings","license":"ODbL-1.0","record_id":null,"update_time":"2021-07-25T00:00:00.000Z","confidence":null,"between":null}],"is_underground":false,"has_parts":false,"version":3}},
{"id":"ba96d037-75b4-488b-a83e-1784c0e2a102","type":"Feature","geometry":{"type":"Polygon","coordinates":[[[77.131196,28.6700316],[77.1312086,28.6701305],[77.131027,28.6701484],[77.1310144,28.6700495],[77.131196,28.6700316]]]},"properties":{"sources":[{"property":"","dataset":"Google Open Buildings","license":null,"record_id":"7JWVM4CJ+2CQP","update_time":"2023-05-01T00:00:00.000Z","confidence":0.8927,"between":null}],"is_underground":false,"has_parts":false,"version":1}},
{"id":"647d3132-7e45-452b-aec2-e935dfc06015","type":"Feature","geometry":{"type":"Polygon","coordinates":[[[77.1310784,28.6699744],[77.1309854,28.6699901],[77.1309534,28.6698449],[77.1310465,28.6698292],[77.1310784,28.6699744]]]},"properties":{"sources":[{"property":"","dataset":"Microsoft ML Buildings","license":"ODbL-1.0","record_id":null,"update_time":"2021-07-25T00:00:00.000Z","confidence":null,"between":null}],"is_underground":false,"has_parts":false,"version":3}},
{"id":"ab963104-1eab-49b3-adac-ccc6906457ad","type":"Feature","geometry":{"type":"Polygon","coordinates":[[[77.1312577,28.670714],[77.1311254,28.670724],[77.1311062,28.6705288],[77.1312385,28.6705188],[77.1312577,28.670714]]]},"properties":{"sources":[{"property":"","dataset":"OpenStreetMap","license":"ODbL-1.0","record_id":"w350002006@1","update_time":"2024-02-29T06:05:47.000Z","confidence":null,"between":null}],"is_underground":false,"has_parts":false,"version":1}},
{"id":"c57974fd-7f44-46e2-84e7-49b6f6275a81","type":"Feature","geometry":{"type":"Polygon","coordinates":[[[77.1310727,28.6710622],[77.1309607,28.6710745],[77.1309324,28.6708773],[77.1310445,28.670865],[77.1310727,28.6710622]]]},"properties":{"sources":[{"property":"","dataset":"OpenStreetMap","license":"ODbL-1.0","record_id":"w350002047@1","update_time":"2015-05-30T06:59:18.000Z","confidence":null,"between":null}],"is_underground":false,"has_parts":false,"version":1}},
{"id":"ccb7d58e-4a87-44c7-b04d-3ad4f4e1ff14","type":"Feature","geometry":{"type":"Polygon","coordinates":[[[77.1310967,28.6714354],[77.1308626,28.6714622],[77.130825,28.6712095],[77.1310591,28.6711827],[77.1310967,28.6714354]]]},"properties":{"sources":[{"property":"","dataset":"OpenStreetMap","license":"ODbL-1.0","record_id":"w350002103@1","update_time":"2015-05-30T06:59:20.000Z","confidence":null,"between":null}],"is_underground":false,"has_parts":false,"version":1}},
{"id":"06046f20-63f1-4f1c-9e14-6a6f1bd3feb3","type":"Feature","geometry":{"type":"Polygon","coordinates":[[[77.1313567,28.6714354],[77.1311223,28.6714622],[77.1310823,28.6711927],[77.1313166,28.6711659],[77.1313567,28.6714354]]]},"properties":{"sources":[{"property":"","dataset":"OpenStreetMap","license":"ODbL-1.0","record_id":"w350002152@1","update_time":"2015-05-30T06:59:23.000Z","confidence":null,"between":null}],"is_underground":false,"has_parts":false,"version":1}},
{"id":"b0595c6a-75c2-4214-9fb2-659b6276364c","type":"Feature","geometry":{"type":"Polygon","coordinates":[[[77.1313402,28.6710174],[77.1311482,28.6710339],[77.1311256,28.6708318],[77.1313176,28.6708152],[77.1313402,28.6710174]]]},"properties":{"sources":[{"property":"","dataset":"OpenStreetMap","license":"ODbL-1.0","record_id":"w350002156@1","update_time":"2015-05-30T06:59:23.000Z","confidence":null,"between":null}],"is_underground":false,"has_parts":false,"version":1}},
{"id":"c67f9108-fe8b-44b2-ab0e-64bcab559df1","type":"Feature","geometry":{"type":"Polygon","coordinates":[[[77.1316641,28.6713338],[77.1313731,28.6713671],[77.1313418,28.6711566],[77.1316328,28.6711233],[77.1316641,28.6713338]]]},"properties":{"sources":[{"property":"","dataset":"OpenStreetMap","license":"ODbL-1.0","record_id":"w350002115@1","update_time":"2015-05-30T06:59:21.000Z","confidence":null,"between":null}],"is_underground":false,"has_parts":false,"version":1}},
{"id":"6f92d066-f50b-430a-bcd2-c44fc2a0f1e9","type":"Feature","geometry":{"type":"Polygon","coordinates":[[[77.1316586,28.6709749],[77.1313661,28.6710121],[77.1313323,28.670807],[77.1316248,28.6707698],[77.1316586,28.6709749]]]},"properties":{"sources":[{"property":"","dataset":"OpenStreetMap","license":"ODbL-1.0","record_id":"w350002042@1","update_time":"2015-05-30T06:59:18.000Z","confidence":null,"between":null}],"is_underground":false,"has_parts":false,"version":1}},
{"id":"875cd662-5265-4a0d-b7dd-34659835ce3d","type":"Feature","geometry":{"type":"Polygon","coordinates":[[[77.1314159,28.6706911],[77.131305,28.6707012],[77.1312802,28.6704921],[77.131391,28.670482],[77.1314159,28.6706911]]]},"properties":{"sources":[{"property":"","dataset":"OpenStreetMap","license":"ODbL-1.0","record_id":"w350002029@1","update_time":"2024-02-29T06:05:47.000Z","confidence":null,"between":null}],"is_underground":false,"has_parts":false,"version":1}},
{"id":"64375b59-36fe-44c5-a62d-7899a3f7279f","type":"Feature","geometry":{"type":"Polygon","coordinates":[[[77.1315835,28.6706862],[77.1314455,28.6707016],[77.1314127,28.6704756],[77.1315507,28.6704602],[77.1315835,28.6706862]]]},"properties":{"sources":[{"property":"","dataset":"OpenStreetMap","license":"ODbL-1.0","record_id":"w350002053@1","update_time":"2024-02-29T06:05:47.000Z","confidence":null,"between":null}],"is_underground":false,"has_parts":false,"version":1}},
{"id":"b5e24e29-71e5-478b-acdb-07764bad4336","type":"Feature","geometry":{"type":"Polygon","coordinates":[[[77.131739,28.6706555],[77.1316092,28.6706738],[77.1315674,28.6704459],[77.1316972,28.6704276],[77.131739,28.6706555]]]},"properties":{"sources":[{"property":"","dataset":"OpenStreetMap","license":"ODbL-1.0","record_id":"w350002000@1","update_time":"2024-02-29T06:05:47.000Z","confidence":null,"between":null}],"is_underground":false,"has_parts":false,"version":1}},
{"id":"3764ac8c-d449-4078-a421-92fae7a9e14c","type":"Feature","geometry":{"type":"Polygon","coordinates":[[[77.1318636,28.6709429],[77.1316677,28.6709665],[77.1316361,28.6707644],[77.131832,28.6707408],[77.1318636,28.6709429]]]},"properties":{"sources":[{"property":"","dataset":"OpenStreetMap","license":"ODbL-1.0","record_id":"w350002096@1","update_time":"2015-05-30T06:59:20.000Z","confidence":null,"between":null}],"is_underground":false,"has_parts":false,"version":1}},
{"id":"d73b8612-f78b-4279-ae67-461fdc21a8d8","type":"Feature","geometry":{"type":"Polygon","coordinates":[[[77.1321118,28.6712596],[77.1317006,28.6713066],[77.1316678,28.6710861],[77.132079,28.6710391],[77.1321118,28.6712596]]]},"properties":{"sources":[{"property":"","dataset":"OpenStreetMap","license":"ODbL-1.0","record_id":"w350002121@1","update_time":"2015-05-30T06:59:21.000Z","confidence":null,"between":null}],"is_underground":false,"has_parts":false,"version":1}},
{"id":"f2713413-00e9-4653-b39a-96bdc6cba225","type":"Feature","geometry":{"type":"Polygon","coordinates":[[[77.132158,28.6714686],[77.1318587,28.6715028],[77.1318317,28.671321],[77.1321309,28.6712868],[77.132158,28.6714686]]]},"properties":{"sources":[{"property":"","dataset":"OpenStreetMap","license":"ODbL-1.0","record_id":"w350002078@1","update_time":"2015-05-30T06:59:19.000Z","confidence":null,"between":null}],"is_underground":false,"has_parts":false,"version":1}},
{"id":"4177fe6e-cc68-4ca4-82bd-ff6eba117dfd","type":"Feature","geometry":{"type":"Polygon","coordinates":[[[77.1321571,28.6708911],[77.1320708,28.6708987],[77.1320541,28.6707515],[77.1321403,28.670744],[77.1321571,28.6708911]]]},"properties":{"sources":[{"property":"","dataset":"OpenStreetMap","license":"ODbL-1.0","record_id":"w350002109@1","update_time":"2015-05-30T06:59:21.000Z","confidence":null,"between":null}],"is_underground":false,"has_parts":false,"version":1}},
{"id":"7f2f95b3-2aa7-4f1e-af54-35faba0fb3bd","type":"Feature","geometry":{"type":"Polygon","coordinates":[[[77.1320684,28.6709319],[77.1318744,28.6709527],[77.1318439,28.6707337],[77.1320379,28.6707129],[77.1320684,28.6709319]]]},"properties":{"sources":[{"property":"","dataset":"OpenStreetMap","license":"ODbL-1.0","record_id":"w350002055@1","update_time":"2015-05-30T06:59:18.000Z","confidence":null,"between":null}],"is_underground":false,"has_parts":false,"version":1}},
{"id":"797bb735-2d86-4fd3-9e87-b85ba60e3625","type":"Feature","geometry":{"type":"Polygon","coordinates":[[[77.1321299,28.6706188],[77.1318854,28.6706415],[77.1318571,28.6704066],[77.1321017,28.670384],[77.1321299,28.6706188]]]},"properties":{"sources":[{"property":"","dataset":"OpenStreetMap","license":"ODbL-1.0","record_id":"w350002040@1","update_time":"2024-02-29T06:05:47.000Z","confidence":null,"between":null}],"is_underground":false,"has_parts":false,"version":1}},
{"id":"10780b8e-b2cf-4d89-bc8a-12d36231c8e7","type":"Feature","geometry":{"type":"Polygon","coordinates":[[[77.1317229,28.6700933],[77.1317098,28.6699341],[77.1320646,28.6699116],[77.1320764,28.6700544],[77.131927,28.6700639],[77.1319236,28.670023],[77.1318462,28.6700279],[77.1318509,28.6700851],[77.1317229,28.6700933]]]},"properties":{"sources":[{"property":"","dataset":"Microsoft ML Buildings","license":"ODbL-1.0","record_id":null,"update_time":"2021-07-25T00:00:00.000Z","confidence":null,"between":null}],"is_underground":false,"has_parts":false,"version":3}},
{"id":"0cd0cc75-dc85-48cb-8952-e54363e286df","type":"Feature","geometry":{"type":"Polygon","coordinates":[[[77.1317889,28.6701419],[77.1318386,28.6701376],[77.1318458,28.6702021],[77.131796,28.6702063],[77.1317889,28.6701419]]]},"properties":{"sources":[{"property":"","dataset":"Google Open Buildings","license":null,"record_id":"7JWVM4CJ+3P8R","update_time":"2023-05-01T00:00:00.000Z","confidence":0.7622,"between":null}],"is_underground":false,"has_parts":false,"version":1}},
{"id":"1cab17a3-0681-47a1-a5a3-92665b3fb2c5","type":"Feature","geometry":{"type":"Polygon","coordinates":[[[77.131532,28.6699229],[77.131639,28.6699185],[77.1316426,28.6699856],[77.1315355,28.66999],[77.131532,28.6699229]]]},"properties":{"sources":[{"property":"","dataset":"Microsoft ML Buildings","license":"ODbL-1.0","record_id":null,"update_time":"2021-07-25T00:00:00.000Z","confidence":null,"between":null}],"is_underground":false,"has_parts":false,"version":3}},
{"id":"67b0f8e5-c52c-4cd1-9ea7-4d2c75486b6a","type":"Feature","geometry":{"type":"Polygon","coordinates":[[[77.1319934,28.6695739],[77.1320091,28.6696805],[77.1317879,28.6697058],[77.1317722,28.6695993],[77.1319934,28.6695739]]]},"properties":{"sources":[{"property":"","dataset":"Google Open Buildings","license":null,"record_id":"7JWVM49J+VQ2G","update_time":"2023-05-01T00:00:00.000Z","confidence":0.9322,"between":null}],"is_underground":false,"has_parts":false,"version":1}},
{"id":"e2a1b701-24da-44f9-957d-e9a8d2d48902","type":"Feature","geometry":{"type":"Polygon","coordinates":[[[77.13182,28.6694808],[77.1318325,28.6695616],[77.1316922,28.6695786],[77.1316797,28.6694977],[77.13182,28.6694808]]]},"properties":{"sources":[{"property":"","dataset":"Google Open Buildings","license":null,"record_id":"7JWVM49J+RP62","update_time":"2023-05-01T00:00:00.000Z","confidence":0.9069,"between":null}],"is_underground":false,"has_parts":false,"version":1}},
{"id":"bbd6ec9a-9a2e-4323-b632-f1bcc861ac80","type":"Feature","geometry":{"type":"Polygon","coordinates":[[[77.1318913,28.6693725],[77.1319663,28.6693698],[77.1319731,28.6695178],[77.1318981,28.6695205],[77.1318913,28.6693725]]]},"properties":{"sources":[{"property":"","dataset":"Microsoft ML Buildings","license":"ODbL-1.0","record_id":null,"update_time":"2021-07-25T00:00:00.000Z","confidence":null,"between":null}],"is_underground":false,"has_parts":false,"version":3}},
{"id":"42067a08-138d-4227-a53b-8ddb49d443ac","type":"Feature","geometry":{"type":"Polygon","coordinates":[[[77.132111,28.6697268],[77.1321259,28.6698277],[77.1320324,28.6698384],[77.1320175,28.6697375],[77.132111,28.6697268]]]},"properties":{"sources":[{"property":"","dataset":"Google Open Buildings","license":null,"record_id":"7JWVM49J+WR87","update_time":"2023-05-01T00:00:00.000Z","confidence":0.899,"between":null}],"is_underground":false,"has_parts":false,"version":1}},
{"id":"607eca81-6210-4667-8c8c-592d131d4552","type":"Feature","geometry":{"type":"Polygon","coordinates":[[[77.1323465,28.6694033],[77.1322671,28.669340300000002],[77.1324545,28.6691584],[77.1325339,28.6692214],[77.1323465,28.6694033]]]},"properties":{"sources":[{"property":"","dataset":"OpenStreetMap","license":"ODbL-1.0","record_id":"w350002068@1","update_time":"2015-05-30T06:59:19.000Z","confidence":null,"between":null}],"is_underground":false,"has_parts":false,"version":1}},
{"id":"f54977f7-624b-43ee-81f7-4aa7ee4fffac","type":"Feature","geometry":{"type":"Polygon","coordinates":[[[77.1324329,28.6694752],[77.1323512,28.6694106],[77.1325189,28.6692471],[77.1326007,28.6693117],[77.1324329,28.6694752]]]},"properties":{"sources":[{"property":"","dataset":"OpenStreetMap","license":"ODbL-1.0","record_id":"w350002125@1","update_time":"2015-05-30T06:59:21.000Z","confidence":null,"between":null}],"is_underground":false,"has_parts":false,"version":1}},
{"id":"5da0c54a-d28b-49c3-b74f-c9808dd30072","type":"Feature","geometry":{"type":"Polygon","coordinates":[[[77.1325307,28.6698618],[77.1325449,28.6699392],[77.1324626,28.6699509],[77.1324802,28.6700471],[77.1322737,28.6700766],[77.1322418,28.6699031],[77.1325307,28.6698618]]]},"properties":{"sources":[{"property":"","dataset":"Google Open Buildings","license":null,"record_id":"7JWVM49J+XXJC","update_time":"2023-05-01T00:00:00.000Z","confidence":0.8397,"between":null}],"is_underground":false,"has_parts":false,"version":1}},
{"id":"44ae39a8-01a5-42ad-985d-86c5126e293a","type":"Feature","geometry":{"type":"Polygon","coordinates":[[[77.1326684,28.6696545],[77.1325635,28.6695702],[77.1327064,28.6694334],[77.1328112,28.6695177],[77.1326684,28.6696545]]]},"properties":{"sources":[{"property":"","dataset":"OpenStreetMap","license":"ODbL-1.0","record_id":"w350002041@1","update_time":"2015-05-30T06:59:17.000Z","confidence":null,"between":null}],"is_underground":false,"has_parts":false,"version":1}},
{"id":"65ecccd5-6a06-4b77-b756-f486a80fa757","type":"Feature","geometry":{"type":"Polygon","coordinates":[[[77.1328657,28.6699847],[77.1322412,28.6694928],[77.132304,28.6694275],[77.13291099999999,28.6699404],[77.1328657,28.6699847]]]},"properties":{"sources":[{"property":"","dataset":"OpenStreetMap","license":"ODbL-1.0","record_id":"w350002064@1","update_time":"2015-05-30T06:59:19.000Z","confidence":null,"between":null}],"is_underground":false,"has_parts":false,"version":1}},
{"id":"4ca524f9-b4d3-46d2-8620-6bc3d39ee892","type":"Feature","geometry":{"type":"Polygon","coordinates":[[[77.1325583,28.6695541],[77.1324709,28.6694835],[77.1326228,28.6693388],[77.1327102,28.6694094],[77.1325583,28.6695541]]]},"properties":{"sources":[{"property":"","dataset":"OpenStreetMap","license":"ODbL-1.0","record_id":"w350002084@1","update_time":"2015-05-30T06:59:19.000Z","confidence":null,"between":null}],"is_underground":false,"has_parts":false,"version":1}},
{"id":"76a387aa-24d2-40ed-a99c-5c3a815c84ee","type":"Feature","geometry":{"type":"Polygon","coordinates":[[[77.1328479,28.6698337],[77.1326666,28.6696671],[77.1328431,28.6695193],[77.1330244,28.6696858],[77.1328479,28.6698337]]]},"properties":{"sources":[{"property":"","dataset":"OpenStreetMap","license":"ODbL-1.0","record_id":"w350002056@1","update_time":"2015-05-30T06:59:18.000Z","confidence":null,"between":null}],"is_underground":false,"has_parts":false,"version":1}},
{"id":"4455dbe8-9a00-4ccf-bedf-714c453c7016","type":"Feature","geometry":{"type":"Polygon","coordinates":[[[77.1330197,28.669357],[77.1329228,28.6692754],[77.1330669,28.6691438],[77.1331638,28.6692254],[77.1330197,28.669357]]]},"properties":{"sources":[{"property":"","dataset":"OpenStreetMap","license":"ODbL-1.0","record_id":"w350002130@1","update_time":"2015-05-30T06:59:22.000Z","confidence":null,"between":null}],"is_underground":false,"has_parts":false,"version":1}},
{"id":"72fba04f-4482-401e-9ed2-0bbc95e31e2b","type":"Feature","geometry":{"type":"Polygon","coordinates":[[[77.133147,28.6694569],[77.1330492,28.6693757],[77.133215,28.669222],[77.1333128,28.6693032],[77.133147,28.6694569]]]},"properties":{"sources":[{"property":"","dataset":"OpenStreetMap","license":"ODbL-1.0","record_id":"w350002012@1","update_time":"2015-05-30T06:59:16.000Z","confidence":null,"between":null}],"is_underground":false,"has_parts":false,"version":1}},
{"id":"600f7470-0fc8-441c-a240-8e9d7b7667c3","type":"Feature","geometry":{"type":"Polygon","coordinates":[[[77.1332564,28.6695515],[77.1331543,28.6694673],[77.1333172,28.6693153],[77.1334193,28.6693995],[77.1332564,28.6695515]]]},"properties":{"sources":[{"property":"","dataset":"OpenStreetMap","license":"ODbL-1.0","record_id":"w350002009@1","update_time":"2015-05-30T06:59:16.000Z","confidence":null,"between":null}],"is_underground":false,"has_parts":false,"version":1}},
{"id":"69beeea3-d028-4182-afa9-50f072923317","type":"Feature","geometry":{"type":"Polygon","coordinates":[[[77.1333455,28.6696326],[77.1332591,28.6695547],[77.133438,28.6694019],[77.1335244,28.6694798],[77.1333455,28.6696326]]]},"properties":{"sources":[{"property":"","dataset":"OpenStreetMap","license":"ODbL-1.0","record_id":"w350002128@1","update_time":"2015-05-30T06:59:22.000Z","confidence":null,"between":null}],"is_underground":false,"has_parts":false,"version":1}},
{"id":"c880f19e-c150-4054-9699-2fd9d9ad504c","type":"Feature","geometry":{"type":"Polygon","coordinates":[[[77.1331309,28.6700761],[77.1330887,28.6700385],[77.1333147,28.6698584],[77.1334959,28.6700397],[77.1331309,28.6700761]]]},"properties":{"sources":[{"property":"","dataset":"OpenStreetMap","license":"ODbL-1.0","record_id":"w350002107@1","update_time":"2015-05-30T06:59:21.000Z","confidence":null,"between":null}],"is_underground":false,"has_parts":false,"version":1}},
{"id":"e3bdd5b7-cc90-4de8-80f3-bcf7b38b7b86","type":"Feature","geometry":{"type":"Polygon","coordinates":[[[77.1330809,28.6700153],[77.1329921,28.6699404],[77.1331869,28.6697624],[77.1332758,28.6698373],[77.1330809,28.6700153]]]},"properties":{"sources":[{"property":"","dataset":"OpenStreetMap","license":"ODbL-1.0","record_id":"w350002054@1","update_time":"2015-05-30T06:59:18.000Z","confidence":null,"between":null}],"is_underground":false,"has_parts":false,"version":1}},
{"id":"fa22851e-bfdf-41b6-9057-d3695e301d4f","type":"Feature","geometry":{"type":"Polygon","coordinates":[[[77.1329721,28.6699369],[77.1328731,28.66985],[77.1330432,28.6697007],[77.1331422,28.6697876],[77.1329721,28.6699369]]]},"properties":{"sources":[{"property":"","dataset":"OpenStreetMap","license":"ODbL-1.0","record_id":"w350002094@1","update_time":"2015-05-30T06:59:20.000Z","confidence":null,"between":null}],"is_underground":false,"has_parts":false,"version":1}},
{"id":"e9ce644b-0723-450d-af1a-9b35af9681fb","type":"Feature","geometry":{"type":"Polygon","coordinates":[[[77.1328259,28.6700868],[77.1328222,28.6699928],[77.1329867,28.6699879],[77.1329904,28.6700819],[77.1328259,28.6700868]]]},"properties":{"sources":[{"property":"","dataset":"Microsoft ML Buildings","license":"ODbL-1.0","record_id":null,"update_time":"2021-07-25T00:00:00.000Z","confidence":null,"between":null}],"is_underground":false,"has_parts":false,"version":3}},
{"id":"c41af259-ac42-4a56-a8b5-6be08cfda08f","type":"Feature","geometry":{"type":"Polygon","coordinates":[[[77.1330609,28.6707349],[77.1330642,28.6707992],[77.1330427,28.6708001],[77.1330395,28.6707357],[77.1330609,28.6707349]]]},"properties":{"sources":[{"property":"","dataset":"Microsoft ML Buildings","license":"ODbL-1.0","record_id":null,"update_time":"2021-07-25T00:00:00.000Z","confidence":null,"between":null}],"is_underground":false,"has_parts":false,"version":3}},
{"id":"0227e899-64fb-47d6-8f9b-f270a955e32c","type":"Feature","geometry":{"type":"Polygon","coordinates":[[[77.1335768,28.670477],[77.1331525,28.6705281],[77.1331283,28.6703737],[77.1335527,28.6703227],[77.1335768,28.670477]]]},"properties":{"sources":[{"property":"","dataset":"OpenStreetMap","license":"ODbL-1.0","record_id":"w350045157@1","update_time":"2022-06-29T04:07:12.000Z","confidence":null,"between":null}],"is_underground":false,"has_parts":false,"version":1}},
{"id":"5041638a-44fa-46cf-8df9-2ddc8420a9e9","type":"Feature","geometry":{"type":"Polygon","coordinates":[[[77.1333833,28.6706066],[77.1334261,28.6705998],[77.1334313,28.6706253],[77.1333885,28.6706321],[77.1333833,28.6706066]]]},"properties":{"sources":[{"property":"","dataset":"Google Open Buildings","license":null,"record_id":"7JWVM4CM+69VJ","update_time":"2023-05-01T00:00:00.000Z","confidence":0.6951,"between":null}],"is_underground":false,"has_parts":false,"version":1}},
{"id":"65510b85-3ff9-40c1-9142-0b9e3af2630d","type":"Feature","geometry":{"type":"Polygon","coordinates":[[[77.1332867,28.6708724],[77.1332828,28.6708446],[77.1333435,28.670838],[77.1333547,28.6709178],[77.1332534,28.6709287],[77.1332461,28.6708768],[77.1332867,28.6708724]]]},"properties":{"sources":[{"property":"","dataset":"Microsoft ML Buildings","license":"ODbL-1.0","record_id":null,"update_time":"2021-07-25T00:00:00.000Z","confidence":null,"between":null}],"is_underground":false,"has_parts":false,"version":3}},
{"id":"b5dda823-d99f-425e-9586-9038df1d8481","type":"Feature","geometry":{"type":"Polygon","coordinates":[[[77.133177,28.6710507],[77.1329722,28.6710803],[77.1329395,28.6709059],[77.1331443,28.6708763],[77.133177,28.6710507]]]},"properties":{"sources":[{"property":"","dataset":"OpenStreetMap","license":"ODbL-1.0","record_id":"w350045126@1","update_time":"2015-05-30T09:47:08.000Z","confidence":null,"between":null}],"is_underground":false,"has_parts":false,"version":1}},
{"id":"1c4ecc1f-6fed-40e1-a08a-7635fd5b7cb6","type":"Feature","geometry":{"type":"Polygon","coordinates":[[[77.1329517,28.6710738],[77.1328378,28.6710892],[77.1328073,28.6709158],[77.1329212,28.6709004],[77.1329517,28.6710738]]]},"properties":{"sources":[{"property":"","dataset":"OpenStreetMap","license":"ODbL-1.0","record_id":"w350045013@1","update_time":"2015-05-30T09:47:02.000Z","confidence":null,"between":null}],"is_underground":false,"has_parts":false,"version":1}},
{"id":"47f343de-ddd7-4e35-9a67-1b418a58f333","type":"Feature","geometry":{"type":"Polygon","coordinates":[[[77.1326708,28.6711215],[77.1326074,28.6711279],[77.1325837,28.6709475],[77.1326471,28.6709411],[77.1326708,28.6711215]]]},"properties":{"sources":[{"property":"","dataset":"OpenStreetMap","license":"ODbL-1.0","record_id":"w350045263@1","update_time":"2015-05-30T09:47:16.000Z","confidence":null,"between":null}],"is_underground":false,"has_parts":false,"version":1}},
{"id":"740f0e32-b056-4b4c-92da-0acbe45ca8b9","type":"Feature","geometry":{"type":"Polygon","coordinates":[[[77.1328284,28.671113],[77.1326898,28.6711279],[77.1326661,28.6709574],[77.1328047,28.6709426],[77.1328284,28.671113]]]},"properties":{"sources":[{"property":"","dataset":"OpenStreetMap","license":"ODbL-1.0","record_id":"w350045094@1","update_time":"2015-05-30T09:47:06.000Z","confidence":null,"between":null}],"is_underground":false,"has_parts":false,"version":1}},
{"id":"9978b6ad-0dc9-4357-8e43-80e00b5dd5de","type":"Feature","geometry":{"type":"Polygon","coordinates":[[[77.1330422,28.6708014],[77.1325823,28.6708612],[77.1325542,28.6706951],[77.1330141,28.6706352],[77.1330422,28.6708014]]]},"properties":{"sources":[{"property":"","dataset":"OpenStreetMap","license":"ODbL-1.0","record_id":"w1074380905@1","update_time":"2022-06-29T04:07:12.000Z","confidence":null,"between":null}],"is_underground":false,"has_parts":false,"version":1}},
{"id":"58aa1222-1fe8-43db-829d-1aff38ecb95a","type":"Feature","geometry":{"type":"Polygon","coordinates":[[[77.1330369,28.6705354],[77.1324968,28.670604],[77.1324706,28.6704452],[77.1330106,28.6703765],[77.1330369,28.6705354]]]},"properties":{"sources":[{"property":"","dataset":"OpenStreetMap","license":"ODbL-1.0","record_id":"w350045227@1","update_time":"2022-06-29T04:07:12.000Z","confidence":null,"between":null}],"is_underground":false,"has_parts":false,"version":1}},
{"id":"b51daa36-7672-40c1-a23b-9c9f1925b19d","type":"Feature","geometry":{"type":"Polygon","coordinates":[[[77.1323195,28.6705964],[77.1321605,28.670615],[77.132127,28.6703935],[77.132286,28.670375],[77.1323195,28.6705964]]]},"properties":{"sources":[{"property":"","dataset":"OpenStreetMap","license":"ODbL-1.0","record_id":"w350002154@1","update_time":"2024-02-29T06:05:47.000Z","confidence":null,"between":null}],"is_underground":false,"has_parts":false,"version":1}},
{"id":"84b2f0fa-c2be-4b6a-b31c-deed33333381","type":"Feature","geometry":{"type":"Polygon","coordinates":[[[77.132409,28.6708992],[77.1321923,28.6709255],[77.1321539,28.6706817],[77.1323706,28.6706554],[77.132409,28.6708992]]]},"properties":{"sources":[{"property":"","dataset":"OpenStreetMap","license":"ODbL-1.0","record_id":"w350002025@1","update_time":"2022-06-29T04:07:12.000Z","confidence":null,"between":null}],"is_underground":false,"has_parts":false,"version":1}},
{"id":"1ca1da27-a0a7-4380-ad56-78c30a803b62","type":"Feature","geometry":{"type":"Polygon","coordinates":[[[77.1323332,28.6712229],[77.132125,28.6712467],[77.132099,28.6710716],[77.1323071,28.6710477],[77.1323332,28.6712229]]]},"properties":{"sources":[{"property":"","dataset":"OpenStreetMap","license":"ODbL-1.0","record_id":"w350002063@1","update_time":"2015-05-30T06:59:18.000Z","confidence":null,"between":null}],"is_underground":false,"has_parts":false,"version":1}},
{"id":"a53d3bfc-932d-4094-bb5b-d9119b88ba0c","type":"Feature","geometry":{"type":"Polygon","coordinates":[[[77.132475,28.6712177],[77.1323428,28.6712328],[77.1323127,28.6710302],[77.1324449,28.6710151],[77.132475,28.6712177]]]},"properties":{"sources":[{"property":"","dataset":"OpenStreetMap","license":"ODbL-1.0","record_id":"w350002106@1","update_time":"2015-05-30T06:59:21.000Z","confidence":null,"between":null}],"is_underground":false,"has_parts":false,"version":1}},
{"id":"6bfaf9f1-f200-4403-8b3d-8bca77c60916","type":"Feature","geometry":{"type":"Polygon","coordinates":[[[77.1325019,28.6714524],[77.1322947,28.6714761],[77.1322693,28.6713056],[77.1324765,28.6712818],[77.1325019,28.6714524]]]},"properties":{"sources":[{"property":"","dataset":"OpenStreetMap","license":"ODbL-1.0","record_id":"w350002015@1","update_time":"2015-05-30T06:59:16.000Z","confidence":null,"between":null}],"is_underground":false,"has_parts":false,"version":1}},
{"id":"30f1d5eb-9d3e-4d2c-aa24-07d7d7789323","type":"Feature","geometry":{"type":"Polygon","coordinates":[[[77.1322697,28.6714732],[77.132175,28.671484],[77.1321492,28.6713105],[77.1322439,28.6712997],[77.1322697,28.6714732]]]},"properties":{"sources":[{"property":"","dataset":"OpenStreetMap","license":"ODbL-1.0","record_id":"w350002133@1","update_time":"2015-05-30T06:59:22.000Z","confidence":null,"between":null}],"is_underground":false,"has_parts":false,"version":1}},
{"id":"cbef4de4-0fef-423e-a412-f3e8a083fd21","type":"Feature","geometry":{"type":"Polygon","coordinates":[[[77.1325524,28.6719014],[77.1323966,28.6719192],[77.1323786,28.6717983],[77.1325344,28.6717804],[77.1325524,28.6719014]]]},"properties":{"sources":[{"property":"","dataset":"OpenStreetMap","license":"ODbL-1.0","record_id":"w350002061@1","update_time":"2015-05-30T06:59:18.000Z","confidence":null,"between":null}],"is_underground":false,"has_parts":false,"version":1}},
{"id":"02649432-c894-4258-92fc-c7da5db80116","type":"Feature","geometry":{"type":"Polygon","coordinates":[[[77.1325785,28.6717507],[77.1324474,28.6717657],[77.1324186,28.6715719],[77.1325496,28.6715569],[77.1325785,28.6717507]]]},"properties":{"sources":[{"property":"","dataset":"OpenStreetMap","license":"ODbL-1.0","record_id":"w350002146@1","update_time":"2015-05-30T06:59:22.000Z","confidence":null,"between":null}],"is_underground":false,"has_parts":false,"version":1}},
{"id":"c20b0bdc-9745-4e96-8f7d-ba6bc9e88991","type":"Feature","geometry":{"type":"Polygon","coordinates":[[[77.1324387,28.6717627],[77.1323388,28.6717741],[77.1323132,28.671602],[77.1324131,28.6715905],[77.1324387,28.6717627]]]},"properties":{"sources":[{"property":"","dataset":"OpenStreetMap","license":"ODbL-1.0","record_id":"w350002033@1","update_time":"2015-05-30T06:59:17.000Z","confidence":null,"between":null}],"is_underground":false,"has_parts":false,"version":1}},
{"id":"ef0d7c3c-04fc-447e-b230-a21087cd97cd","type":"Feature","geometry":{"type":"Polygon","coordinates":[[[77.1324854,28.6714633],[77.132486,28.6714915],[77.1324502,28.671492],[77.1324496,28.6714638],[77.1324854,28.6714633]]]},"properties":{"sources":[{"property":"","dataset":"Google Open Buildings","license":null,"record_id":"7JWVM4CJ+HXW5","update_time":"2023-05-01T00:00:00.000Z","confidence":0.6666,"between":null}],"is_underground":false,"has_parts":false,"version":1}},
{"id":"feb27d4f-1f9f-430f-ae37-392e4e599130","type":"Feature","geometry":{"type":"Polygon","coordinates":[[[77.1328542,28.6724567],[77.132718,28.6724257],[77.1327733,28.6722384],[77.1329096,28.6722694],[77.1328542,28.6724567]]]},"properties":{"sources":[{"property":"","dataset":"OpenStreetMap","license":"ODbL-1.0","record_id":"w350064939@1","update_time":"2015-05-30T11:09:44.000Z","confidence":null,"between":null}],"is_underground":false,"has_parts":false,"version":1}},
{"id":"82881d7f-99d4-4350-87d3-7c7e6a30d409","type":"Feature","geometry":{"type":"Polygon","coordinates":[[[77.1326913,28.6724414],[77.1325508,28.6724039],[77.1326175,28.6722116],[77.132758,28.6722491],[77.1326913,28.6724414]]]},"properties":{"sources":[{"property":"","dataset":"OpenStreetMap","license":"ODbL-1.0","record_id":"w350064915@1","update_time":"2015-05-30T11:09:43.000Z","confidence":null,"between":null}],"is_underground":false,"has_parts":false,"version":1}},
{"id":"d6328ae9-42ab-4f94-a12c-fae6b72b1d9b","type":"Feature","geometry":{"type":"Polygon","coordinates":[[[77.1325425,28.6724135],[77.1322682,28.6723525],[77.1323303,28.6721375],[77.1326046,28.6721985],[77.1325425,28.6724135]]]},"properties":{"sources":[{"property":"","dataset":"OpenStreetMap","license":"ODbL-1.0","record_id":"w350064927@1","update_time":"2022-06-29T04:21:29.000Z","confidence":null,"between":null}],"is_underground":false,"has_parts":false,"version":1}},
{"id":"ce62d722-866e-4839-a24e-3429c6a288e9","type":"Feature","geometry":{"type":"Polygon","coordinates":[[[77.1324443,28.6721175],[77.1323344,28.67213],[77.1323073,28.6719478],[77.1326201,28.671912],[77.1326509,28.6721189],[77.1324479,28.6721421],[77.1324443,28.6721175]]]},"properties":{"sources":[{"property":"","dataset":"OpenStreetMap","license":"ODbL-1.0","record_id":"w350002160@1","update_time":"2015-05-30T06:59:23.000Z","confidence":null,"between":null}],"is_underground":false,"has_parts":false,"version":1}},
{"id":"d8a5649a-be7f-43b6-963d-04ef678ef1b2","type":"Feature","geometry":{"type":"Polygon","coordinates":[[[77.1325527,28.6729305],[77.1323231,28.6728946],[77.1323511,28.6727567],[77.1325807,28.6727925],[77.1325527,28.6729305]]]},"properties":{"sources":[{"property":"","dataset":"OpenStreetMap","license":"ODbL-1.0","record_id":"w350064896@1","update_time":"2015-06-20T07:01:58.000Z","confidence":null,"between":null}],"is_underground":false,"has_parts":false,"version":1}},
{"id":"de21fb41-1b5d-43df-997f-f017895862a6","type":"Feature","geometry":{"type":"Polygon","coordinates":[[[77.1325059,28.6731372],[77.1323451,28.6731326],[77.13235,28.6730002],[77.1325107,28.6730047],[77.1325059,28.6731372]]]},"properties":{"sources":[{"property":"","dataset":"OpenStreetMap","license":"ODbL-1.0","record_id":"w350064900@1","update_time":"2015-05-30T11:09:42.000Z","confidence":null,"between":null}],"is_underground":false,"has_parts":false,"version":1}},
{"id":"28f3ce70-d5ed-4c8d-9ef3-a616eeb0de4c","type":"Feature","geometry":{"type":"Polygon","coordinates":[[[77.1324044,28.673343],[77.1322452,28.6733216],[77.1322718,28.6731692],[77.132431,28.6731906],[77.1324044,28.673343]]]},"properties":{"sources":[{"property":"","dataset":"OpenStreetMap","license":"ODbL-1.0","record_id":"w350064970@1","update_time":"2015-05-30T11:09:46.000Z","confidence":null,"between":null}],"is_underground":false,"has_parts":false,"version":1}},
{"id":"80b58cc9-4784-4925-a249-58fe949dcb37","type":"Feature","geometry":{"type":"Polygon","coordinates":[[[77.1323661,28.6736317],[77.1322503,28.673675],[77.1321505,28.6734697],[77.1322663,28.6734264],[77.1323661,28.6736317]]]},"properties":{"sources":[{"property":"","dataset":"OpenStreetMap","license":"ODbL-1.0","record_id":"w350064868@1","update_time":"2015-05-30T11:09:41.000Z","confidence":null,"between":null}],"is_underground":false,"has_parts":false,"version":1}},
{"id":"808a98a6-2a64-41c8-a794-72795ba01ef4","type":"Feature","geometry":{"type":"Polygon","coordinates":[[[77.1324398,28.6735785],[77.1323729,28.6736019],[77.1322914,28.6734226],[77.1323584,28.6733992],[77.1324398,28.6735785]]]},"properties":{"sources":[{"property":"","dataset":"OpenStreetMap","license":"ODbL-1.0","record_id":"w350064959@1","update_time":"2015-05-30T11:09:45.000Z","confidence":null,"between":null}],"is_underground":false,"has_parts":false,"version":1}},
{"id":"0657949d-9362-4b42-bcd2-4a5aed3fa0a9","type":"Feature","geometry":{"type":"Polygon","coordinates":[[[77.1326109,28.6734899],[77.1324516,28.6735588],[77.132425,28.6735113],[77.1325842,28.6734424],[77.1326109,28.6734899]]]},"properties":{"sources":[{"property":"","dataset":"OpenStreetMap","license":"ODbL-1.0","record_id":"w350064815@1","update_time":"2015-05-30T11:09:39.000Z","confidence":null,"between":null}],"is_underground":false,"has_parts":false,"version":1}},
{"id":"46e8c205-53cf-42da-b2f1-9d5891159cab","type":"Feature","geometry":{"type":"Polygon","coordinates":[[[77.1325671,28.6734404],[77.1324404,28.6734941],[77.1323829,28.6733897],[77.1325288,28.6733885],[77.1325671,28.6734404]]]},"properties":{"sources":[{"property":"","dataset":"OpenStreetMap","license":"ODbL-1.0","record_id":"w350064846@1","update_time":"2015-05-30T11:09:40.000Z","confidence":null,"between":null}],"is_underground":false,"has_parts":false,"version":1}},
{"id":"ba8b336f-0f04-4ab1-b4f1-b93800e659b8","type":"Feature","geometry":{"type":"Polygon","coordinates":[[[77.132549,28.6733592],[77.1324295,28.6733521],[77.1324415,28.6731952],[77.132561,28.6732022],[77.132549,28.6733592]]]},"properties":{"sources":[{"property":"","dataset":"OpenStreetMap","license":"ODbL-1.0","record_id":"w350064903@1","update_time":"2015-05-30T11:09:42.000Z","confidence":null,"between":null}],"is_underground":false,"has_parts":false,"version":1}},
{"id":"e8b25577-c7cc-4bef-af7d-e246665a2781","type":"Feature","geometry":{"type":"Polygon","coordinates":[[[77.1327026,28.6731893],[77.1325199,28.6731835],[77.1325266,28.673019],[77.1327093,28.6730248],[77.1327026,28.6731893]]]},"properties":{"sources":[{"property":"","dataset":"OpenStreetMap","license":"ODbL-1.0","record_id":"w350064877@1","update_time":"2015-05-30T11:09:41.000Z","confidence":null,"between":null}],"is_underground":false,"has_parts":false,"version":1}},
{"id":"8ae94e63-f66a-4ed2-b5eb-ee642113546f","type":"Feature","geometry":{"type":"Polygon","coordinates":[[[77.1324712,28.6736135],[77.1324455,28.6735691],[77.1326255,28.673489],[77.1326512,28.6735334],[77.1324712,28.6736135]]]},"properties":{"sources":[{"property":"","dataset":"OpenStreetMap","license":"ODbL-1.0","record_id":"w350064878@1","update_time":"2015-05-30T11:09:41.000Z","confidence":null,"between":null}],"is_underground":false,"has_parts":false,"version":1}},
{"id":"d1d24e31-0135-4f5c-b241-424907e2056c","type":"Feature","geometry":{"type":"Polygon","coordinates":[[[77.1328472,28.6734103],[77.1326859,28.6734706],[77.1326513,28.6733993],[77.1328126,28.673339],[77.1328472,28.6734103]]]},"properties":{"sources":[{"property":"","dataset":"OpenStreetMap","license":"ODbL-1.0","record_id":"w350064971@1","update_time":"2015-05-30T11:09:46.000Z","confidence":null,"between":null}],"is_underground":false,"has_parts":false,"version":1}},
{"id":"56e4533a-c534-4e4e-8a05-0cf0eaa76ae9","type":"Feature","geometry":{"type":"Polygon","coordinates":[[[77.1328903,28.6734937],[77.1327258,28.6735596],[77.1326861,28.6734833],[77.1328506,28.6734174],[77.1328903,28.6734937]]]},"properties":{"sources":[{"property":"","dataset":"OpenStreetMap","license":"ODbL-1.0","record_id":"w350064872@1","update_time":"2015-05-30T11:09:41.000Z","confidence":null,"between":null}],"is_underground":false,"has_parts":false,"version":1}},
{"id":"24063ec7-a580-429c-add6-b00bd2b20439","type":"Feature","geometry":{"type":"Polygon","coordinates":[[[77.132739,28.6732959],[77.1327511,28.6733191],[77.1326596,28.673356],[77.1326476,28.6733328],[77.132739,28.6732959]]]},"properties":{"sources":[{"property":"","dataset":"Google Open Buildings","license":null,"record_id":"7JWVM4FM+83P3","update_time":"2023-05-01T00:00:00.000Z","confidence":0.6775,"between":null}],"is_underground":false,"has_parts":false,"version":1}},
{"id":"f8cee088-2dd2-453c-a570-217635602f8a","type":"Feature","geometry":{"type":"Polygon","coordinates":[[[77.1327797,28.6729914],[77.1325761,28.6729333],[77.1326308,28.672786],[77.1328343,28.6728441],[77.1327797,28.6729914]]]},"properties":{"sources":[{"property":"","dataset":"OpenStreetMap","license":"ODbL-1.0","record_id":"w350064889@1","update_time":"2022-06-29T04:21:29.000Z","confidence":null,"between":null}],"is_underground":false,"has_parts":false,"version":1}},
{"id":"629e4214-55b7-4838-8bb1-a0225d870b69","type":"Feature","geometry":{"type":"Polygon","coordinates":[[[77.1328478,28.672814],[77.1324898,28.6727475],[77.1325361,28.6725555],[77.1328942,28.672622],[77.1328478,28.672814]]]},"properties":{"sources":[{"property":"","dataset":"OpenStreetMap","license":"ODbL-1.0","record_id":"w350064850@1","update_time":"2015-05-30T11:09:40.000Z","confidence":null,"between":null}],"is_underground":false,"has_parts":false,"version":1}},
{"id":"09411ddc-3670-408d-9f5c-dcd0c3897e25","type":"Feature","geometry":{"type":"Polygon","coordinates":[[[77.1331672,28.6728744],[77.1328731,28.6728063],[77.1329258,28.6726311],[77.1332199,28.6726993],[77.1331672,28.6728744]]]},"properties":{"sources":[{"property":"","dataset":"OpenStreetMap","license":"ODbL-1.0","record_id":"w350064950@1","update_time":"2015-05-30T11:09:45.000Z","confidence":null,"between":null}],"is_underground":false,"has_parts":false,"version":1}},
{"id":"be728c65-72bc-4bd3-b157-d40e543b3941","type":"Feature","geometry":{"type":"Polygon","coordinates":[[[77.1330164,28.6730523],[77.1328187,28.6729663],[77.132891,28.6728384],[77.1330887,28.6729245],[77.1330164,28.6730523]]]},"properties":{"sources":[{"property":"","dataset":"OpenStreetMap","license":"ODbL-1.0","record_id":"w350064843@1","update_time":"2015-06-20T07:01:58.000Z","confidence":null,"between":null}],"is_underground":false,"has_parts":false,"version":1}},
{"id":"6289eb6b-43b1-4765-8bf1-cf59cd6f1a79","type":"Feature","geometry":{"type":"Polygon","coordinates":[[[77.1328781,28.673429],[77.1327696,28.6732358],[77.1329164,28.6731724],[77.1330249,28.6733656],[77.1328781,28.673429]]]},"properties":{"sources":[{"property":"","dataset":"OpenStreetMap","license":"ODbL-1.0","record_id":"w350064859@1","update_time":"2015-06-08T07:07:52.000Z","confidence":null,"between":null}],"is_underground":false,"has_parts":false,"version":1}},
{"id":"310e3f97-7bd5-4469-8db9-8bdebff34197","type":"Feature","geometry":{"type":"Polygon","coordinates":[[[77.1329427,28.6736019],[77.1327727,28.6736654],[77.1327296,28.6735767],[77.1328996,28.6735131],[77.1329427,28.6736019]]]},"properties":{"sources":[{"property":"","dataset":"OpenStreetMap","license":"ODbL-1.0","record_id":"w350064871@1","update_time":"2015-05-30T11:09:41.000Z","confidence":null,"between":null}],"is_underground":false,"has_parts":false,"version":1}},
{"id":"e39eb32e-995e-4ecc-a9ea-eaf80f42f38e","type":"Feature","geometry":{"type":"Polygon","coordinates":[[[77.1329704,28.6735877],[77.1328846,28.6734504],[77.1330371,28.6733771],[77.1331229,28.6735144],[77.1329704,28.6735877]]]},"properties":{"sources":[{"property":"","dataset":"OpenStreetMap","license":"ODbL-1.0","record_id":"w350064953@1","update_time":"2015-05-30T11:09:45.000Z","confidence":null,"between":null}],"is_underground":false,"has_parts":false,"version":1}},
{"id":"8d5a1e29-34ef-447d-9ac1-6313428f8b45","type":"Feature","geometry":{"type":"Polygon","coordinates":[[[77.1332783,28.6734836],[77.1331772,28.6735215],[77.1331325,28.6734297],[77.1332336,28.6733918],[77.1332783,28.6734836]]]},"properties":{"sources":[{"property":"","dataset":"OpenStreetMap","license":"ODbL-1.0","record_id":"w350064919@1","update_time":"2015-05-30T11:09:43.000Z","confidence":null,"between":null}],"is_underground":false,"has_parts":false,"version":1}},
{"id":"ae6cbe05-824e-4f36-99bb-c58d4b398366","type":"Feature","geometry":{"type":"Polygon","coordinates":[[[77.133455,28.6734088],[77.1332952,28.6734627],[77.1332551,28.6733714],[77.1334149,28.6733174],[77.133455,28.6734088]]]},"properties":{"sources":[{"property":"","dataset":"OpenStreetMap","license":"ODbL-1.0","record_id":"w350064828@1","update_time":"2015-05-30T11:09:39.000Z","confidence":null,"between":null}],"is_underground":false,"has_parts":false,"version":1}},
{"id":"bd258e8e-2446-41ed-bf03-46ba3f9f3888","type":"Feature","geometry":{"type":"Polygon","coordinates":[[[77.1335065,28.6735083],[77.1333316,28.6735699],[77.1332887,28.6734761],[77.1334636,28.6734145],[77.1335065,28.6735083]]]},"properties":{"sources":[{"property":"","dataset":"OpenStreetMap","license":"ODbL-1.0","record_id":"w350064955@1","update_time":"2015-05-30T11:09:45.000Z","confidence":null,"between":null}],"is_underground":false,"has_parts":false,"version":1}},
{"id":"4605742f-c9a2-4641-ad94-5800ecc7e4cc","type":"Feature","geometry":{"type":"Polygon","coordinates":[[[77.1335494,28.6736231],[77.1333634,28.6736862],[77.1333211,28.6735902],[77.1335072,28.6735271],[77.1335494,28.6736231]]]},"properties":{"sources":[{"property":"","dataset":"OpenStreetMap","license":"ODbL-1.0","record_id":"w350064863@1","update_time":"2015-05-30T11:09:41.000Z","confidence":null,"between":null}],"is_underground":false,"has_parts":false,"version":1}},
{"id":"f4ff6fc2-b140-4da0-bf61-24fffba350bc","type":"Feature","geometry":{"type":"Polygon","coordinates":[[[77.1334035,28.6730066],[77.1333036,28.6729752],[77.1334042,28.6727286],[77.1335041,28.6727599],[77.1334035,28.6730066]]]},"properties":{"sources":[{"property":"","dataset":"OpenStreetMap","license":"ODbL-1.0","record_id":"w350064934@1","update_time":"2015-05-30T11:09:44.000Z","confidence":null,"between":null}],"is_underground":false,"has_parts":false,"version":1}},
{"id":"2cd11c0d-1ae5-4339-84a6-aeb6014c8eb0","type":"Feature","geometry":{"type":"Polygon","coordinates":[[[77.1334072,28.6731828],[77.1330717,28.673051],[77.1331373,28.6729224],[77.1334976,28.6730513],[77.1334072,28.6731828]]]},"properties":{"sources":[{"property":"","dataset":"OpenStreetMap","license":"ODbL-1.0","record_id":"w350064898@1","update_time":"2015-06-20T07:01:58.000Z","confidence":null,"between":null}],"is_underground":false,"has_parts":false,"version":1}},
{"id":"4e988c89-803f-4e61-87ef-070a90e49e06","type":"Feature","geometry":{"type":"Polygon","coordinates":[[[77.1333334,28.6728609],[77.1332062,28.6728267],[77.1332557,28.6726851],[77.1333829,28.6727194],[77.1333334,28.6728609]]]},"properties":{"sources":[{"property":"","dataset":"OpenStreetMap","license":"ODbL-1.0","record_id":"w350064822@1","update_time":"2015-05-30T11:09:39.000Z","confidence":null,"between":null}],"is_underground":false,"has_parts":false,"version":1}},
{"id":"a3dc9013-a3e4-407b-83d4-6634dd0f7847","type":"Feature","geometry":{"type":"Polygon","coordinates":[[[77.1333628,28.6726246],[77.1332419,28.6725953],[77.133309,28.6723823],[77.1334298,28.6724116],[77.1333628,28.6726246]]]},"properties":{"sources":[{"property":"","dataset":"OpenStreetMap","license":"ODbL-1.0","record_id":"w350064891@1","update_time":"2015-05-30T11:09:42.000Z","confidence":null,"between":null}],"is_underground":false,"has_parts":false,"version":1}},
{"id":"e93166f3-e971-4fc5-8c51-b3ecbba7d311","type":"Feature","geometry":{"type":"Polygon","coordinates":[[[77.1332434,28.6722261],[77.1331544,28.6721946],[77.1331818,28.6721351],[77.1332708,28.6721667],[77.1332434,28.6722261]]]},"properties":{"sources":[{"property":"","dataset":"Microsoft ML Buildings","license":"ODbL-1.0","record_id":null,"update_time":"2021-07-25T00:00:00.000Z","confidence":null,"between":null}],"is_underground":false,"has_parts":false,"version":3}},
{"id":"4a48c195-b103-4a9d-8fc8-e81c4333a353","type":"Feature","geometry":{"type":"Polygon","coordinates":[[[77.1332182,28.672561],[77.1330686,28.6725135],[77.1331488,28.6723193],[77.1332983,28.6723668],[77.1332182,28.672561]]]},"properties":{"sources":[{"property":"","dataset":"OpenStreetMap","license":"ODbL-1.0","record_id":"w350064851@1","update_time":"2015-05-30T11:09:40.000Z","confidence":null,"between":null}],"is_underground":false,"has_parts":false,"version":1}},
{"id":"f6ae4531-7d93-4a23-a370-900ff01c76ca","type":"Feature","geometry":{"type":"Polygon","coordinates":[[[77.1330474,28.6725485],[77.1328484,28.6724956],[77.1329297,28.6722598],[77.1331287,28.6723126],[77.1330474,28.6725485]]]},"properties":{"sources":[{"property":"","dataset":"OpenStreetMap","license":"ODbL-1.0","record_id":"w350064902@1","update_time":"2015-05-30T11:09:42.000Z","confidence":null,"between":null}],"is_underground":false,"has_parts":false,"version":1}},
{"id":"8f219ba3-b350-4595-a233-da5a559f30b6","type":"Feature","geometry":{"type":"Polygon","coordinates":[[[77.1327808,28.6719388],[77.1328155,28.6719336],[77.1328264,28.6719894],[77.1328741,28.6719822],[77.1329046,28.672139],[77.1328223,28.6721515],[77.1327808,28.6719388]]]},"properties":{"sources":[{"property":"","dataset":"Google Open Buildings","license":null,"record_id":"7JWVM4CM+R4G5","update_time":"2023-05-01T00:00:00.000Z","confidence":0.7304,"between":null}],"is_underground":false,"has_parts":false,"version":1}},
{"id":"03270d5d-8107-44e4-9c36-0c9e82c5500f","type":"Feature","geometry":{"type":"Polygon","coordinates":[[[77.1331022,28.6721553],[77.1330752,28.6722546],[77.1330348,28.6722461],[77.1330619,28.6721467],[77.1331022,28.6721553]]]},"properties":{"sources":[{"property":"","dataset":"Google Open Buildings","license":null,"record_id":"7JWVM4CM+V6P2","update_time":"2023-05-01T00:00:00.000Z","confidence":0.6815,"between":null}],"is_underground":false,"has_parts":false,"version":1}},
{"id":"68a462d4-42e9-411d-9d2b-6d5de82ed925","type":"Feature","geometry":{"type":"Polygon","coordinates":[[[77.1331458,28.6720196],[77.1331472,28.6720421],[77.1330246,28.672048],[77.1330232,28.6720255],[77.1331458,28.6720196]]]},"properties":{"sources":[{"property":"","dataset":"Google Open Buildings","license":null,"record_id":"7JWVM4CM+R688","update_time":"2023-05-01T00:00:00.000Z","confidence":0.6643,"between":null}],"is_underground":false,"has_parts":false,"version":1}},
{"id":"44489aa8-1734-48c6-881a-b0a6ec0bccab","type":"Feature","geometry":{"type":"Polygon","coordinates":[[[77.1330518,28.6719432],[77.1331711,28.6719348],[77.1331735,28.6719612],[77.1330542,28.6719696],[77.1330518,28.6719432]]]},"properties":{"sources":[{"property":"","dataset":"Google Open Buildings","license":null,"record_id":"7JWVM4CM+Q6Q4","update_time":"2023-05-01T00:00:00.000Z","confidence":0.7229,"between":null}],"is_underground":false,"has_parts":false,"version":1}},
{"id":"e08434cb-8b47-46bc-b952-6868f37f2819","type":"Feature","geometry":{"type":"Polygon","coordinates":[[[77.1331014,28.6717135],[77.1331342,28.6717112],[77.133139,28.6717644],[77.1331061,28.6717667],[77.1331014,28.6717135]]]},"properties":{"sources":[{"property":"","dataset":"Google Open Buildings","license":null,"record_id":"7JWVM4CM+M6XH","update_time":"2023-05-01T00:00:00.000Z","confidence":0.7267,"between":null}],"is_underground":false,"has_parts":false,"version":1}},
{"id":"6a182e5f-10f0-462d-8b54-d0b5a4616e7b","type":"Feature","geometry":{"type":"Polygon","coordinates":[[[77.1337635,28.6719431],[77.1337333,28.6719103],[77.1337836,28.6718746],[77.1338138,28.6719074],[77.1337635,28.6719431]]]},"properties":{"sources":[{"property":"","dataset":"Microsoft ML Buildings","license":"ODbL-1.0","record_id":null,"update_time":"2021-07-25T00:00:00.000Z","confidence":null,"between":null}],"is_underground":false,"has_parts":false,"version":3}},
{"id":"e7e83bbc-ad2b-4a63-adf2-62251b4f73b6","type":"Feature","geometry":{"type":"Polygon","coordinates":[[[77.133742,28.6717044],[77.1337848,28.6716949],[77.1338078,28.6717745],[77.133765,28.671784],[77.133742,28.6717044]]]},"properties":{"sources":[{"property":"","dataset":"Microsoft ML Buildings","license":"ODbL-1.0","record_id":null,"update_time":"2021-07-25T00:00:00.000Z","confidence":null,"between":null}],"is_underground":false,"has_parts":false,"version":3}},
{"id":"47c52c46-d11a-4eb3-8d99-d144936fc399","type":"Feature","geometry":{"type":"Polygon","coordinates":[[[77.1338182,28.6716615],[77.1338728,28.6716955],[77.1338524,28.6717209],[77.1337979,28.6716868],[77.1338182,28.6716615]]]},"properties":{"sources":[{"property":"","dataset":"Google Open Buildings","license":null,"record_id":"7JWVM4CM+MGGP","update_time":"2023-05-01T00:00:00.000Z","confidence":0.7562,"between":null}],"is_underground":false,"has_parts":false,"version":1}},
{"id":"1db7f7ea-9a6f-44e9-b989-4748fc767dcf","type":"Feature","geometry":{"type":"Polygon","coordinates":[[[77.1340309,28.6718414],[77.1339437,28.6717655],[77.1340871,28.6716386],[77.1341743,28.6717146],[77.1340309,28.6718414]]]},"properties":{"sources":[{"property":"","dataset":"OpenStreetMap","license":"ODbL-1.0","record_id":"w350045271@1","update_time":"2015-05-30T09:47:17.000Z","confidence":null,"between":null}],"is_underground":false,"has_parts":false,"version":1}},
{"id":"d949957f-e433-41b2-8fb0-d98eebe72087","type":"Feature","geometry":{"type":"Polygon","coordinates":[[[77.1338194,28.6718324],[77.1338669,28.6718343],[77.1338647,28.671877],[77.1338172,28.6718751],[77.1338194,28.6718324]]]},"properties":{"sources":[{"property":"","dataset":"Google Open Buildings","license":null,"record_id":"7JWVM4CM+PGW5","update_time":"2023-05-01T00:00:00.000Z","confidence":0.6652,"between":null}],"is_underground":false,"has_parts":false,"version":1}},
{"id":"230da69d-5902-4c50-b1fc-f802fb4d2f40","type":"Feature","geometry":{"type":"Polygon","coordinates":[[[77.1336839,28.6720423],[77.1337938,28.6719526],[77.1339016,28.6720542],[77.1338075,28.672131],[77.1337551,28.6720817],[77.1337394,28.6720946],[77.1336839,28.6720423]]]},"properties":{"sources":[{"property":"","dataset":"OpenStreetMap","license":"ODbL-1.0","record_id":"w350064975@1","update_time":"2015-05-30T11:09:46.000Z","confidence":null,"between":null}],"is_underground":false,"has_parts":false,"version":1}},
{"id":"d7386fd1-9038-4e8f-ac3a-cdd364ffe83d","type":"Feature","geometry":{"type":"Polygon","coordinates":[[[77.1340893,28.6720661],[77.1341203,28.6720978],[77.134061,28.6721429],[77.13403,28.6721112],[77.1340893,28.6720661]]]},"properties":{"sources":[{"property":"","dataset":"Google Open Buildings","license":null,"record_id":"7JWVM4CM+RJW3","update_time":"2023-05-01T00:00:00.000Z","confidence":0.711,"between":null}],"is_underground":false,"has_parts":false,"version":1}},
{"id":"610f4362-13dc-470e-85d3-d0345b152b30","type":"Feature","geometry":{"type":"Polygon","coordinates":[[[77.1342917,28.6725149],[77.1342255,28.6725615],[77.1338957,28.6721998],[77.1339619,28.6721533],[77.1342917,28.6725149]]]},"properties":{"sources":[{"property":"","dataset":"OpenStreetMap","license":"ODbL-1.0","record_id":"w350064933@1","update_time":"2015-05-30T11:09:44.000Z","confidence":null,"between":null}],"is_underground":false,"has_parts":false,"version":1}},
{"id":"8c2ecde0-6fe8-4725-953c-1ab59847a326","type":"Feature","geometry":{"type":"Polygon","coordinates":[[[77.1336929,28.6725028],[77.1334285,28.6722425],[77.1336856,28.6720624],[77.1337353,28.6721098],[77.133755,28.6720939],[77.1339294,28.6722603],[77.1339097,28.6722762],[77.1341307,28.672487],[77.1339296,28.672645],[77.1337442,28.6724624],[77.1336929,28.6725028]]]},"properties":{"sources":[{"property":"","dataset":"OpenStreetMap","license":"ODbL-1.0","record_id":"w350064812@1","update_time":"2015-05-30T11:09:39.000Z","confidence":null,"between":null}],"is_underground":false,"has_parts":false,"version":1}},
{"id":"f91bdcff-9b42-45d0-873b-975695971016","type":"Feature","geometry":{"type":"Polygon","coordinates":[[[77.1335467,28.6726568],[77.1333753,28.6726107],[77.1334384,28.67243],[77.133585,28.6725216],[77.1335467,28.6726568]]]},"properties":{"sources":[{"property":"","dataset":"OpenStreetMap","license":"ODbL-1.0","record_id":"w350064823@1","update_time":"2015-05-30T11:09:39.000Z","confidence":null,"between":null}],"is_underground":false,"has_parts":false,"version":1}},
{"id":"439942c7-0efc-4d1f-8c8a-3ac121dc30d6","type":"Feature","geometry":{"type":"Polygon","coordinates":[[[77.1336742,28.6727003],[77.1335859,28.672662],[77.1336522,28.6725632],[77.1337373,28.6726317],[77.1336742,28.6727003]]]},"properties":{"sources":[{"property":"","dataset":"OpenStreetMap","license":"ODbL-1.0","record_id":"w350064916@1","update_time":"2015-05-30T11:09:43.000Z","confidence":null,"between":null}],"is_underground":false,"has_parts":false,"version":1}},
{"id":"652e46f4-68f5-41ec-8912-631faffb0729","type":"Feature","geometry":{"type":"Polygon","coordinates":[[[77.1335889,28.6729533],[77.1334673,28.6728994],[77.1335376,28.6727774],[77.1336592,28.6728314],[77.1335889,28.6729533]]]},"properties":{"sources":[{"property":"","dataset":"OpenStreetMap","license":"ODbL-1.0","record_id":"w350064895@1","update_time":"2015-05-30T11:09:42.000Z","confidence":null,"between":null}],"is_underground":false,"has_parts":false,"version":1}},
{"id":"ae4c184c-2973-43be-98b9-391e0d1b3aea","type":"Feature","geometry":{"type":"Polygon","coordinates":[[[77.1334822,28.6733268],[77.1335046,28.6733214],[77.1335249,28.6733877],[77.1335024,28.6733931],[77.1334822,28.6733268]]]},"properties":{"sources":[{"property":"","dataset":"Google Open Buildings","license":null,"record_id":"7JWVM4FM+8CR6","update_time":"2023-05-01T00:00:00.000Z","confidence":0.6594,"between":null}],"is_underground":false,"has_parts":false,"version":1}},
{"id":"7f442987-189c-433a-9410-c8519e01377c","type":"Feature","geometry":{"type":"Polygon","coordinates":[[[77.1336587,28.6734767],[77.133547,28.673496],[77.1335074,28.6732711],[77.1336632,28.6732864],[77.1336587,28.6734767]]]},"properties":{"sources":[{"property":"","dataset":"OpenStreetMap","license":"ODbL-1.0","record_id":"w350064835@1","update_time":"2022-06-29T04:21:29.000Z","confidence":null,"between":null}],"is_underground":false,"has_parts":false,"version":1}},
{"id":"2c7932a8-538c-4420-8d52-bd2c088f4d51","type":"Feature","geometry":{"type":"Polygon","coordinates":[[[77.1338112,28.6734907],[77.1336623,28.6734777],[77.1336849,28.6732795],[77.1338338,28.6732925],[77.1338112,28.6734907]]]},"properties":{"sources":[{"property":"","dataset":"OpenStreetMap","license":"ODbL-1.0","record_id":"w350064887@1","update_time":"2015-05-30T11:09:42.000Z","confidence":null,"between":null}],"is_underground":false,"has_parts":false,"version":1}},
{"id":"975d3dca-6b27-4661-986f-8a197945ae8c","type":"Feature","geometry":{"type":"Polygon","coordinates":[[[77.1337562,28.6730126],[77.1337589,28.6731491],[77.1337122,28.6731498],[77.133713,28.6731875],[77.1335747,28.6731896],[77.1335727,28.6730922],[77.1336237,28.6730914],[77.1336221,28.6730147],[77.1337562,28.6730126]]]},"properties":{"sources":[{"property":"","dataset":"Microsoft ML Buildings","license":"ODbL-1.0","record_id":null,"update_time":"2021-07-25T00:00:00.000Z","confidence":null,"between":null}],"is_underground":false,"has_parts":false,"version":3}},
{"id":"337bdafd-f26a-4710-9d08-b2bff04ff4df","type":"Feature","geometry":{"type":"Polygon","coordinates":[[[77.1339262,28.6731912],[77.1337861,28.6732007],[77.133767,28.6729842],[77.133907,28.6729747],[77.1339262,28.6731912]]]},"properties":{"sources":[{"property":"","dataset":"OpenStreetMap","license":"ODbL-1.0","record_id":"w350064947@1","update_time":"2015-05-30T11:09:45.000Z","confidence":null,"between":null}],"is_underground":false,"has_parts":false,"version":1}},
{"id":"884298b8-67a5-456e-8b4a-a2e9e5de599d","type":"Feature","geometry":{"type":"Polygon","coordinates":[[[77.1340032,28.6735025],[77.1338107,28.6735641],[77.1338359,28.6734681],[77.1339725,28.6734288],[77.1340032,28.6735025]]]},"properties":{"sources":[{"property":"","dataset":"OpenStreetMap","license":"ODbL-1.0","record_id":"w350064853@1","update_time":"2015-05-30T11:09:40.000Z","confidence":null,"between":null}],"is_underground":false,"has_parts":false,"version":1}},
{"id":"7c3bec86-1ab5-45ea-9564-cea3065ae709","type":"Feature","geometry":{"type":"Polygon","coordinates":[[[77.133984,28.6734177],[77.1338219,28.673459],[77.1338693,28.6733041],[77.133942,28.6732908],[77.133984,28.6734177]]]},"properties":{"sources":[{"property":"","dataset":"OpenStreetMap","license":"ODbL-1.0","record_id":"w350064905@1","update_time":"2015-05-30T11:09:42.000Z","confidence":null,"between":null}],"is_underground":false,"has_parts":false,"version":1}},
{"id":"19aed209-0c5e-45ed-b094-a8786402eaed","type":"Feature","geometry":{"type":"Polygon","coordinates":[[[77.1340936,28.6734351],[77.1340303,28.6734506],[77.133968,28.6732551],[77.1340313,28.6732396],[77.1340936,28.6734351]]]},"properties":{"sources":[{"property":"","dataset":"OpenStreetMap","license":"ODbL-1.0","record_id":"w350064892@1","update_time":"2015-05-30T11:09:42.000Z","confidence":null,"between":null}],"is_underground":false,"has_parts":false,"version":1}},
{"id":"76605d08-786a-4940-8d18-f5b993e05898","type":"Feature","geometry":{"type":"Polygon","coordinates":[[[77.134162,28.6731353],[77.1340712,28.6731608],[77.133993,28.6729464],[77.1340838,28.6729209],[77.134162,28.6731353]]]},"properties":{"sources":[{"property":"","dataset":"OpenStreetMap","license":"ODbL-1.0","record_id":"w350064925@1","update_time":"2015-05-30T11:09:44.000Z","confidence":null,"between":null}],"is_underground":false,"has_parts":false,"version":1}},
{"id":"98b36abd-55f3-409b-b314-3929aec7b2cf","type":"Feature","geometry":{"type":"Polygon","coordinates":[[[77.1340496,28.6731645],[77.1339786,28.6731804],[77.1339179,28.6729716],[77.1339889,28.6729557],[77.1340496,28.6731645]]]},"properties":{"sources":[{"property":"","dataset":"OpenStreetMap","license":"ODbL-1.0","record_id":"w350064839@1","update_time":"2015-05-30T11:09:40.000Z","confidence":null,"between":null}],"is_underground":false,"has_parts":false,"version":1}},
{"id":"53ced783-164f-4455-bc2c-9e196e054ff7","type":"Feature","geometry":{"type":"Polygon","coordinates":[[[77.1339792,28.6728738],[77.1337972,28.6729296],[77.1337513,28.6728145],[77.1339332,28.6727586],[77.1339792,28.6728738]]]},"properties":{"sources":[{"property":"","dataset":"OpenStreetMap","license":"ODbL-1.0","record_id":"w350064929@1","update_time":"2015-05-30T11:09:44.000Z","confidence":null,"between":null}],"is_underground":false,"has_parts":false,"version":1}},
{"id":"3e3ce417-2fb3-428d-8997-aecd89cd87a8","type":"Feature","geometry":{"type":"Polygon","coordinates":[[[77.133781,28.6727997],[77.1336849,28.6727034],[77.1337624,28.6726109],[77.133916,28.672752],[77.133781,28.6727997]]]},"properties":{"sources":[{"property":"","dataset":"OpenStreetMap","license":"ODbL-1.0","record_id":"w350064858@1","update_time":"2015-05-30T11:09:41.000Z","confidence":null,"between":null}],"is_underground":false,"has_parts":false,"version":1}},
{"id":"33eb37f1-90a2-464c-ba1b-3b96a993bd2c","type":"Feature","geometry":{"type":"Polygon","coordinates":[[[77.1341988,28.6728171],[77.1339938,28.6728758],[77.1339355,28.6727191],[77.1341405,28.6726604],[77.1341988,28.6728171]]]},"properties":{"sources":[{"property":"","dataset":"OpenStreetMap","license":"ODbL-1.0","record_id":"w350064964@1","update_time":"2015-05-30T11:09:46.000Z","confidence":null,"between":null}],"is_underground":false,"has_parts":false,"version":1}},
{"id":"b779380d-32b5-4ace-b70e-f112e37315c2","type":"Feature","geometry":{"type":"Polygon","coordinates":[[[77.1343765,28.6727534],[77.1342156,28.6727991],[77.1341544,28.6726333],[77.1343152,28.6725876],[77.1343765,28.6727534]]]},"properties":{"sources":[{"property":"","dataset":"OpenStreetMap","license":"ODbL-1.0","record_id":"w350064923@1","update_time":"2015-05-30T11:09:43.000Z","confidence":null,"between":null}],"is_underground":false,"has_parts":false,"version":1}},
{"id":"0d3a73bc-5698-4926-80df-f53abce70723","type":"Feature","geometry":{"type":"Polygon","coordinates":[[[77.1344504,28.6730382],[77.1343713,28.6730603],[77.1342978,28.6728571],[77.1343769,28.672835],[77.1344504,28.6730382]]]},"properties":{"sources":[{"property":"","dataset":"OpenStreetMap","license":"ODbL-1.0","record_id":"w350064894@1","update_time":"2015-05-30T11:09:42.000Z","confidence":null,"between":null}],"is_underground":false,"has_parts":false,"version":1}},
{"id":"ca943ca9-5707-474d-9239-7b12ea34f854","type":"Feature","geometry":{"type":"Polygon","coordinates":[[[77.1343572,28.6730783],[77.134285,28.6730953],[77.1342211,28.6728872],[77.1342933,28.6728701],[77.1343572,28.6730783]]]},"properties":{"sources":[{"property":"","dataset":"OpenStreetMap","license":"ODbL-1.0","record_id":"w350064932@1","update_time":"2015-05-30T11:09:44.000Z","confidence":null,"between":null}],"is_underground":false,"has_parts":false,"version":1}},
{"id":"f5e3f5ed-551e-4f68-a418-050cd5c51200","type":"Feature","geometry":{"type":"Polygon","coordinates":[[[77.1342742,28.673091199999998],[77.1341972,28.6731093],[77.1341389,28.6729187],[77.1342159,28.6729006],[77.1342742,28.673091199999998]]]},"properties":{"sources":[{"property":"","dataset":"OpenStreetMap","license":"ODbL-1.0","record_id":"w350064818@1","update_time":"2015-05-30T11:09:39.000Z","confidence":null,"between":null}],"is_underground":false,"has_parts":false,"version":1}},
{"id":"b1441ea1-20bb-4b86-a302-1dd87cd3a161","type":"Feature","geometry":{"type":"Polygon","coordinates":[[[77.1342777,28.6733576],[77.1341957,28.6733787],[77.134143,28.6732211],[77.1342249,28.6732],[77.1342777,28.6733576]]]},"properties":{"sources":[{"property":"","dataset":"OpenStreetMap","license":"ODbL-1.0","record_id":"w350064884@1","update_time":"2015-05-30T11:09:42.000Z","confidence":null,"between":null}],"is_underground":false,"has_parts":false,"version":1}},
{"id":"a3bfe70e-206f-43c2-aed5-066cbc18efaf","type":"Feature","geometry":{"type":"Polygon","coordinates":[[[77.1341984,28.6734641],[77.1341211,28.6734807],[77.1340568,28.6732508],[77.134134,28.6732342],[77.1341984,28.6734641]]]},"properties":{"sources":[{"property":"","dataset":"OpenStreetMap","license":"ODbL-1.0","record_id":"w350064826@1","update_time":"2015-05-30T11:09:39.000Z","confidence":null,"between":null}],"is_underground":false,"has_parts":false,"version":1}},
{"id":"7c8d2ec4-0ea7-462c-9ba0-f5ac328d3d5e","type":"Feature","geometry":{"type":"Polygon","coordinates":[[[77.1344689,28.6733268],[77.1343993,28.6733458],[77.1343482,28.6732014],[77.1344178,28.6731825],[77.1344689,28.6733268]]]},"properties":{"sources":[{"property":"","dataset":"OpenStreetMap","license":"ODbL-1.0","record_id":"w350064957@1","update_time":"2015-05-30T11:09:45.000Z","confidence":null,"between":null}],"is_underground":false,"has_parts":false,"version":1}},
{"id":"8c483cca-eb89-4aa8-ad00-33e3122e48df","type":"Feature","geometry":{"type":"Polygon","coordinates":[[[77.1343765,28.6733483],[77.1342883,28.6733696],[77.1342332,28.6731937],[77.1343214,28.6731725],[77.1343765,28.6733483]]]},"properties":{"sources":[{"property":"","dataset":"OpenStreetMap","license":"ODbL-1.0","record_id":"w350064969@1","update_time":"2015-05-30T11:09:46.000Z","confidence":null,"between":null}],"is_underground":false,"has_parts":false,"version":1}},
{"id":"a4ed8200-e317-419e-b25c-646157a424c5","type":"Feature","geometry":{"type":"Polygon","coordinates":[[[77.134577,28.6732772],[77.1344793,28.6733053],[77.1344262,28.6731636],[77.1345239,28.6731355],[77.134577,28.6732772]]]},"properties":{"sources":[{"property":"","dataset":"OpenStreetMap","license":"ODbL-1.0","record_id":"w350064833@1","update_time":"2015-05-30T11:09:40.000Z","confidence":null,"between":null}],"is_underground":false,"has_parts":false,"version":1}},
{"id":"9dc0ba6c-a565-4ed8-97df-61162b5e2f25","type":"Feature","geometry":{"type":"Polygon","coordinates":[[[77.1345743,28.6733551],[77.134593,28.6734041],[77.1344697,28.6734407],[77.1344511,28.6733916],[77.1345743,28.6733551]]]},"properties":{"sources":[{"property":"","dataset":"Google Open Buildings","license":null,"record_id":"7JWVM4FM+9R2W","update_time":"2023-05-01T00:00:00.000Z","confidence":0.6632,"between":null}],"is_underground":false,"has_parts":false,"version":1}},
{"id":"13a49436-68ac-4124-a555-808e182a6c7d","type":"Feature","geometry":{"type":"Polygon","coordinates":[[[77.1346827,28.6732441],[77.1346047,28.6732647],[77.134555,28.67312],[77.134633,28.6730994],[77.1346827,28.6732441]]]},"properties":{"sources":[{"property":"","dataset":"OpenStreetMap","license":"ODbL-1.0","record_id":"w350064943@1","update_time":"2015-05-30T11:09:44.000Z","confidence":null,"between":null}],"is_underground":false,"has_parts":false,"version":1}},
{"id":"dec59154-a018-434b-9f9a-8b8c6b9572ff","type":"Feature","geometry":{"type":"Polygon","coordinates":[[[77.1348018,28.6732663],[77.1347131,28.6732905],[77.1346442,28.6730963],[77.1347329,28.673072],[77.1348018,28.6732663]]]},"properties":{"sources":[{"property":"","dataset":"OpenStreetMap","license":"ODbL-1.0","record_id":"w350064906@1","update_time":"2015-05-30T11:09:43.000Z","confidence":null,"between":null}],"is_underground":false,"has_parts":false,"version":1}},
{"id":"b680d3e6-468b-4796-a98a-86d1c5e18bb9","type":"Feature","geometry":{"type":"Polygon","coordinates":[[[77.1347022,28.6729648],[77.1346228,28.6729875],[77.1345558,28.6728075],[77.1346351,28.6727847],[77.1347022,28.6729648]]]},"properties":{"sources":[{"property":"","dataset":"OpenStreetMap","license":"ODbL-1.0","record_id":"w350064936@1","update_time":"2015-05-30T11:09:44.000Z","confidence":null,"between":null}],"is_underground":false,"has_parts":false,"version":1}},
{"id":"0ca3081f-01bd-4ba4-aea8-83adf64a8a2c","type":"Feature","geometry":{"type":"Polygon","coordinates":[[[77.134529,28.6730177],[77.1344559,28.6730373],[77.1343928,28.6728565],[77.1344659,28.6728369],[77.134529,28.6730177]]]},"properties":{"sources":[{"property":"","dataset":"OpenStreetMap","license":"ODbL-1.0","record_id":"w350064926@1","update_time":"2015-05-30T11:09:44.000Z","confidence":null,"between":null}],"is_underground":false,"has_parts":false,"version":1}},
{"id":"4e755757-cc31-4450-bda4-25f7425c2996","type":"Feature","geometry":{"type":"Polygon","coordinates":[[[77.1346134,28.6729908],[77.1345406,28.6730121],[77.1344735,28.6728355],[77.1345463,28.6728142],[77.1346134,28.6729908]]]},"properties":{"sources":[{"property":"","dataset":"OpenStreetMap","license":"ODbL-1.0","record_id":"w350064910@1","update_time":"2015-05-30T11:09:43.000Z","confidence":null,"between":null}],"is_underground":false,"has_parts":false,"version":1}},
{"id":"564dbd0a-ce10-43cc-871b-449ede9093b4","type":"Feature","geometry":{"type":"Polygon","coordinates":[[[77.1345227,28.6727241],[77.1343964,28.672763],[77.1343213,28.6725752],[77.1344476,28.6725363],[77.1345227,28.6727241]]]},"properties":{"sources":[{"property":"","dataset":"OpenStreetMap","license":"ODbL-1.0","record_id":"w350064908@1","update_time":"2015-05-30T11:09:43.000Z","confidence":null,"between":null}],"is_underground":false,"has_parts":false,"version":1}},
{"id":"c1091488-685e-4137-a6dc-d09cdafe548d","type":"Feature","geometry":{"type":"Polygon","coordinates":[[[77.1346416,28.6724948],[77.1345408,28.6723704],[77.1347033,28.672269],[77.1348041,28.6723933],[77.1346416,28.6724948]]]},"properties":{"sources":[{"property":"","dataset":"OpenStreetMap","license":"ODbL-1.0","record_id":"w350045069@1","update_time":"2015-05-30T09:47:05.000Z","confidence":null,"between":null}],"is_underground":false,"has_parts":false,"version":1}},
{"id":"336834eb-d9a5-4b88-9f39-c5838e9e190f","type":"Feature","geometry":{"type":"Polygon","coordinates":[[[77.1345158,28.6723029],[77.1344497,28.6722288],[77.1346043,28.6721227],[77.1346704,28.6721968],[77.1345158,28.6723029]]]},"properties":{"sources":[{"property":"","dataset":"OpenStreetMap","license":"ODbL-1.0","record_id":"w350044950@1","update_time":"2015-05-30T09:46:58.000Z","confidence":null,"between":null}],"is_underground":false,"has_parts":false,"version":1}},
{"id":"400b1aba-e2ad-441b-900f-4a4a6d4bcf8a","type":"Feature","geometry":{"type":"Polygon","coordinates":[[[77.1344513,28.6722095],[77.1343382,28.6720862],[77.1344953,28.6719753],[77.1346084,28.6720986],[77.1344513,28.6722095]]]},"properties":{"sources":[{"property":"","dataset":"OpenStreetMap","license":"ODbL-1.0","record_id":"w350045091@1","update_time":"2015-05-30T09:47:06.000Z","confidence":null,"between":null}],"is_underground":false,"has_parts":false,"version":1}},
{"id":"931577ac-db93-4a63-a764-4292148911e6","type":"Feature","geometry":{"type":"Polygon","coordinates":[[[77.1343252,28.6720859],[77.1342619,28.6720298],[77.1344192,28.6718931],[77.1344825,28.6719493],[77.1343252,28.6720859]]]},"properties":{"sources":[{"property":"","dataset":"OpenStreetMap","license":"ODbL-1.0","record_id":"w350044974@1","update_time":"2015-05-30T09:46:59.000Z","confidence":null,"between":null}],"is_underground":false,"has_parts":false,"version":1}},
{"id":"f17515f9-3a2a-4935-af22-c609585fa7f7","type":"Feature","geometry":{"type":"Polygon","coordinates":[[[77.1342633,28.6720132],[77.1342127,28.6719695],[77.1343492,28.6718476],[77.1343999,28.6718912],[77.1342633,28.6720132]]]},"properties":{"sources":[{"property":"","dataset":"OpenStreetMap","license":"ODbL-1.0","record_id":"w350045059@1","update_time":"2015-05-30T09:47:05.000Z","confidence":null,"between":null}],"is_underground":false,"has_parts":false,"version":1}},
{"id":"e5a3af6f-896b-4174-8781-3aa629fa9503","type":"Feature","geometry":{"type":"Polygon","coordinates":[[[77.1341841,28.6719788],[77.1341207,28.6719224],[77.1342805,28.6717843],[77.1343438,28.6718408],[77.1341841,28.6719788]]]},"properties":{"sources":[{"property":"","dataset":"OpenStreetMap","license":"ODbL-1.0","record_id":"w350044949@1","update_time":"2015-05-30T09:46:58.000Z","confidence":null,"between":null}],"is_underground":false,"has_parts":false,"version":1}},
{"id":"264529e8-9f09-480a-8767-5b9a75000583","type":"Feature","geometry":{"type":"Polygon","coordinates":[[[77.1341251,28.6719137],[77.1340487,28.6718507],[77.1341899,28.6717189],[77.1342662,28.6717819],[77.1341251,28.6719137]]]},"properties":{"sources":[{"property":"","dataset":"OpenStreetMap","license":"ODbL-1.0","record_id":"w350045194@1","update_time":"2015-05-30T09:47:12.000Z","confidence":null,"between":null}],"is_underground":false,"has_parts":false,"version":1}},
{"id":"d11962b8-5326-4bb6-83e4-f33a57b85e04","type":"Feature","geometry":{"type":"Polygon","coordinates":[[[77.1341997,28.6716757],[77.1341186,28.6716017],[77.1342592,28.6714833],[77.1343402,28.6715573],[77.1341997,28.6716757]]]},"properties":{"sources":[{"property":"","dataset":"OpenStreetMap","license":"ODbL-1.0","record_id":"w350045186@1","update_time":"2015-05-30T09:47:12.000Z","confidence":null,"between":null}],"is_underground":false,"has_parts":false,"version":1}},
{"id":"8197be64-2369-48b3-8edf-5d32aadb8f45","type":"Feature","geometry":{"type":"Polygon","coordinates":[[[77.1343093,28.6717253],[77.1342368,28.6716612],[77.134347,28.6715652],[77.1344195,28.6716293],[77.1343093,28.6717253]]]},"properties":{"sources":[{"property":"","dataset":"OpenStreetMap","license":"ODbL-1.0","record_id":"w350045011@1","update_time":"2015-05-30T09:47:01.000Z","confidence":null,"between":null}],"is_underground":false,"has_parts":false,"version":1}},
{"id":"6fa7b712-7ff7-4098-a619-da58d0ba42a6","type":"Feature","geometry":{"type":"Polygon","coordinates":[[[77.1343728,28.6717833],[77.1343183,28.6717348],[77.1344365,28.6716325],[77.134491,28.671681],[77.1343728,28.6717833]]]},"properties":{"sources":[{"property":"","dataset":"OpenStreetMap","license":"ODbL-1.0","record_id":"w350045276@1","update_time":"2015-05-30T09:47:17.000Z","confidence":null,"between":null}],"is_underground":false,"has_parts":false,"version":1}},
{"id":"d5fb99d2-ed17-4c56-a3f5-7e3992b21063","type":"Feature","geometry":{"type":"Polygon","coordinates":[[[77.1344359,28.671859],[77.1343678,28.6717986],[77.1345036,28.6716809],[77.1345717,28.6717413],[77.1344359,28.671859]]]},"properties":{"sources":[{"property":"","dataset":"OpenStreetMap","license":"ODbL-1.0","record_id":"w350045040@1","update_time":"2015-05-30T09:47:03.000Z","confidence":null,"between":null}],"is_underground":false,"has_parts":false,"version":1}},
{"id":"fa544afa-3fc4-4b10-aa07-0b004622dcde","type":"Feature","geometry":{"type":"Polygon","coordinates":[[[77.1345179,28.6719313],[77.1344503,28.671858],[77.1345879,28.6717603],[77.1346555,28.6718336],[77.1345179,28.6719313]]]},"properties":{"sources":[{"property":"","dataset":"OpenStreetMap","license":"ODbL-1.0","record_id":"w350045153@1","update_time":"2015-05-30T09:47:10.000Z","confidence":null,"between":null}],"is_underground":false,"has_parts":false,"version":1}},
{"id":"98e8eaaf-3ff3-4697-a41b-f0ca09e52407","type":"Feature","geometry":{"type":"Polygon","coordinates":[[[77.1345931,28.6719817],[77.1345491,28.6719226],[77.1346944,28.6718392],[77.1347385,28.6718983],[77.1345931,28.6719817]]]},"properties":{"sources":[{"property":"","dataset":"OpenStreetMap","license":"ODbL-1.0","record_id":"w350045065@1","update_time":"2015-05-30T09:47:05.000Z","confidence":null,"between":null}],"is_underground":false,"has_parts":false,"version":1}},
{"id":"9b8eb14b-db4c-4bdb-bef7-9983df7e85ba","type":"Feature","geometry":{"type":"Polygon","coordinates":[[[77.1346522,28.6715802],[77.1345804,28.6715218],[77.1346985,28.6714103],[77.1347702,28.6714688],[77.1346522,28.6715802]]]},"properties":{"sources":[{"property":"","dataset":"OpenStreetMap","license":"ODbL-1.0","record_id":"w350044958@1","update_time":"2015-05-30T09:46:59.000Z","confidence":null,"between":null}],"is_underground":false,"has_parts":false,"version":1}},
{"id":"5d88fe4f-286e-4c0f-8f16-d057ae9b30a0","type":"Feature","geometry":{"type":"Polygon","coordinates":[[[77.1346708,28.6713159],[77.1345474,28.6712139],[77.1347023,28.6710696],[77.1348258,28.6711716],[77.1346708,28.6713159]]]},"properties":{"sources":[{"property":"","dataset":"OpenStreetMap","license":"ODbL-1.0","record_id":"w350045036@1","update_time":"2015-05-30T09:47:03.000Z","confidence":null,"between":null}],"is_underground":false,"has_parts":false,"version":1}},
{"id":"e06c29e2-317a-474f-afcc-bc4b0c39227c","type":"Feature","geometry":{"type":"Polygon","coordinates":[[[77.1345742,28.6715199],[77.1344927,28.6714571],[77.1346141,28.6713359],[77.1346955,28.6713987],[77.1345742,28.6715199]]]},"properties":{"sources":[{"property":"","dataset":"OpenStreetMap","license":"ODbL-1.0","record_id":"w350045268@1","update_time":"2015-05-30T09:47:17.000Z","confidence":null,"between":null}],"is_underground":false,"has_parts":false,"version":1}},
{"id":"37c3d4e1-f7bd-4ba8-bc8f-af541f006916","type":"Feature","geometry":{"type":"Polygon","coordinates":[[[77.1344833,28.6714475],[77.1343921,28.6713765],[77.1345175,28.6712525],[77.1346087,28.6713235],[77.1344833,28.6714475]]]},"properties":{"sources":[{"property":"","dataset":"OpenStreetMap","license":"ODbL-1.0","record_id":"w350044998@1","update_time":"2015-05-30T09:47:01.000Z","confidence":null,"between":null}],"is_underground":false,"has_parts":false,"version":1}},
{"id":"d616106a-86d9-4ace-87ec-dcaebd6add17","type":"Feature","geometry":{"type":"Polygon","coordinates":[[[77.1346516,28.6706686],[77.1345618,28.6705973],[77.1346816,28.670481],[77.1347714,28.6705522],[77.1346516,28.6706686]]]},"properties":{"sources":[{"property":"","dataset":"OpenStreetMap","license":"ODbL-1.0","record_id":"w350045230@1","update_time":"2015-05-30T09:47:14.000Z","confidence":null,"between":null}],"is_underground":false,"has_parts":false,"version":1}},
{"id":"1ae230b1-1665-4770-8cdb-4043123f48ad","type":"Feature","geometry":{"type":"Polygon","coordinates":[[[77.13451739999999,28.6706089],[77.134438,28.6705378],[77.1345882,28.6704088],[77.1346675,28.67048],[77.13451739999999,28.6706089]]]},"properties":{"sources":[{"property":"","dataset":"OpenStreetMap","license":"ODbL-1.0","record_id":"w350045131@1","update_time":"2015-05-30T09:47:09.000Z","confidence":null,"between":null}],"is_underground":false,"has_parts":false,"version":1}},
{"id":"e41b12c8-4c57-4db7-af57-0f22c8e15462","type":"Feature","geometry":{"type":"Polygon","coordinates":[[[77.1344101,28.6705351],[77.1343079,28.6704383],[77.1344812,28.6702974],[77.1345834,28.6703943],[77.1344101,28.6705351]]]},"properties":{"sources":[{"property":"","dataset":"OpenStreetMap","license":"ODbL-1.0","record_id":"w350045207@1","update_time":"2015-05-30T09:47:13.000Z","confidence":null,"between":null}],"is_underground":false,"has_parts":false,"version":1}},
{"id":"528125f6-ad92-4478-a796-bdd2a1440f60","type":"Feature","geometry":{"type":"Polygon","coordinates":[[[77.1344523,28.6711724],[77.1336911,28.6705742],[77.1338243,28.6704438],[77.1345854,28.6710419],[77.1344523,28.6711724]]]},"properties":{"sources":[{"property":"","dataset":"OpenStreetMap","license":"ODbL-1.0","record_id":"w350045259@1","update_time":"2022-06-29T04:07:12.000Z","confidence":null,"between":null}],"is_underground":false,"has_parts":false,"version":1}},
{"id":"60fab7c7-3144-4696-99c6-a05922298f78","type":"Feature","geometry":{"type":"Polygon","coordinates":[[[77.1342559,28.6712906],[77.1340655,28.6711185],[77.134113,28.6710781],[77.1343034,28.6712502],[77.1342559,28.6712906]]]},"properties":{"sources":[{"property":"","dataset":"Microsoft ML Buildings","license":"ODbL-1.0","record_id":null,"update_time":"2021-07-25T00:00:00.000Z","confidence":null,"between":null}],"is_underground":false,"has_parts":false,"version":3}},
{"id":"4b82a0d1-4989-400b-bce2-04c94c91332f","type":"Feature","geometry":{"type":"Polygon","coordinates":[[[77.1340424,28.6714713],[77.1338956,28.6713399],[77.1340673,28.6711922],[77.1342141,28.6713237],[77.1340424,28.6714713]]]},"properties":{"sources":[{"property":"","dataset":"OpenStreetMap","license":"ODbL-1.0","record_id":"w350045273@1","update_time":"2015-05-30T09:47:17.000Z","confidence":null,"between":null}],"is_underground":false,"has_parts":false,"version":1}},
{"id":"31755ef7-8c1f-40b1-a416-570f0091ef48","type":"Feature","geometry":{"type":"Polygon","coordinates":[[[77.1338923,28.6713155],[77.1335579,28.6710267],[77.1336505,28.6708672],[77.134047,28.6711976],[77.1338923,28.6713155]]]},"properties":{"sources":[{"property":"","dataset":"OpenStreetMap","license":"ODbL-1.0","record_id":"w350045006@1","update_time":"2015-05-30T09:47:01.000Z","confidence":null,"between":null}],"is_underground":false,"has_parts":false,"version":1}},
{"id":"9545a925-ceda-4292-8234-da65d3994ed0","type":"Feature","geometry":{"type":"Polygon","coordinates":[[[77.1337318,28.6700174],[77.1336589,28.6699644],[77.1338362,28.669813],[77.1340006,28.6699612],[77.1337318,28.6700174]]]},"properties":{"sources":[{"property":"","dataset":"OpenStreetMap","license":"ODbL-1.0","record_id":"w350002062@1","update_time":"2015-05-30T06:59:18.000Z","confidence":null,"between":null}],"is_underground":false,"has_parts":false,"version":1}},
{"id":"8bfba9df-3075-43f5-9021-5240c67a0193","type":"Feature","geometry":{"type":"Polygon","coordinates":[[[77.1336864,28.6699216],[77.133578,28.6698309],[77.1337266,28.6696942],[77.1338349,28.6697849],[77.1336864,28.6699216]]]},"properties":{"sources":[{"property":"","dataset":"OpenStreetMap","license":"ODbL-1.0","record_id":"w350002028@1","update_time":"2015-05-30T06:59:17.000Z","confidence":null,"between":null}],"is_underground":false,"has_parts":false,"version":1}},
{"id":"8f7da3ab-38c7-4740-85d0-c80c0e326388","type":"Feature","geometry":{"type":"Polygon","coordinates":[[[77.1335716,28.6698245],[77.1334692,28.6697425],[77.1336257,28.6695918],[77.1337282,28.6696738],[77.1335716,28.6698245]]]},"properties":{"sources":[{"property":"","dataset":"OpenStreetMap","license":"ODbL-1.0","record_id":"w350002114@1","update_time":"2015-05-30T06:59:21.000Z","confidence":null,"between":null}],"is_underground":false,"has_parts":false,"version":1}},
{"id":"b3d9b699-a915-4689-a6fb-ceaa47ced604","type":"Feature","geometry":{"type":"Polygon","coordinates":[[[77.133455,28.6697411],[77.1333542,28.6696591],[77.1335171,28.6695049],[77.1336179,28.669587],[77.133455,28.6697411]]]},"properties":{"sources":[{"property":"","dataset":"OpenStreetMap","license":"ODbL-1.0","record_id":"w350002071@1","update_time":"2015-05-30T06:59:19.000Z","confidence":null,"between":null}],"is_underground":false,"has_parts":false,"version":1}},
{"id":"65852abc-027d-4a95-a07a-6711f82c297a","type":"Feature","geometry":{"type":"Polygon","coordinates":[[[77.133454,28.6693837],[77.1333769,28.6693139],[77.1335862,28.6691359],[77.1336632,28.6692057],[77.133454,28.6693837]]]},"properties":{"sources":[{"property":"","dataset":"OpenStreetMap","license":"ODbL-1.0","record_id":"w350002076@1","update_time":"2015-05-30T06:59:19.000Z","confidence":null,"between":null}],"is_underground":false,"has_parts":false,"version":1}},
{"id":"015ae3ad-0b1d-4408-b4c5-a0fe069cb6a5","type":"Feature","geometry":{"type":"Polygon","coordinates":[[[77.1335932,28.6694869],[77.1334745,28.6693885],[77.1336868,28.6691913],[77.1338055,28.6692897],[77.1335932,28.6694869]]]},"properties":{"sources":[{"property":"","dataset":"OpenStreetMap","license":"ODbL-1.0","record_id":"w350002147@1","update_time":"2015-05-30T06:59:22.000Z","confidence":null,"between":null}],"is_underground":false,"has_parts":false,"version":1}},
{"id":"c9c5a99f-29c0-48ff-8555-483ca2d6d000","type":"Feature","geometry":{"type":"Polygon","coordinates":[[[77.1336872,28.6695669],[77.1335971,28.6694875],[77.1337561,28.6693488],[77.1338461,28.6694282],[77.1336872,28.6695669]]]},"properties":{"sources":[{"property":"","dataset":"OpenStreetMap","license":"ODbL-1.0","record_id":"w350002016@1","update_time":"2015-05-30T06:59:16.000Z","confidence":null,"between":null}],"is_underground":false,"has_parts":false,"version":1}},
{"id":"a9744fc9-5c88-43d1-a90f-fada076e06dd","type":"Feature","geometry":{"type":"Polygon","coordinates":[[[77.1338112,28.6696787],[77.1336946,28.6695772],[77.1338918,28.6694027],[77.1340084,28.6695042],[77.1338112,28.6696787]]]},"properties":{"sources":[{"property":"","dataset":"OpenStreetMap","license":"ODbL-1.0","record_id":"w350002134@1","update_time":"2015-05-30T06:59:22.000Z","confidence":null,"between":null}],"is_underground":false,"has_parts":false,"version":1}},
{"id":"73fbd138-124b-427d-a7cd-79742851b228","type":"Feature","geometry":{"type":"Polygon","coordinates":[[[77.1339239,28.6697527],[77.1338303,28.669676],[77.1340108,28.6695064],[77.1341044,28.6695831],[77.1339239,28.6697527]]]},"properties":{"sources":[{"property":"","dataset":"OpenStreetMap","license":"ODbL-1.0","record_id":"w350002079@1","update_time":"2015-05-30T06:59:19.000Z","confidence":null,"between":null}],"is_underground":false,"has_parts":false,"version":1}},
{"id":"363d575b-d4b9-4d3a-9b06-c3ebb8c20856","type":"Feature","geometry":{"type":"Polygon","coordinates":[[[77.1340411,28.6698518],[77.1339317,28.6697601],[77.1341112,28.6695951],[77.1342207,28.6696869],[77.1340411,28.6698518]]]},"properties":{"sources":[{"property":"","dataset":"OpenStreetMap","license":"ODbL-1.0","record_id":"w350002122@1","update_time":"2015-05-30T06:59:21.000Z","confidence":null,"between":null}],"is_underground":false,"has_parts":false,"version":1}},
{"id":"afd89fe0-f632-4114-bed9-af9951fdf4ef","type":"Feature","geometry":{"type":"Polygon","coordinates":[[[77.134134,28.6699371],[77.1340429,28.669858],[77.13421,28.6697098],[77.1343012,28.669789],[77.134134,28.6699371]]]},"properties":{"sources":[{"property":"","dataset":"OpenStreetMap","license":"ODbL-1.0","record_id":"w350002066@1","update_time":"2015-05-30T06:59:19.000Z","confidence":null,"between":null}],"is_underground":false,"has_parts":false,"version":1}},
{"id":"21d16d2a-19aa-4fb7-9ed0-52f8426365a8","type":"Feature","geometry":{"type":"Polygon","coordinates":[[[77.1342259,28.6702524],[77.1341529,28.6703101],[77.1340315,28.6701917],[77.1342679,28.6701031],[77.13436,28.6701809],[77.1342834,28.6702414],[77.1342639,28.6702224],[77.1342564,28.6702284],[77.1342284,28.6702011],[77.1341979,28.6702251],[77.1342259,28.6702524]]]},"properties":{"sources":[{"property":"","dataset":"OpenStreetMap","license":"ODbL-1.0","record_id":"w350044945@1","update_time":"2015-05-30T09:46:58.000Z","confidence":null,"between":null}],"is_underground":false,"has_parts":false,"version":1}},
{"id":"84ae7d15-ff93-4314-afe8-79c5bc08cf34","type":"Feature","geometry":{"type":"Polygon","coordinates":[[[77.1343801,28.6703707],[77.1342879,28.6702897],[77.1343797,28.6702091],[77.134472,28.6702901],[77.1343801,28.6703707]]]},"properties":{"sources":[{"property":"","dataset":"OpenStreetMap","license":"ODbL-1.0","record_id":"w350045099@1","update_time":"2015-05-30T09:47:07.000Z","confidence":null,"between":null}],"is_underground":false,"has_parts":false,"version":1}},
{"id":"2e5c4ae4-750d-4f5d-8cbb-8a69cc910e62","type":"Feature","geometry":{"type":"Polygon","coordinates":[[[77.1344619,28.6697868],[77.1344681,28.6698217],[77.1344051,28.6698303],[77.134399,28.6697954],[77.1344619,28.6697868]]]},"properties":{"sources":[{"property":"","dataset":"Google Open Buildings","license":null,"record_id":"7JWVM49M+WQF9","update_time":"2023-05-01T00:00:00.000Z","confidence":0.74,"between":null}],"is_underground":false,"has_parts":false,"version":1}},
{"id":"1eff51a7-aeab-44ef-ba70-51ae56586c9e","type":"Feature","geometry":{"type":"Polygon","coordinates":[[[77.1345802,28.6702128],[77.1346162,28.670236],[77.1345921,28.6702651],[77.1345561,28.6702419],[77.1345802,28.6702128]]]},"properties":{"sources":[{"property":"","dataset":"Google Open Buildings","license":null,"record_id":"7JWVM4CM+3RWH","update_time":"2023-05-01T00:00:00.000Z","confidence":0.7367,"between":null}],"is_underground":false,"has_parts":false,"version":1}},
{"id":"155d41a2-0565-400d-9674-0037356d807d","type":"Feature","geometry":{"type":"Polygon","coordinates":[[[77.134553,28.6701952],[77.1344129,28.6700732],[77.1346029,28.6699051],[77.1347431,28.670027],[77.134553,28.6701952]]]},"properties":{"sources":[{"property":"","dataset":"OpenStreetMap","license":"ODbL-1.0","record_id":"w350045225@1","update_time":"2022-12-26T10:32:59.000Z","confidence":null,"between":null}],"is_underground":false,"has_parts":false,"version":1}},
{"id":"8f2b5cf9-be0b-4524-ac43-655c6aabb327","type":"Feature","geometry":{"type":"Polygon","coordinates":[[[77.1343676,28.6695162],[77.1342568,28.6694093],[77.1345199,28.6691992],[77.1346308,28.6693061],[77.1343676,28.6695162]]]},"properties":{"sources":[{"property":"","dataset":"OpenStreetMap","license":"ODbL-1.0","record_id":"w350002092@1","update_time":"2015-05-30T06:59:20.000Z","confidence":null,"between":null}],"is_underground":false,"has_parts":false,"version":1}},
{"id":"07f15edf-74da-4900-92cd-664dd2f49d47","type":"Feature","geometry":{"type":"Polygon","coordinates":[[[77.1345343,28.6696651],[77.1343889,28.6695292],[77.1346645,28.6693023],[77.1348099,28.6694382],[77.1345343,28.6696651]]]},"properties":{"sources":[{"property":"","dataset":"OpenStreetMap","license":"ODbL-1.0","record_id":"w350002131@1","update_time":"2015-05-30T06:59:22.000Z","confidence":null,"between":null}],"is_underground":false,"has_parts":false,"version":1}},
{"id":"958f4cc9-0465-46b6-aa82-a75190595c05","type":"Feature","geometry":{"type":"Polygon","coordinates":[[[77.1352095,28.6695671],[77.1353042,28.6696437],[77.1352483,28.6696974],[77.1351537,28.6696208],[77.1352095,28.6695671]]]},"properties":{"sources":[{"property":"","dataset":"Google Open Buildings","license":null,"record_id":"7JWVM49P+V357","update_time":"2023-05-01T00:00:00.000Z","confidence":0.8051,"between":null}],"is_underground":false,"has_parts":false,"version":1}},
{"id":"c387d720-d202-40a2-b203-964015a9214d","type":"Feature","geometry":{"type":"Polygon","coordinates":[[[77.1352338,28.6695369],[77.1352718,28.6695451],[77.1352638,28.6695741],[77.1352258,28.6695659],[77.1352338,28.6695369]]]},"properties":{"sources":[{"property":"","dataset":"Google Open Buildings","license":null,"record_id":"7JWVM49P+R3H9","update_time":"2023-05-01T00:00:00.000Z","confidence":0.7085,"between":null}],"is_underground":false,"has_parts":false,"version":1}},
{"id":"6a09bb16-8dda-41d6-8257-1d0a88198bbe","type":"Feature","geometry":{"type":"Polygon","coordinates":[[[77.1351264,28.6701421],[77.1349917,28.6700289],[77.135195,28.6698426],[77.1353297,28.6699558],[77.1351264,28.6701421]]]},"properties":{"sources":[{"property":"","dataset":"OpenStreetMap","license":"ODbL-1.0","record_id":"w350045098@1","update_time":"2015-05-30T09:47:07.000Z","confidence":null,"between":null}],"is_underground":false,"has_parts":false,"version":1}},
{"id":"219071d6-7857-48a5-8308-b600b9cbcdac","type":"Feature","geometry":{"type":"Polygon","coordinates":[[[77.1354173,28.6698019],[77.1353526,28.6698526],[77.1352927,28.6697937],[77.1353574,28.669743],[77.1354173,28.6698019]]]},"properties":{"sources":[{"property":"","dataset":"OpenStreetMap","license":"ODbL-1.0","record_id":"w350045274@1","update_time":"2015-05-30T09:47:17.000Z","confidence":null,"between":null}],"is_underground":false,"has_parts":false,"version":1}},
{"id":"bee018c9-2c92-4473-a1c6-eced8a2a4a79","type":"Feature","geometry":{"type":"Polygon","coordinates":[[[77.1352755,28.6702623],[77.1351487,28.6701488],[77.1353768,28.6699526],[77.1355036,28.6700661],[77.1352755,28.6702623]]]},"properties":{"sources":[{"property":"","dataset":"OpenStreetMap","license":"ODbL-1.0","record_id":"w350045202@1","update_time":"2015-05-30T09:47:13.000Z","confidence":null,"between":null}],"is_underground":false,"has_parts":false,"version":1}},
{"id":"866de7e1-0384-4e13-90a8-33a540ad84cd","type":"Feature","geometry":{"type":"Polygon","coordinates":[[[77.1348795,28.6704447],[77.1347831,28.6703731],[77.1349604,28.6701895],[77.1350568,28.6702611],[77.1348795,28.6704447]]]},"properties":{"sources":[{"property":"","dataset":"OpenStreetMap","license":"ODbL-1.0","record_id":"w350045254@1","update_time":"2022-06-29T04:07:12.000Z","confidence":null,"between":null}],"is_underground":false,"has_parts":false,"version":1}},
{"id":"8b8fd207-4dae-49fd-806d-19a670aff531","type":"Feature","geometry":{"type":"Polygon","coordinates":[[[77.1349691,28.6700038],[77.1348132,28.6698802],[77.1350143,28.669685],[77.1351701,28.6698086],[77.1349691,28.6700038]]]},"properties":{"sources":[{"property":"","dataset":"OpenStreetMap","license":"ODbL-1.0","record_id":"w350045183@1","update_time":"2015-05-30T09:47:12.000Z","confidence":null,"between":null}],"is_underground":false,"has_parts":false,"version":1}},
{"id":"f700919d-5937-4bab-bb49-028d36a5bea5","type":"Feature","geometry":{"type":"Polygon","coordinates":[[[77.1347757,28.6703215],[77.1346089,28.6701893],[77.1347734,28.6700295],[77.1349402,28.6701618],[77.1347757,28.6703215]]]},"properties":{"sources":[{"property":"","dataset":"OpenStreetMap","license":"ODbL-1.0","record_id":"w350044987@1","update_time":"2022-06-29T04:07:12.000Z","confidence":null,"between":null}],"is_underground":false,"has_parts":false,"version":1}},
{"id":"45f64713-7420-4694-91d6-36dacac73a44","type":"Feature","geometry":{"type":"Polygon","coordinates":[[[77.134993,28.6705167],[77.1349161,28.6704613],[77.1350618,28.6703057],[77.1351387,28.6703612],[77.134993,28.6705167]]]},"properties":{"sources":[{"property":"","dataset":"OpenStreetMap","license":"ODbL-1.0","record_id":"w350045019@1","update_time":"2022-06-29T04:07:12.000Z","confidence":null,"between":null}],"is_underground":false,"has_parts":false,"version":1}},
{"id":"36e9b9be-954b-47dc-969c-cb6008ccefbe","type":"Feature","geometry":{"type":"Polygon","coordinates":[[[77.1349982,28.6710183],[77.1348628,28.6709116],[77.1350385,28.6707399],[77.1351739,28.6708466],[77.1349982,28.6710183]]]},"properties":{"sources":[{"property":"","dataset":"OpenStreetMap","license":"ODbL-1.0","record_id":"w350045106@1","update_time":"2015-05-30T09:47:07.000Z","confidence":null,"between":null}],"is_underground":false,"has_parts":false,"version":1}},
{"id":"15dca30e-d71f-403e-93e8-5665a2895785","type":"Feature","geometry":{"type":"Polygon","coordinates":[[[77.134812,28.6709172],[77.1345978,28.6707354],[77.1347854,28.6705651],[77.1349997,28.6707469],[77.134812,28.6709172]]]},"properties":{"sources":[{"property":"","dataset":"OpenStreetMap","license":"ODbL-1.0","record_id":"w350045161@1","update_time":"2015-05-30T09:47:10.000Z","confidence":null,"between":null}],"is_underground":false,"has_parts":false,"version":1}},
{"id":"8227e760-5217-45e9-b92a-715979e42589","type":"Feature","geometry":{"type":"Polygon","coordinates":[[[77.1348481,28.6714626],[77.1347583,28.6713954],[77.1349029,28.6712468],[77.1349927,28.671314],[77.1348481,28.6714626]]]},"properties":{"sources":[{"property":"","dataset":"OpenStreetMap","license":"ODbL-1.0","record_id":"w350044951@1","update_time":"2015-05-30T09:46:58.000Z","confidence":null,"between":null}],"is_underground":false,"has_parts":false,"version":1}},
{"id":"750c9db4-c5e3-4d34-a1b4-80f5226e7817","type":"Feature","geometry":{"type":"Polygon","coordinates":[[[77.1350881,28.6710863],[77.1350057,28.6710237],[77.1351607,28.6708668],[77.135243,28.6709293],[77.1350881,28.6710863]]]},"properties":{"sources":[{"property":"","dataset":"OpenStreetMap","license":"ODbL-1.0","record_id":"w350044992@1","update_time":"2015-05-30T09:47:00.000Z","confidence":null,"between":null}],"is_underground":false,"has_parts":false,"version":1}},
{"id":"517f5d30-7187-4f68-9edf-11bc2a2ffec8","type":"Feature","geometry":{"type":"Polygon","coordinates":[[[77.1352062,28.6711925],[77.135088,28.6710959],[77.1352717,28.6709228],[77.1353899,28.6710194],[77.1352062,28.6711925]]]},"properties":{"sources":[{"property":"","dataset":"OpenStreetMap","license":"ODbL-1.0","record_id":"w350045078@1","update_time":"2015-05-30T09:47:06.000Z","confidence":null,"between":null}],"is_underground":false,"has_parts":false,"version":1}},
{"id":"5c8dc8fe-b2a2-4cb7-82ed-754e46543c15","type":"Feature","geometry":{"type":"Polygon","coordinates":[[[77.1350962,28.670611],[77.1350167,28.6705475],[77.1351669,28.6704028],[77.1352464,28.6704663],[77.1350962,28.670611]]]},"properties":{"sources":[{"property":"","dataset":"OpenStreetMap","license":"ODbL-1.0","record_id":"w350045060@1","update_time":"2022-06-29T04:07:12.000Z","confidence":null,"between":null}],"is_underground":false,"has_parts":false,"version":1}},
{"id":"1a5809a8-e178-4564-8713-8d882e136d7f","type":"Feature","geometry":{"type":"Polygon","coordinates":[[[77.1352097,28.6707212],[77.1351015,28.6706404],[77.1352371,28.6705007],[77.1353452,28.6705814],[77.1352097,28.6707212]]]},"properties":{"sources":[{"property":"","dataset":"OpenStreetMap","license":"ODbL-1.0","record_id":"w350044975@1","update_time":"2022-06-29T04:07:12.000Z","confidence":null,"between":null}],"is_underground":false,"has_parts":false,"version":1}},
{"id":"c93bab34-b4e8-4f88-bd77-eb4ab289c9c4","type":"Feature","geometry":{"type":"Polygon","coordinates":[[[77.1356882,28.6702007],[77.1358222,28.6703128],[77.1355556,28.670558],[77.1355284,28.6705353],[77.1355498,28.6705155],[77.1354431,28.6704262],[77.1356882,28.6702007]]]},"properties":{"sources":[{"property":"","dataset":"Microsoft ML Buildings","license":"ODbL-1.0","record_id":null,"update_time":"2021-07-25T00:00:00.000Z","confidence":null,"between":null}],"is_underground":false,"has_parts":false,"version":3}},
{"id":"ba3885b6-cebd-4ba4-adde-5c9328033e01","type":"Feature","geometry":{"type":"Polygon","coordinates":[[[77.1355097,28.6709909],[77.1354023,28.6709003],[77.1355774,28.6707407],[77.1356847,28.6708314],[77.1355097,28.6709909]]]},"properties":{"sources":[{"property":"","dataset":"OpenStreetMap","license":"ODbL-1.0","record_id":"w350045007@1","update_time":"2022-06-29T04:07:12.000Z","confidence":null,"between":null}],"is_underground":false,"has_parts":false,"version":1}},
{"id":"dbb826df-a4e1-4d7a-8d7c-b955436520e5","type":"Feature","geometry":{"type":"Polygon","coordinates":[[[77.13538,28.6708809],[77.1352136,28.6707416],[77.1354,28.6705702],[77.1355664,28.6707095],[77.13538,28.6708809]]]},"properties":{"sources":[{"property":"","dataset":"OpenStreetMap","license":"ODbL-1.0","record_id":"w350045092@1","update_time":"2022-06-29T04:07:12.000Z","confidence":null,"between":null}],"is_underground":false,"has_parts":false,"version":1}},
{"id":"fa6ef79e-f6b0-42d4-9548-90a5272a0e44","type":"Feature","geometry":{"type":"Polygon","coordinates":[[[77.1353159,28.6712789],[77.1352215,28.6711887],[77.1354011,28.6710441],[77.1355193,28.6711571],[77.13544,28.671221],[77.1354162,28.6711981],[77.1353159,28.6712789]]]},"properties":{"sources":[{"property":"","dataset":"OpenStreetMap","license":"ODbL-1.0","record_id":"w350045300@1","update_time":"2015-05-30T09:47:19.000Z","confidence":null,"between":null}],"is_underground":false,"has_parts":false,"version":1}},
{"id":"490f5d58-952a-4a47-aeb6-c5c5572ac773","type":"Feature","geometry":{"type":"Polygon","coordinates":[[[77.1354295,28.671401],[77.1353412,28.6713156],[77.1355231,28.6711709],[77.1356113,28.6712563],[77.1354295,28.671401]]]},"properties":{"sources":[{"property":"","dataset":"OpenStreetMap","license":"ODbL-1.0","record_id":"w350045049@1","update_time":"2015-05-30T09:47:04.000Z","confidence":null,"between":null}],"is_underground":false,"has_parts":false,"version":1}},
{"id":"46900f8e-9e05-4eb0-b7e9-6404ff772535","type":"Feature","geometry":{"type":"Polygon","coordinates":[[[77.1355114,28.6715674],[77.1353954,28.6714513],[77.1356066,28.6712888],[77.1357226,28.6714049],[77.1355114,28.6715674]]]},"properties":{"sources":[{"property":"","dataset":"OpenStreetMap","license":"ODbL-1.0","record_id":"w350045286@1","update_time":"2015-05-30T09:47:18.000Z","confidence":null,"between":null}],"is_underground":false,"has_parts":false,"version":1}},
{"id":"a03d36e1-7e78-48ea-b727-0978f8b590e7","type":"Feature","geometry":{"type":"Polygon","coordinates":[[[77.1356542,28.6711158],[77.1357244,28.6711961],[77.1356965,28.671215],[77.1356263,28.6711348],[77.1356542,28.6711158]]]},"properties":{"sources":[{"property":"","dataset":"Google Open Buildings","license":null,"record_id":"7JWVM4CP+F77P","update_time":"2023-05-01T00:00:00.000Z","confidence":0.6969,"between":null}],"is_underground":false,"has_parts":false,"version":1}},
{"id":"373b3502-f03f-4d0b-9685-ad5656cc1a8a","type":"Feature","geometry":{"type":"Polygon","coordinates":[[[77.1356109,28.671081],[77.1355331,28.6710141],[77.1357003,28.6708645],[77.1357781,28.6709314],[77.1356109,28.671081]]]},"properties":{"sources":[{"property":"","dataset":"OpenStreetMap","license":"ODbL-1.0","record_id":"w350045119@1","update_time":"2022-06-29T04:07:12.000Z","confidence":null,"between":null}],"is_underground":false,"has_parts":false,"version":1}},
{"id":"8852d924-6c79-4e3a-895c-6139a480be60","type":"Feature","geometry":{"type":"Polygon","coordinates":[[[77.135737,28.6711877],[77.1356395,28.6710795],[77.1358225,28.6709376],[77.1359257,28.6710567],[77.135737,28.6711877]]]},"properties":{"sources":[{"property":"","dataset":"OpenStreetMap","license":"ODbL-1.0","record_id":"w350045222@1","update_time":"2022-06-29T04:07:12.000Z","confidence":null,"between":null}],"is_underground":false,"has_parts":false,"version":1}},
{"id":"6f7e2834-b123-4321-ab8d-371eab63a92a","type":"Feature","geometry":{"type":"Polygon","coordinates":[[[77.1358488,28.671287],[77.1357655,28.6711961],[77.1359383,28.6710742],[77.1360216,28.6711651],[77.1358488,28.671287]]]},"properties":{"sources":[{"property":"","dataset":"OpenStreetMap","license":"ODbL-1.0","record_id":"w350044973@1","update_time":"2022-06-29T04:07:12.000Z","confidence":null,"between":null}],"is_underground":false,"has_parts":false,"version":1}},
{"id":"576b459c-f69c-4f86-a9be-79d0c526cc90","type":"Feature","geometry":{"type":"Polygon","coordinates":[[[77.1359044,28.6708168],[77.1357838,28.6706968],[77.1360099,28.6705219],[77.1361305,28.6706419],[77.1359044,28.6708168]]]},"properties":{"sources":[{"property":"","dataset":"OpenStreetMap","license":"ODbL-1.0","record_id":"w350044957@1","update_time":"2015-05-30T09:46:59.000Z","confidence":null,"between":null}],"is_underground":false,"has_parts":false,"version":1}},
{"id":"cc932c0e-7538-400a-8ebf-098d42059c0f","type":"Feature","geometry":{"type":"Polygon","coordinates":[[[77.1357579,28.670694],[77.1356067,28.6705587],[77.1357818,28.6704081],[77.135933,28.6705434],[77.1357579,28.670694]]]},"properties":{"sources":[{"property":"","dataset":"OpenStreetMap","license":"ODbL-1.0","record_id":"w350045070@1","update_time":"2015-05-30T09:47:05.000Z","confidence":null,"between":null}],"is_underground":false,"has_parts":false,"version":1}},
{"id":"517efdb2-80a7-4553-8333-d14a8ee3e5ca","type":"Feature","geometry":{"type":"Polygon","coordinates":[[[77.1358196,28.6703528],[77.1358534,28.6703095],[77.1359695,28.6703793],[77.1359357,28.6704226],[77.1358196,28.6703528]]]},"properties":{"sources":[{"property":"","dataset":"Microsoft ML Buildings","license":"ODbL-1.0","record_id":null,"update_time":"2021-07-25T00:00:00.000Z","confidence":null,"between":null}],"is_underground":false,"has_parts":false,"version":3}},
{"id":"10b181c5-369a-45f3-ae37-7938b7e7b089","type":"Feature","geometry":{"type":"Polygon","coordinates":[[[77.1357835,28.6701973],[77.1355992,28.6700386],[77.1359671,28.6697095],[77.1361515,28.6698682],[77.1357835,28.6701973]]]},"properties":{"sources":[{"property":"","dataset":"OpenStreetMap","license":"ODbL-1.0","record_id":"w350045275@1","update_time":"2015-05-30T09:47:17.000Z","confidence":null,"between":null}],"is_underground":false,"has_parts":false,"version":1}},
{"id":"d00d8448-a85e-43df-909f-a9f52fdbe607","type":"Feature","geometry":{"type":"Polygon","coordinates":[[[77.1354574,28.6703942],[77.1353102,28.6702766],[77.1355282,28.6700665],[77.1356754,28.6701841],[77.1354574,28.6703942]]]},"properties":{"sources":[{"property":"","dataset":"OpenStreetMap","license":"ODbL-1.0","record_id":"w350045124@1","update_time":"2015-05-30T09:47:08.000Z","confidence":null,"between":null}],"is_underground":false,"has_parts":false,"version":1}},
{"id":"b7c50b09-be01-4ece-83fa-882ae73d8a14","type":"Feature","geometry":{"type":"Polygon","coordinates":[[[77.1359024,28.6696968],[77.1356133,28.6699554],[77.1354559,28.6698199],[77.1355891,28.6697009],[77.1356378,28.6697428],[77.1355673,28.6698058],[77.1356194,28.6698507],[77.1357701,28.669716],[77.1356896,28.6696467],[77.1357654,28.6695789],[77.1359024,28.6696968]]]},"properties":{"sources":[{"property":"","dataset":"OpenStreetMap","license":"ODbL-1.0","record_id":"w350044944@1","update_time":"2015-05-30T09:46:58.000Z","confidence":null,"between":null}],"is_underground":false,"has_parts":false,"version":1}},
{"id":"0a1b717e-d8a4-4b99-9173-a4d99dd63a56","type":"Feature","geometry":{"type":"Polygon","coordinates":[[[77.1360453,28.6692881],[77.1362435,28.669415],[77.1361981,28.6694703],[77.1359999,28.6693434],[77.1360453,28.6692881]]]},"properties":{"sources":[{"property":"","dataset":"Google Open Buildings","license":null,"record_id":"7JWVM49P+QC55","update_time":"2023-05-01T00:00:00.000Z","confidence":0.789,"between":null}],"is_underground":false,"has_parts":false,"version":1}},
{"id":"787dbce5-15e0-4ed6-9d53-9b0258631123","type":"Feature","geometry":{"type":"Polygon","coordinates":[[[77.1360708,28.6703812],[77.1358574,28.6702105],[77.1362402,28.6698419],[77.1364537,28.6700126],[77.1360708,28.6703812]]]},"properties":{"sources":[{"property":"","dataset":"OpenStreetMap","license":"ODbL-1.0","record_id":"w350045197@1","update_time":"2023-06-16T03:36:51.000Z","confidence":null,"between":null}],"is_underground":false,"has_parts":false,"version":1}},
{"id":"447b9467-ef42-4b7a-a3be-272ff5df8d4b","type":"Feature","geometry":{"type":"Polygon","coordinates":[[[77.136426,28.6703897],[77.1363181,28.6702922],[77.1364706,28.6701624],[77.1365785,28.6702599],[77.136426,28.6703897]]]},"properties":{"sources":[{"property":"","dataset":"OpenStreetMap","license":"ODbL-1.0","record_id":"w350044953@1","update_time":"2015-05-30T09:46:58.000Z","confidence":null,"between":null}],"is_underground":false,"has_parts":false,"version":1}},
{"id":"3dd60f74-93b2-4a31-b7c7-47b59d6ef92e","type":"Feature","geometry":{"type":"Polygon","coordinates":[[[77.1365596,28.669585],[77.1366042,28.6696262],[77.1365355,28.6696841],[77.1364908,28.6696429],[77.1365596,28.669585]]]},"properties":{"sources":[{"property":"","dataset":"Google Open Buildings","license":null,"record_id":"7JWVM49P+VJ38","update_time":"2023-05-01T00:00:00.000Z","confidence":0.8703,"between":null}],"is_underground":false,"has_parts":false,"version":1}},
{"id":"be6f4b08-2ab9-4574-9ac9-bdf9bd39bf42","type":"Feature","geometry":{"type":"Polygon","coordinates":[[[77.1365504,28.6695416],[77.1364257,28.6696597],[77.1363001,28.6695566],[77.1364249,28.6694385],[77.1365504,28.6695416]]]},"properties":{"sources":[{"property":"","dataset":"Google Open Buildings","license":null,"record_id":"7JWVM49P+RH7W","update_time":"2023-05-01T00:00:00.000Z","confidence":0.8891,"between":null}],"is_underground":false,"has_parts":false,"version":1}},
{"id":"25c2c46f-6998-4ae6-bc87-e05ac18f4212","type":"Feature","geometry":{"type":"Polygon","coordinates":[[[77.1363831,28.6692649],[77.1364228,28.6692758],[77.1363989,28.6693434],[77.1363592,28.6693325],[77.1363831,28.6692649]]]},"properties":{"sources":[{"property":"","dataset":"Google Open Buildings","license":null,"record_id":"7JWVM49P+PHC4","update_time":"2023-05-01T00:00:00.000Z","confidence":0.8456,"between":null}],"is_underground":false,"has_parts":false,"version":1}},
{"id":"f55ad02b-6c9d-4465-b0d4-9b9b86664373","type":"Feature","geometry":{"type":"Polygon","coordinates":[[[77.1367503,28.6694646],[77.1367804,28.6694918],[77.1367309,28.6695344],[77.1367009,28.6695073],[77.1367503,28.6694646]]]},"properties":{"sources":[{"property":"","dataset":"Google Open Buildings","license":null,"record_id":"7JWVM49P+QMXW","update_time":"2023-05-01T00:00:00.000Z","confidence":0.6938,"between":null}],"is_underground":false,"has_parts":false,"version":1}},
{"id":"afbd01a0-4335-4ce6-9040-b73d82948fd3","type":"Feature","geometry":{"type":"Polygon","coordinates":[[[77.1366974,28.6694169],[77.1367503,28.6694646],[77.1367009,28.6695073],[77.1366479,28.6694595],[77.1366974,28.6694169]]]},"properties":{"sources":[{"property":"","dataset":"Google Open Buildings","license":null,"record_id":"7JWVM49P+QMPF","update_time":"2023-05-01T00:00:00.000Z","confidence":0.8549,"between":null}],"is_underground":false,"has_parts":false,"version":1}},
{"id":"dfbcc5ce-28ec-417d-949c-3e213c3d6a96","type":"Feature","geometry":{"type":"Polygon","coordinates":[[[77.1368185,28.6693101],[77.1368688,28.6693537],[77.1368235,28.6693943],[77.1367732,28.6693506],[77.1368185,28.6693101]]]},"properties":{"sources":[{"property":"","dataset":"Google Open Buildings","license":null,"record_id":"7JWVM49P+PPW3","update_time":"2023-05-01T00:00:00.000Z","confidence":0.8481,"between":null}],"is_underground":false,"has_parts":false,"version":1}},
{"id":"e94b42fd-857b-44a7-8234-b5a7f6c2fc7c","type":"Feature","geometry":{"type":"Polygon","coordinates":[[[77.1369617,28.6701766],[77.1370171,28.6701389],[77.1371714,28.6703154],[77.137116,28.6703531],[77.1369617,28.6701766]]]},"properties":{"sources":[{"property":"","dataset":"Google Open Buildings","license":null,"record_id":"7JWVM4CP+3RWR","update_time":"2023-05-01T00:00:00.000Z","confidence":0.7332,"between":null}],"is_underground":false,"has_parts":false,"version":1}},
{"id":"8d5f5bd0-771e-4a3a-bd98-dd80515476b4","type":"Feature","geometry":{"type":"Polygon","coordinates":[[[77.1369731,28.6706825],[77.1367986,28.6708099],[77.1366586,28.6706623],[77.1368331,28.6705349],[77.1369731,28.6706825]]]},"properties":{"sources":[{"property":"","dataset":"OpenStreetMap","license":"ODbL-1.0","record_id":"w350045042@1","update_time":"2015-05-30T09:47:04.000Z","confidence":null,"between":null}],"is_underground":false,"has_parts":false,"version":1}},
{"id":"4e5558c5-3636-477a-bf19-22ee911e9157","type":"Feature","geometry":{"type":"Polygon","coordinates":[[[77.137116,28.6703531],[77.1371714,28.6703154],[77.1373073,28.670471],[77.1372519,28.6705086],[77.137116,28.6703531]]]},"properties":{"sources":[{"property":"","dataset":"Google Open Buildings","license":null,"record_id":"7JWVM4CP+5V8H","update_time":"2023-05-01T00:00:00.000Z","confidence":0.8651,"between":null}],"is_underground":false,"has_parts":false,"version":1}},
{"id":"17d72550-6978-45cc-9dad-99951ba4fc04","type":"Feature","geometry":{"type":"Polygon","coordinates":[[[77.1367614,28.671162],[77.1366305,28.6709752],[77.1371241,28.6707089],[77.137255,28.6708957],[77.1367614,28.671162]]]},"properties":{"sources":[{"property":"","dataset":"OpenStreetMap","license":"ODbL-1.0","record_id":"w350044956@1","update_time":"2015-05-30T09:46:58.000Z","confidence":null,"between":null}],"is_underground":false,"has_parts":false,"version":1}},
{"id":"13de2ffa-7e5e-4698-9999-95fe7ae0c724","type":"Feature","geometry":{"type":"Polygon","coordinates":[[[77.1369631,28.6715041],[77.1369115,28.671423],[77.137096,28.6713326],[77.1371476,28.6714137],[77.1369631,28.6715041]]]},"properties":{"sources":[{"property":"","dataset":"OpenStreetMap","license":"ODbL-1.0","record_id":"w350045005@1","update_time":"2015-05-30T09:47:01.000Z","confidence":null,"between":null}],"is_underground":false,"has_parts":false,"version":1}},
{"id":"398e50c3-eae1-42d1-ad78-269b6d5d4b7f","type":"Feature","geometry":{"type":"Polygon","coordinates":[[[77.1368766,28.6714182],[77.1367521,28.6712274],[77.1372163,28.6709776],[77.13736,28.6711832],[77.1368766,28.6714182]]]},"properties":{"sources":[{"property":"","dataset":"OpenStreetMap","license":"ODbL-1.0","record_id":"w350044995@1","update_time":"2015-05-30T09:47:00.000Z","confidence":null,"between":null}],"is_underground":false,"has_parts":false,"version":1}},
{"id":"2efac6cc-fb69-49d3-9a7c-55c880802551","type":"Feature","geometry":{"type":"Polygon","coordinates":[[[77.1364239,28.6714473],[77.1363293,28.6713122],[77.1366219,28.6711546],[77.1367164,28.6712898],[77.1364239,28.6714473]]]},"properties":{"sources":[{"property":"","dataset":"OpenStreetMap","license":"ODbL-1.0","record_id":"w350044970@1","update_time":"2015-05-30T09:46:59.000Z","confidence":null,"between":null}],"is_underground":false,"has_parts":false,"version":1}},
{"id":"a9035f85-5fe7-49d3-b815-40938bbf3e37","type":"Feature","geometry":{"type":"Polygon","coordinates":[[[77.1363144,28.6713036],[77.1361938,28.6711596],[77.1364874,28.6709703],[77.136608,28.6711143],[77.1363144,28.6713036]]]},"properties":{"sources":[{"property":"","dataset":"OpenStreetMap","license":"ODbL-1.0","record_id":"w350045233@1","update_time":"2015-05-30T09:47:14.000Z","confidence":null,"between":null}],"is_underground":false,"has_parts":false,"version":1}},
{"id":"08224710-b682-4a51-badd-243ce936e109","type":"Feature","geometry":{"type":"Polygon","coordinates":[[[77.1365819,28.6708418],[77.1366185,28.6708927],[77.1365691,28.6709204],[77.1365325,28.6708695],[77.1365819,28.6708418]]]},"properties":{"sources":[{"property":"","dataset":"Google Open Buildings","license":null,"record_id":"7JWVM4CP+9J47","update_time":"2023-05-01T00:00:00.000Z","confidence":0.7549,"between":null}],"is_underground":false,"has_parts":false,"version":1}},
{"id":"093ea475-82ce-4ee2-87bb-6aaf43e3ec2d","type":"Feature","geometry":{"type":"Polygon","coordinates":[[[77.1365117,28.6707461],[77.1365849,28.6708272],[77.1365306,28.6708652],[77.1364575,28.6707842],[77.1365117,28.6707461]]]},"properties":{"sources":[{"property":"","dataset":"Google Open Buildings","license":null,"record_id":"7JWVM4CP+8JC8","update_time":"2023-05-01T00:00:00.000Z","confidence":0.7975,"between":null}],"is_underground":false,"has_parts":false,"version":1}},
{"id":"838980f4-53d9-4018-b878-7f28592c8857","type":"Feature","geometry":{"type":"Polygon","coordinates":[[[77.1364579,28.6705736],[77.1363804,28.6704996],[77.13663,28.6702984],[77.1367852,28.6704466],[77.1364705,28.6707002],[77.1363928,28.670626],[77.1364579,28.6705736]]]},"properties":{"sources":[{"property":"","dataset":"OpenStreetMap","license":"ODbL-1.0","record_id":"w350045298@1","update_time":"2015-05-30T09:47:19.000Z","confidence":null,"between":null}],"is_underground":false,"has_parts":false,"version":1}},
{"id":"d3f335d4-88dd-4daa-83df-a47c976226e2","type":"Feature","geometry":{"type":"Polygon","coordinates":[[[77.1360506,28.6709688],[77.1359147,28.6708415],[77.1361994,28.6706076],[77.1363364,28.6707628],[77.1360506,28.6709688]]]},"properties":{"sources":[{"property":"","dataset":"OpenStreetMap","license":"ODbL-1.0","record_id":"w350045044@1","update_time":"2015-05-30T09:47:04.000Z","confidence":null,"between":null}],"is_underground":false,"has_parts":false,"version":1}},
{"id":"b53eeb55-0cda-4b6a-a8e2-6198070fcb36","type":"Feature","geometry":{"type":"Polygon","coordinates":[[[77.136176,28.6711419],[77.1360424,28.6709832],[77.1362796,28.6708296],[77.1364132,28.6709883],[77.136176,28.6711419]]]},"properties":{"sources":[{"property":"","dataset":"OpenStreetMap","license":"ODbL-1.0","record_id":"w350045278@1","update_time":"2015-05-30T09:47:17.000Z","confidence":null,"between":null}],"is_underground":false,"has_parts":false,"version":1}},
{"id":"58ea73dd-5628-4aa7-a7eb-f403daeb42d4","type":"Feature","geometry":{"type":"Polygon","coordinates":[[[77.1360816,28.6712779],[77.136154,28.6713747],[77.1361131,28.6713985],[77.1360407,28.6713017],[77.1360816,28.6712779]]]},"properties":{"sources":[{"property":"","dataset":"Google Open Buildings","license":null,"record_id":"7JWVM4CP+GCQC","update_time":"2023-05-01T00:00:00.000Z","confidence":0.7869,"between":null}],"is_underground":false,"has_parts":false,"version":1}},
{"id":"48de5891-7935-4b3c-91be-5b8534313114","type":"Feature","geometry":{"type":"Polygon","coordinates":[[[77.1359965,28.6716611],[77.1359374,28.671592],[77.136109,28.671479],[77.136161,28.6715657],[77.1359965,28.6716611]]]},"properties":{"sources":[{"property":"","dataset":"OpenStreetMap","license":"ODbL-1.0","record_id":"w350045002@1","update_time":"2015-05-30T09:47:01.000Z","confidence":null,"between":null}],"is_underground":false,"has_parts":false,"version":1}},
{"id":"a15a787a-63b6-466f-b7bd-c012fd538011","type":"Feature","geometry":{"type":"Polygon","coordinates":[[[77.1360939,28.6718133],[77.1359905,28.6716754],[77.1361836,28.671564],[77.136287,28.6717018],[77.1360939,28.6718133]]]},"properties":{"sources":[{"property":"","dataset":"OpenStreetMap","license":"ODbL-1.0","record_id":"w350045116@1","update_time":"2015-05-30T09:47:08.000Z","confidence":null,"between":null}],"is_underground":false,"has_parts":false,"version":1}},
{"id":"249f5768-0da5-4150-b0fe-577b650e7700","type":"Feature","geometry":{"type":"Polygon","coordinates":[[[77.1361388,28.6719049],[77.1360854,28.671825],[77.1363002,28.6717143],[77.1363536,28.6717941],[77.1361388,28.6719049]]]},"properties":{"sources":[{"property":"","dataset":"OpenStreetMap","license":"ODbL-1.0","record_id":"w350045032@1","update_time":"2015-05-30T09:47:03.000Z","confidence":null,"between":null}],"is_underground":false,"has_parts":false,"version":1}},
{"id":"14e76b1e-e06e-490f-8287-b47748bb1526","type":"Feature","geometry":{"type":"Polygon","coordinates":[[[77.1361963,28.6720101],[77.1361356,28.6719205],[77.1363617,28.6718026],[77.1364224,28.6718922],[77.1361963,28.6720101]]]},"properties":{"sources":[{"property":"","dataset":"OpenStreetMap","license":"ODbL-1.0","record_id":"w350045144@1","update_time":"2015-05-30T09:47:09.000Z","confidence":null,"between":null}],"is_underground":false,"has_parts":false,"version":1}},
{"id":"481664fe-1625-451d-9bec-acab1a922001","type":"Feature","geometry":{"type":"Polygon","coordinates":[[[77.135978,28.6721961],[77.1359141,28.6720821],[77.1361208,28.6719929],[77.1361847,28.6721069],[77.135978,28.6721961]]]},"properties":{"sources":[{"property":"","dataset":"OpenStreetMap","license":"ODbL-1.0","record_id":"w350045138@1","update_time":"2015-05-30T09:47:09.000Z","confidence":null,"between":null}],"is_underground":false,"has_parts":false,"version":1}},
{"id":"8e02f018-5edc-4147-a1a7-835d05e6de93","type":"Feature","geometry":{"type":"Polygon","coordinates":[[[77.1360294,28.6723228],[77.1359837,28.6722062],[77.1361906,28.6721438],[77.1362362,28.6722605],[77.1360294,28.6723228]]]},"properties":{"sources":[{"property":"","dataset":"OpenStreetMap","license":"ODbL-1.0","record_id":"w350045213@1","update_time":"2015-05-30T09:47:13.000Z","confidence":null,"between":null}],"is_underground":false,"has_parts":false,"version":1}},
{"id":"994b750f-1cba-4476-b9ce-20f89f67ba4d","type":"Feature","geometry":{"type":"Polygon","coordinates":[[[77.1360622,28.6724132],[77.13603,28.6723358],[77.1362576,28.672263],[77.1362898,28.6723403],[77.1360622,28.6724132]]]},"properties":{"sources":[{"property":"","dataset":"OpenStreetMap","license":"ODbL-1.0","record_id":"w350045109@1","update_time":"2015-05-30T09:47:07.000Z","confidence":null,"between":null}],"is_underground":false,"has_parts":false,"version":1}},
{"id":"9696501a-2a38-4b5a-afb2-667f790afa73","type":"Feature","geometry":{"type":"Polygon","coordinates":[[[77.1361104,28.672571],[77.1360604,28.6724381],[77.1362952,28.6723702],[77.1363452,28.6725031],[77.1361104,28.672571]]]},"properties":{"sources":[{"property":"","dataset":"OpenStreetMap","license":"ODbL-1.0","record_id":"w350044993@1","update_time":"2015-05-30T09:47:00.000Z","confidence":null,"between":null}],"is_underground":false,"has_parts":false,"version":1}},
{"id":"05a82bb6-ea09-4a71-a8a9-6725c21b2a54","type":"Feature","geometry":{"type":"Polygon","coordinates":[[[77.1362563,28.6721379],[77.1362019,28.6720252],[77.1364154,28.6719459],[77.1364698,28.6720586],[77.1362563,28.6721379]]]},"properties":{"sources":[{"property":"","dataset":"OpenStreetMap","license":"ODbL-1.0","record_id":"w350045188@1","update_time":"2015-05-30T09:47:12.000Z","confidence":null,"between":null}],"is_underground":false,"has_parts":false,"version":1}},
{"id":"f7467c8a-d22e-4a85-958f-ea3c367390a2","type":"Feature","geometry":{"type":"Polygon","coordinates":[[[77.1363216,28.6722485],[77.1362708,28.672152],[77.1364786,28.6720678],[77.1365294,28.6721643],[77.1363216,28.6722485]]]},"properties":{"sources":[{"property":"","dataset":"OpenStreetMap","license":"ODbL-1.0","record_id":"w350045101@1","update_time":"2015-05-30T09:47:07.000Z","confidence":null,"between":null}],"is_underground":false,"has_parts":false,"version":1}},
{"id":"d8cb26ca-4e53-416c-a86c-04ff3e25b50a","type":"Feature","geometry":{"type":"Polygon","coordinates":[[[77.1363757,28.6723607],[77.1363329,28.672266],[77.1365498,28.6721907],[77.1365925,28.6722854],[77.1363757,28.6723607]]]},"properties":{"sources":[{"property":"","dataset":"OpenStreetMap","license":"ODbL-1.0","record_id":"w350045210@1","update_time":"2015-05-30T09:47:13.000Z","confidence":null,"between":null}],"is_underground":false,"has_parts":false,"version":1}},
{"id":"20f52967-21fb-40bb-8837-7f73bddb2d39","type":"Feature","geometry":{"type":"Polygon","coordinates":[[[77.1364341,28.6725089],[77.1363872,28.6723899],[77.1365995,28.6723255],[77.1366464,28.6724445],[77.1364341,28.6725089]]]},"properties":{"sources":[{"property":"","dataset":"OpenStreetMap","license":"ODbL-1.0","record_id":"w350044971@1","update_time":"2015-05-30T09:46:59.000Z","confidence":null,"between":null}],"is_underground":false,"has_parts":false,"version":1}},
{"id":"892cbf63-f778-4a83-8116-ff2e67323ee0","type":"Feature","geometry":{"type":"Polygon","coordinates":[[[77.1365333,28.6716224],[77.1364298,28.6714638],[77.1367495,28.6713033],[77.136853,28.6714619],[77.1365333,28.6716224]]]},"properties":{"sources":[{"property":"","dataset":"OpenStreetMap","license":"ODbL-1.0","record_id":"w350045209@1","update_time":"2015-05-30T09:47:13.000Z","confidence":null,"between":null}],"is_underground":false,"has_parts":false,"version":1}},
{"id":"131300fe-71c8-4ca2-b4b5-60a3ef5b37cd","type":"Feature","geometry":{"type":"Polygon","coordinates":[[[77.1366415,28.6718143],[77.1365385,28.671642],[77.1368592,28.6714944],[77.1369622,28.671666599999998],[77.1366415,28.6718143]]]},"properties":{"sources":[{"property":"","dataset":"OpenStreetMap","license":"ODbL-1.0","record_id":"w350045294@1","update_time":"2015-05-30T09:47:18.000Z","confidence":null,"between":null}],"is_underground":false,"has_parts":false,"version":1}},
{"id":"d6291db3-b920-45a9-8828-082d226f4a9e","type":"Feature","geometry":{"type":"Polygon","coordinates":[[[77.1367339,28.6719739],[77.1366446,28.6718214],[77.1369699,28.6716747],[77.1370592,28.6718272],[77.1367339,28.6719739]]]},"properties":{"sources":[{"property":"","dataset":"OpenStreetMap","license":"ODbL-1.0","record_id":"w350045187@1","update_time":"2015-05-30T09:47:12.000Z","confidence":null,"between":null}],"is_underground":false,"has_parts":false,"version":1}},
{"id":"63271615-106a-40dd-88d1-c3b0d69b86da","type":"Feature","geometry":{"type":"Polygon","coordinates":[[[77.1370241,28.6716343],[77.1369684,28.6715434],[77.1371704,28.6714481],[77.1372261,28.671539],[77.1370241,28.6716343]]]},"properties":{"sources":[{"property":"","dataset":"OpenStreetMap","license":"ODbL-1.0","record_id":"w350045272@1","update_time":"2015-05-30T09:47:17.000Z","confidence":null,"between":null}],"is_underground":false,"has_parts":false,"version":1}},
{"id":"ab1e93d9-a644-44af-9890-8ec3b55fee22","type":"Feature","geometry":{"type":"Polygon","coordinates":[[[77.1369109,28.6723581],[77.1368276,28.6722009],[77.1371506,28.6720691],[77.1372339,28.6722263],[77.1369109,28.6723581]]]},"properties":{"sources":[{"property":"","dataset":"OpenStreetMap","license":"ODbL-1.0","record_id":"w350045137@1","update_time":"2015-05-30T09:47:09.000Z","confidence":null,"between":null}],"is_underground":false,"has_parts":false,"version":1}},
{"id":"766ebaa3-b84c-4e5f-ba0d-c50ed7a645ad","type":"Feature","geometry":{"type":"Polygon","coordinates":[[[77.1369368,28.6725349],[77.1368671,28.6723842],[77.1372094,28.6722624],[77.1372791,28.672413],[77.1369368,28.6725349]]]},"properties":{"sources":[{"property":"","dataset":"OpenStreetMap","license":"ODbL-1.0","record_id":"w350045212@1","update_time":"2015-05-30T09:47:13.000Z","confidence":null,"between":null}],"is_underground":false,"has_parts":false,"version":1}},
{"id":"c7ad9660-7ea1-4eb6-8107-71c0abae229c","type":"Feature","geometry":{"type":"Polygon","coordinates":[[[77.136835,28.6721629],[77.1367503,28.6719953],[77.137019,28.6718907],[77.1371038,28.6720583],[77.136835,28.6721629]]]},"properties":{"sources":[{"property":"","dataset":"OpenStreetMap","license":"ODbL-1.0","record_id":"w350044962@1","update_time":"2015-05-30T09:46:59.000Z","confidence":null,"between":null}],"is_underground":false,"has_parts":false,"version":1}},
{"id":"1acf0f83-32dc-4e4a-b328-99cc53ab0440","type":"Feature","geometry":{"type":"Polygon","coordinates":[[[77.1367188,28.6723985],[77.1367502,28.6724838],[77.1366793,28.6725041],[77.1366479,28.6724188],[77.1367188,28.6723985]]]},"properties":{"sources":[{"property":"","dataset":"Google Open Buildings","license":null,"record_id":"7JWVM4CP+XMP3","update_time":"2023-05-01T00:00:00.000Z","confidence":0.8045,"between":null}],"is_underground":false,"has_parts":false,"version":1}},
{"id":"156d307c-c959-4d1f-af8c-77b72302e597","type":"Feature","geometry":{"type":"Polygon","coordinates":[[[77.1367512,28.672543],[77.1367766,28.6726238],[77.1367441,28.6726317],[77.1367188,28.6725509],[77.1367512,28.672543]]]},"properties":{"sources":[{"property":"","dataset":"Google Open Buildings","license":null,"record_id":"7JWVM4FP+2MQH","update_time":"2023-05-01T00:00:00.000Z","confidence":0.7884,"between":null}],"is_underground":false,"has_parts":false,"version":1}},
{"id":"8d146bd3-04ba-4460-a523-f3cc8f61240d","type":"Feature","geometry":{"type":"Polygon","coordinates":[[[77.1365269,28.6727611],[77.1364911,28.6726654],[77.1367181,28.6726],[77.1367539,28.6726957],[77.1365269,28.6727611]]]},"properties":{"sources":[{"property":"","dataset":"OpenStreetMap","license":"ODbL-1.0","record_id":"w350044996@1","update_time":"2015-05-30T09:47:01.000Z","confidence":null,"between":null}],"is_underground":false,"has_parts":false,"version":1}},
{"id":"be33d81f-b014-46e2-aff7-3fb256df5d28","type":"Feature","geometry":{"type":"Polygon","coordinates":[[[77.1365614,28.6728936],[77.1365204,28.6727853],[77.1367486,28.6727189],[77.1367895,28.6728272],[77.1365614,28.6728936]]]},"properties":{"sources":[{"property":"","dataset":"OpenStreetMap","license":"ODbL-1.0","record_id":"w350045267@1","update_time":"2015-05-30T09:47:17.000Z","confidence":null,"between":null}],"is_underground":false,"has_parts":false,"version":1}},
{"id":"1680bea9-277c-4e60-bb71-9f03f87028ce","type":"Feature","geometry":{"type":"Polygon","coordinates":[[[77.1366057,28.6730224],[77.1365624,28.6729119],[77.1367949,28.6728417],[77.1368382,28.6729523],[77.1366057,28.6730224]]]},"properties":{"sources":[{"property":"","dataset":"OpenStreetMap","license":"ODbL-1.0","record_id":"w350045176@1","update_time":"2015-05-30T09:47:11.000Z","confidence":null,"between":null}],"is_underground":false,"has_parts":false,"version":1}},
{"id":"535262af-b514-45fb-8e15-c78cb300da36","type":"Feature","geometry":{"type":"Polygon","coordinates":[[[77.137346,28.6726062],[77.1370207,28.6727033],[77.1369564,28.6725375],[77.1372817,28.6724404],[77.137346,28.6726062]]]},"properties":{"sources":[{"property":"","dataset":"OpenStreetMap","license":"ODbL-1.0","record_id":"w350045108@1","update_time":"2015-05-30T09:47:07.000Z","confidence":null,"between":null}],"is_underground":false,"has_parts":false,"version":1}},
{"id":"257c6397-4554-4b3e-8e9a-590f2eca86ed","type":"Feature","geometry":{"type":"Polygon","coordinates":[[[77.1370699,28.6728862],[77.1370051,28.6727468],[77.1373051,28.6726395],[77.1373699,28.6727789],[77.1370699,28.6728862]]]},"properties":{"sources":[{"property":"","dataset":"OpenStreetMap","license":"ODbL-1.0","record_id":"w350045193@1","update_time":"2015-05-30T09:47:12.000Z","confidence":null,"between":null}],"is_underground":false,"has_parts":false,"version":1}},
{"id":"ec761e67-a6e3-4a5b-aed7-05339bb99b24","type":"Feature","geometry":{"type":"Polygon","coordinates":[[[77.136977,28.6736001],[77.1369087,28.6736094],[77.1368999,28.67356],[77.1369682,28.6735506],[77.136977,28.6736001]]]},"properties":{"sources":[{"property":"","dataset":"Google Open Buildings","license":null,"record_id":"7JWVM4FP+CQP6","update_time":"2023-05-01T00:00:00.000Z","confidence":0.6593,"between":null}],"is_underground":false,"has_parts":false,"version":1}},
{"id":"dfe6ca77-645d-4f9d-9b5e-305b34e5bb32","type":"Feature","geometry":{"type":"Polygon","coordinates":[[[77.1370703,28.6734756],[77.1367995,28.6735296],[77.1367672,28.6734046],[77.1370379,28.6733506],[77.1370703,28.6734756]]]},"properties":{"sources":[{"property":"","dataset":"OpenStreetMap","license":"ODbL-1.0","record_id":"w350064870@1","update_time":"2015-05-30T11:09:41.000Z","confidence":null,"between":null}],"is_underground":false,"has_parts":false,"version":1}},
{"id":"a41f63b6-eaa5-4d53-a2c9-463a7f5e6e9c","type":"Feature","geometry":{"type":"Polygon","coordinates":[[[77.1366889,28.6732895],[77.13664,28.6731537],[77.1369438,28.6730694],[77.1369927,28.6732052],[77.1366889,28.6732895]]]},"properties":{"sources":[{"property":"","dataset":"OpenStreetMap","license":"ODbL-1.0","record_id":"w350045281@1","update_time":"2015-05-30T09:47:17.000Z","confidence":null,"between":null}],"is_underground":false,"has_parts":false,"version":1}},
{"id":"495cf106-02ad-41c8-81f8-b9d080ab3a0b","type":"Feature","geometry":{"type":"Polygon","coordinates":[[[77.1369235,28.6733142],[77.1368094,28.6733449],[77.136791,28.6732922],[77.136905,28.6732615],[77.1369235,28.6733142]]]},"properties":{"sources":[{"property":"","dataset":"OpenStreetMap","license":"ODbL-1.0","record_id":"w350045200@1","update_time":"2015-05-30T09:47:12.000Z","confidence":null,"between":null}],"is_underground":false,"has_parts":false,"version":1}},
{"id":"058abf25-747e-427f-881c-623613a40b27","type":"Feature","geometry":{"type":"Polygon","coordinates":[[[77.136488,28.6735449],[77.1364457,28.6734399],[77.1366557,28.6733747],[77.136698,28.6734797],[77.136488,28.6735449]]]},"properties":{"sources":[{"property":"","dataset":"OpenStreetMap","license":"ODbL-1.0","record_id":"w350044986@1","update_time":"2015-05-30T09:47:00.000Z","confidence":null,"between":null}],"is_underground":false,"has_parts":false,"version":1}},
{"id":"adc5c307-4ae8-4cc6-b653-22f65d718cd4","type":"Feature","geometry":{"type":"Polygon","coordinates":[[[77.1363323,28.673186],[77.1362928,28.6730814],[77.1365292,28.6730127],[77.1365687,28.6731173],[77.1363323,28.673186]]]},"properties":{"sources":[{"property":"","dataset":"OpenStreetMap","license":"ODbL-1.0","record_id":"w350045057@1","update_time":"2015-05-30T09:47:04.000Z","confidence":null,"between":null}],"is_underground":false,"has_parts":false,"version":1}},
{"id":"a6f4b8d5-0da9-450c-92ef-0822f5a52329","type":"Feature","geometry":{"type":"Polygon","coordinates":[[[77.1364406,28.6734275],[77.1364065,28.6733362],[77.1366357,28.6732703],[77.1366698,28.6733616],[77.1364406,28.6734275]]]},"properties":{"sources":[{"property":"","dataset":"OpenStreetMap","license":"ODbL-1.0","record_id":"w350045030@1","update_time":"2015-05-30T09:47:03.000Z","confidence":null,"between":null}],"is_underground":false,"has_parts":false,"version":1}},
{"id":"8672d0eb-6692-4d82-8c16-111a3e87dd80","type":"Feature","geometry":{"type":"Polygon","coordinates":[[[77.1364052,28.6733269],[77.1363682,28.6732339],[77.1366014,28.6731624],[77.1366384,28.6732554],[77.1364052,28.6733269]]]},"properties":{"sources":[{"property":"","dataset":"OpenStreetMap","license":"ODbL-1.0","record_id":"w350044947@1","update_time":"2015-05-30T09:46:58.000Z","confidence":null,"between":null}],"is_underground":false,"has_parts":false,"version":1}},
{"id":"152ad08c-f3f4-4546-8537-1abfeb4ec2da","type":"Feature","geometry":{"type":"Polygon","coordinates":[[[77.1366181,28.6730653],[77.1366343,28.6731078],[77.1365728,28.6731259],[77.1365566,28.6730835],[77.1366181,28.6730653]]]},"properties":{"sources":[{"property":"","dataset":"Google Open Buildings","license":null,"record_id":"7JWVM4FP+6JQR","update_time":"2023-05-01T00:00:00.000Z","confidence":0.8093,"between":null}],"is_underground":false,"has_parts":false,"version":1}},
{"id":"9ab649bd-251c-40fa-9fa1-bba19a855469","type":"Feature","geometry":{"type":"Polygon","coordinates":[[[77.1364803,28.6726515],[77.1364368,28.6725296],[77.1366537,28.6724701],[77.1366971,28.6725921],[77.1364803,28.6726515]]]},"properties":{"sources":[{"property":"","dataset":"OpenStreetMap","license":"ODbL-1.0","record_id":"w350045234@1","update_time":"2015-05-30T09:47:15.000Z","confidence":null,"between":null}],"is_underground":false,"has_parts":false,"version":1}},
{"id":"87ef90e3-1944-413d-b669-b88641cbb15e","type":"Feature","geometry":{"type":"Polygon","coordinates":[[[77.1362485,28.6729512],[77.1362009,28.6728277],[77.1364421,28.6727563],[77.1364897,28.6728797],[77.1362485,28.6729512]]]},"properties":{"sources":[{"property":"","dataset":"OpenStreetMap","license":"ODbL-1.0","record_id":"w350045142@1","update_time":"2015-05-30T09:47:09.000Z","confidence":null,"between":null}],"is_underground":false,"has_parts":false,"version":1}},
{"id":"ce8f3074-09ca-450a-8bbf-7d8c9662be8f","type":"Feature","geometry":{"type":"Polygon","coordinates":[[[77.1362881,28.6730618],[77.1362585,28.672964],[77.1364957,28.6729087],[77.1365253,28.6730064],[77.1362881,28.6730618]]]},"properties":{"sources":[{"property":"","dataset":"OpenStreetMap","license":"ODbL-1.0","record_id":"w350045173@1","update_time":"2015-05-30T09:47:11.000Z","confidence":null,"between":null}],"is_underground":false,"has_parts":false,"version":1}},
{"id":"8a88bf7d-ef53-405a-8cb7-9e5b571172c6","type":"Feature","geometry":{"type":"Polygon","coordinates":[[[77.1362027,28.6728062],[77.1361714,28.6727065],[77.1363886,28.672654],[77.1364199,28.6727536],[77.1362027,28.6728062]]]},"properties":{"sources":[{"property":"","dataset":"OpenStreetMap","license":"ODbL-1.0","record_id":"w350045246@1","update_time":"2015-05-30T09:47:15.000Z","confidence":null,"between":null}],"is_underground":false,"has_parts":false,"version":1}},
{"id":"c897108a-2994-4e3a-ab0f-3a97b28b1118","type":"Feature","geometry":{"type":"Polygon","coordinates":[[[77.1361909,28.6726743],[77.1361578,28.6725699],[77.1363503,28.6725229],[77.1363834,28.6726274],[77.1361909,28.6726743]]]},"properties":{"sources":[{"property":"","dataset":"OpenStreetMap","license":"ODbL-1.0","record_id":"w350045081@1","update_time":"2015-05-30T09:47:06.000Z","confidence":null,"between":null}],"is_underground":false,"has_parts":false,"version":1}},
{"id":"0821315f-0337-4618-b50f-43dae0c2c07c","type":"Feature","geometry":{"type":"Polygon","coordinates":[[[77.1359195,28.6734003],[77.1358803,28.6732429],[77.1360971,28.6732013],[77.1361363,28.6733586],[77.1359195,28.6734003]]]},"properties":{"sources":[{"property":"","dataset":"OpenStreetMap","license":"ODbL-1.0","record_id":"w350045189@1","update_time":"2015-05-30T09:47:12.000Z","confidence":null,"between":null}],"is_underground":false,"has_parts":false,"version":1}},
{"id":"0f769387-dad2-47e1-aaf1-8b67a7a55532","type":"Feature","geometry":{"type":"Polygon","coordinates":[[[77.1362502,28.6736672],[77.1361264,28.6736812],[77.1360959,28.6734731],[77.1362197,28.6734591],[77.1362502,28.6736672]]]},"properties":{"sources":[{"property":"","dataset":"OpenStreetMap","license":"ODbL-1.0","record_id":"w350064881@1","update_time":"2015-05-30T11:09:41.000Z","confidence":null,"between":null}],"is_underground":false,"has_parts":false,"version":1}},
{"id":"6ca069af-639a-42e9-a355-3ce6a660c687","type":"Feature","geometry":{"type":"Polygon","coordinates":[[[77.13609,28.6736976],[77.1360106,28.6737011],[77.1359987,28.6734937],[77.136078,28.6734902],[77.13609,28.6736976]]]},"properties":{"sources":[{"property":"","dataset":"OpenStreetMap","license":"ODbL-1.0","record_id":"w350064864@1","update_time":"2015-05-30T11:09:41.000Z","confidence":null,"between":null}],"is_underground":false,"has_parts":false,"version":1}},
{"id":"e60ca1fd-9a99-4858-b09c-0c762222b228","type":"Feature","geometry":{"type":"Polygon","coordinates":[[[77.136005,28.673714],[77.135922,28.6737194],[77.1359052,28.6735211],[77.1359882,28.6735157],[77.136005,28.673714]]]},"properties":{"sources":[{"property":"","dataset":"OpenStreetMap","license":"ODbL-1.0","record_id":"w350064956@1","update_time":"2015-05-30T11:09:45.000Z","confidence":null,"between":null}],"is_underground":false,"has_parts":false,"version":1}},
{"id":"f214ea08-2c14-4d54-9cd6-ffd9abdd19de","type":"Feature","geometry":{"type":"Polygon","coordinates":[[[77.1358743,28.6732215],[77.135846,28.673146],[77.1360409,28.6730899],[77.1360691,28.6731654],[77.1358743,28.6732215]]]},"properties":{"sources":[{"property":"","dataset":"OpenStreetMap","license":"ODbL-1.0","record_id":"w350045264@1","update_time":"2015-05-30T09:47:16.000Z","confidence":null,"between":null}],"is_underground":false,"has_parts":false,"version":1}},
{"id":"39a81e12-d682-4b01-85d6-c59abc811137","type":"Feature","geometry":{"type":"Polygon","coordinates":[[[77.1356576,28.6733393],[77.1356009,28.6731884],[77.1357998,28.673131],[77.1358564,28.6732819],[77.1356576,28.6733393]]]},"properties":{"sources":[{"property":"","dataset":"OpenStreetMap","license":"ODbL-1.0","record_id":"w350044982@1","update_time":"2015-05-30T09:47:00.000Z","confidence":null,"between":null}],"is_underground":false,"has_parts":false,"version":1}},
{"id":"9300e865-5680-4949-931f-bdac5f0edeaf","type":"Feature","geometry":{"type":"Polygon","coordinates":[[[77.1356824,28.6734365],[77.1356512,28.6733517],[77.1358541,28.6732942],[77.1358853,28.673379],[77.1356824,28.6734365]]]},"properties":{"sources":[{"property":"","dataset":"OpenStreetMap","license":"ODbL-1.0","record_id":"w350045295@1","update_time":"2015-05-30T09:47:18.000Z","confidence":null,"between":null}],"is_underground":false,"has_parts":false,"version":1}},
{"id":"c3773e4f-3b0e-4de8-a4d0-d0336ee9eed3","type":"Feature","geometry":{"type":"Polygon","coordinates":[[[77.1355139,28.6734247],[77.1353194,28.6734673],[77.1352966,28.6733869],[77.1354911,28.6733444],[77.1355139,28.6734247]]]},"properties":{"sources":[{"property":"","dataset":"OpenStreetMap","license":"ODbL-1.0","record_id":"w350045022@1","update_time":"2015-05-30T09:47:02.000Z","confidence":null,"between":null}],"is_underground":false,"has_parts":false,"version":1}},
{"id":"4a471b35-2808-4e42-a4cc-39df6ef9259e","type":"Feature","geometry":{"type":"Polygon","coordinates":[[[77.1354857,28.6733301],[77.1352906,28.6733847],[77.1352532,28.6732818],[77.1354482,28.6732272],[77.1354857,28.6733301]]]},"properties":{"sources":[{"property":"","dataset":"OpenStreetMap","license":"ODbL-1.0","record_id":"w350045288@1","update_time":"2015-05-30T09:47:18.000Z","confidence":null,"between":null}],"is_underground":false,"has_parts":false,"version":1}},
{"id":"2e1ea5aa-f95b-43ff-89de-1b7988052c3a","type":"Feature","geometry":{"type":"Polygon","coordinates":[[[77.1355962,28.6731649],[77.1355658,28.6730799],[77.1357567,28.6730274],[77.135787,28.6731124],[77.1355962,28.6731649]]]},"properties":{"sources":[{"property":"","dataset":"OpenStreetMap","license":"ODbL-1.0","record_id":"w350045250@1","update_time":"2015-05-30T09:47:15.000Z","confidence":null,"between":null}],"is_underground":false,"has_parts":false,"version":1}},
{"id":"76993a6e-78c8-4aa7-9483-9139f8e0b885","type":"Feature","geometry":{"type":"Polygon","coordinates":[[[77.1355623,28.6730734],[77.1355236,28.6729845],[77.1357009,28.672925],[77.1357396,28.6730139],[77.1355623,28.6730734]]]},"properties":{"sources":[{"property":"","dataset":"OpenStreetMap","license":"ODbL-1.0","record_id":"w350045015@1","update_time":"2015-05-30T09:47:02.000Z","confidence":null,"between":null}],"is_underground":false,"has_parts":false,"version":1}},
{"id":"8dceabe5-7b11-44d1-a52e-173dd0f2ff90","type":"Feature","geometry":{"type":"Polygon","coordinates":[[[77.135527,28.6729707],[77.1354971,28.6728978],[77.1357031,28.6728327],[77.1357331,28.6729055],[77.135527,28.6729707]]]},"properties":{"sources":[{"property":"","dataset":"OpenStreetMap","license":"ODbL-1.0","record_id":"w350045074@1","update_time":"2015-05-30T09:47:05.000Z","confidence":null,"between":null}],"is_underground":false,"has_parts":false,"version":1}},
{"id":"efc57bba-4ca2-48fd-b62d-1df4a9433c0c","type":"Feature","geometry":{"type":"Polygon","coordinates":[[[77.135498,28.6728868],[77.1354653,28.6728018],[77.1356477,28.6727478],[77.1356804,28.6728328],[77.135498,28.6728868]]]},"properties":{"sources":[{"property":"","dataset":"OpenStreetMap","license":"ODbL-1.0","record_id":"w350045035@1","update_time":"2015-05-30T09:47:03.000Z","confidence":null,"between":null}],"is_underground":false,"has_parts":false,"version":1}},
{"id":"3981a8cc-ad79-4989-989b-9d54c4665974","type":"Feature","geometry":{"type":"Polygon","coordinates":[[[77.1353937,28.6726223],[77.1353558,28.6725384],[77.1355341,28.6724764],[77.135572,28.6725602],[77.1353937,28.6726223]]]},"properties":{"sources":[{"property":"","dataset":"OpenStreetMap","license":"ODbL-1.0","record_id":"w350045084@1","update_time":"2015-05-30T09:47:06.000Z","confidence":null,"between":null}],"is_underground":false,"has_parts":false,"version":1}},
{"id":"bb8e0212-b2fd-4e8f-a856-08c6c991f565","type":"Feature","geometry":{"type":"Polygon","coordinates":[[[77.1354283,28.6727073],[77.1353958,28.6726313],[77.1355612,28.6725768],[77.1355937,28.6726528],[77.1354283,28.6727073]]]},"properties":{"sources":[{"property":"","dataset":"OpenStreetMap","license":"ODbL-1.0","record_id":"w350045237@1","update_time":"2015-05-30T09:47:15.000Z","confidence":null,"between":null}],"is_underground":false,"has_parts":false,"version":1}},
{"id":"3ad40181-15c7-4964-846b-77cbd73bc31c","type":"Feature","geometry":{"type":"Polygon","coordinates":[[[77.1354619,28.6727908],[77.1354316,28.6727157],[77.1356217,28.6726568],[77.1356519,28.672732],[77.1354619,28.6727908]]]},"properties":{"sources":[{"property":"","dataset":"OpenStreetMap","license":"ODbL-1.0","record_id":"w350045004@1","update_time":"2015-05-30T09:47:01.000Z","confidence":null,"between":null}],"is_underground":false,"has_parts":false,"version":1}},
{"id":"1d2c6299-53d8-46a6-9027-46c7144e7cfa","type":"Feature","geometry":{"type":"Polygon","coordinates":[[[77.1356564,28.6726333],[77.1356181,28.6725562],[77.1358218,28.6724784],[77.1358601,28.6725556],[77.1356564,28.6726333]]]},"properties":{"sources":[{"property":"","dataset":"OpenStreetMap","license":"ODbL-1.0","record_id":"w350045104@1","update_time":"2015-05-30T09:47:07.000Z","confidence":null,"between":null}],"is_underground":false,"has_parts":false,"version":1}},
{"id":"a72170cb-56a6-49ea-8a98-c01e21dc1f63","type":"Feature","geometry":{"type":"Polygon","coordinates":[[[77.1357009,28.6727086],[77.1356677,28.6726377],[77.135845,28.6725739],[77.1358782,28.6726448],[77.1357009,28.6727086]]]},"properties":{"sources":[{"property":"","dataset":"OpenStreetMap","license":"ODbL-1.0","record_id":"w350045211@1","update_time":"2015-05-30T09:47:13.000Z","confidence":null,"between":null}],"is_underground":false,"has_parts":false,"version":1}},
{"id":"91f85fda-dd20-4321-992c-526f64bc29cf","type":"Feature","geometry":{"type":"Polygon","coordinates":[[[77.1357296,28.6727707],[77.1357033,28.6727151],[77.1358829,28.6726496],[77.1359092,28.6727053],[77.1357296,28.6727707]]]},"properties":{"sources":[{"property":"","dataset":"OpenStreetMap","license":"ODbL-1.0","record_id":"w350045029@1","update_time":"2015-05-30T09:47:03.000Z","confidence":null,"between":null}],"is_underground":false,"has_parts":false,"version":1}},
{"id":"82fc29fb-d768-4296-adaa-0d8b7b6ece66","type":"Feature","geometry":{"type":"Polygon","coordinates":[[[77.1357826,28.6729318],[77.1357575,28.6728711],[77.1359258,28.6728176],[77.1359508,28.6728783],[77.1357826,28.6729318]]]},"properties":{"sources":[{"property":"","dataset":"OpenStreetMap","license":"ODbL-1.0","record_id":"w350045132@1","update_time":"2015-05-30T09:47:09.000Z","confidence":null,"between":null}],"is_underground":false,"has_parts":false,"version":1}},
{"id":"a6ee4e30-d9d0-48e0-b594-1f0a38b1e266","type":"Feature","geometry":{"type":"Polygon","coordinates":[[[77.1357977,28.6730362],[77.1357638,28.6729449],[77.135965,28.6728874],[77.1359989,28.6729787],[77.1357977,28.6730362]]]},"properties":{"sources":[{"property":"","dataset":"OpenStreetMap","license":"ODbL-1.0","record_id":"w350045231@1","update_time":"2015-05-30T09:47:14.000Z","confidence":null,"between":null}],"is_underground":false,"has_parts":false,"version":1}},
{"id":"9fbf1c8f-5cbb-4959-8164-40c9a12afe9f","type":"Feature","geometry":{"type":"Polygon","coordinates":[[[77.1358315,28.6731298],[77.1358013,28.6730451],[77.1360058,28.672989],[77.1360359,28.6730737],[77.1358315,28.6731298]]]},"properties":{"sources":[{"property":"","dataset":"OpenStreetMap","license":"ODbL-1.0","record_id":"w350045162@1","update_time":"2015-05-30T09:47:10.000Z","confidence":null,"between":null}],"is_underground":false,"has_parts":false,"version":1}},
{"id":"83c32634-0af3-480a-8871-ffe647db2540","type":"Feature","geometry":{"type":"Polygon","coordinates":[[[77.1357671,28.672855],[77.1357338,28.672778],[77.1359077,28.67272],[77.1359411,28.6727971],[77.1357671,28.672855]]]},"properties":{"sources":[{"property":"","dataset":"OpenStreetMap","license":"ODbL-1.0","record_id":"w350044946@1","update_time":"2015-05-30T09:46:58.000Z","confidence":null,"between":null}],"is_underground":false,"has_parts":false,"version":1}},
{"id":"30d40424-c4cf-44c3-bcc2-0439588526ca","type":"Feature","geometry":{"type":"Polygon","coordinates":[[[77.1356057,28.6725465],[77.1355662,28.6724637],[77.1357627,28.6723915],[77.1358022,28.6724743],[77.1356057,28.6725465]]]},"properties":{"sources":[{"property":"","dataset":"OpenStreetMap","license":"ODbL-1.0","record_id":"w350045191@1","update_time":"2015-05-30T09:47:12.000Z","confidence":null,"between":null}],"is_underground":false,"has_parts":false,"version":1}},
{"id":"0356897f-51f0-4c9e-8087-b88430e890ff","type":"Feature","geometry":{"type":"Polygon","coordinates":[[[77.1358908,28.6720862],[77.1358149,28.671977],[77.1360315,28.6718611],[77.1361075,28.6719703],[77.1358908,28.6720862]]]},"properties":{"sources":[{"property":"","dataset":"OpenStreetMap","license":"ODbL-1.0","record_id":"w350045240@1","update_time":"2015-05-30T09:47:15.000Z","confidence":null,"between":null}],"is_underground":false,"has_parts":false,"version":1}},
{"id":"5b7015ec-bc7f-4c3e-a75d-bfed3265150a","type":"Feature","geometry":{"type":"Polygon","coordinates":[[[77.1358284,28.6719453],[77.1357739,28.6718698],[77.1359871,28.6717514],[77.1360416,28.6718269],[77.1358284,28.6719453]]]},"properties":{"sources":[{"property":"","dataset":"OpenStreetMap","license":"ODbL-1.0","record_id":"w350045021@1","update_time":"2015-05-30T09:47:02.000Z","confidence":null,"between":null}],"is_underground":false,"has_parts":false,"version":1}},
{"id":"0b83d218-67cd-442c-aa0a-aae1c798fc40","type":"Feature","geometry":{"type":"Polygon","coordinates":[[[77.135776,28.6718573],[77.1357074,28.6717679],[77.1359118,28.671647],[77.1359805,28.6717364],[77.135776,28.6718573]]]},"properties":{"sources":[{"property":"","dataset":"OpenStreetMap","license":"ODbL-1.0","record_id":"w350045257@1","update_time":"2015-05-30T09:47:16.000Z","confidence":null,"between":null}],"is_underground":false,"has_parts":false,"version":1}},
{"id":"40b5f585-a175-4662-abb8-ce7b0d5dda60","type":"Feature","geometry":{"type":"Polygon","coordinates":[[[77.135912,28.6715804],[77.1358086,28.6714444],[77.1360356,28.6713116],[77.136139,28.6714476],[77.135912,28.6715804]]]},"properties":{"sources":[{"property":"","dataset":"OpenStreetMap","license":"ODbL-1.0","record_id":"w350045089@1","update_time":"2015-05-30T09:47:06.000Z","confidence":null,"between":null}],"is_underground":false,"has_parts":false,"version":1}},
{"id":"826fd81b-7713-459a-bc7b-b99b2e21fb1e","type":"Feature","geometry":{"type":"Polygon","coordinates":[[[77.1356968,28.6717623],[77.1355682,28.6716236],[77.1357648,28.6714833],[77.1358934,28.6716219],[77.1356968,28.6717623]]]},"properties":{"sources":[{"property":"","dataset":"OpenStreetMap","license":"ODbL-1.0","record_id":"w350045170@1","update_time":"2015-05-30T09:47:11.000Z","confidence":null,"between":null}],"is_underground":false,"has_parts":false,"version":1}},
{"id":"425a3a12-b0b0-4fbb-b01f-c4e578d902b4","type":"Feature","geometry":{"type":"Polygon","coordinates":[[[77.1353082,28.6720014],[77.1352191,28.6718687],[77.1354281,28.6717765],[77.1355013,28.6719043],[77.1353082,28.6720014]]]},"properties":{"sources":[{"property":"","dataset":"OpenStreetMap","license":"ODbL-1.0","record_id":"w350045214@1","update_time":"2015-05-30T09:47:13.000Z","confidence":null,"between":null}],"is_underground":false,"has_parts":false,"version":1}},
{"id":"ad2d676c-3455-4c82-8dba-79ab4b7a3b31","type":"Feature","geometry":{"type":"Polygon","coordinates":[[[77.1353545,28.6720639],[77.1353166,28.6720097],[77.1354675,28.6719284],[77.1355054,28.6719826],[77.1353545,28.6720639]]]},"properties":{"sources":[{"property":"","dataset":"OpenStreetMap","license":"ODbL-1.0","record_id":"w350044976@1","update_time":"2015-05-30T09:46:59.000Z","confidence":null,"between":null}],"is_underground":false,"has_parts":false,"version":1}},
{"id":"cfe67d85-34dc-461c-9997-a626d5e88620","type":"Feature","geometry":{"type":"Polygon","coordinates":[[[77.1354585,28.6722114],[77.1354133,28.6721445],[77.1355674,28.6720642],[77.1356127,28.6721311],[77.1354585,28.6722114]]]},"properties":{"sources":[{"property":"","dataset":"OpenStreetMap","license":"ODbL-1.0","record_id":"w350045008@1","update_time":"2015-05-30T09:47:01.000Z","confidence":null,"between":null}],"is_underground":false,"has_parts":false,"version":1}},
{"id":"62a024ab-b572-441b-9427-be2d385a3ef2","type":"Feature","geometry":{"type":"Polygon","coordinates":[[[77.1354113,28.6721395],[77.1353692,28.6720677],[77.1355223,28.6719859],[77.13557,28.6720548],[77.1354113,28.6721395]]]},"properties":{"sources":[{"property":"","dataset":"OpenStreetMap","license":"ODbL-1.0","record_id":"w350045093@1","update_time":"2015-05-30T09:47:06.000Z","confidence":null,"between":null}],"is_underground":false,"has_parts":false,"version":1}},
{"id":"d46a5f19-d0a0-4ede-b921-77a9218ff59c","type":"Feature","geometry":{"type":"Polygon","coordinates":[[[77.1354969,28.6722885],[77.1354551,28.6722248],[77.1356442,28.6721291],[77.1356861,28.6721929],[77.1354969,28.6722885]]]},"properties":{"sources":[{"property":"","dataset":"OpenStreetMap","license":"ODbL-1.0","record_id":"w350045120@1","update_time":"2015-05-30T09:47:08.000Z","confidence":null,"between":null}],"is_underground":false,"has_parts":false,"version":1}},
{"id":"e0fd8d8a-e833-4140-96e6-c7c5601e3781","type":"Feature","geometry":{"type":"Polygon","coordinates":[[[77.1355394,28.6723594],[77.1354985,28.6722937],[77.1356679,28.6722124],[77.1357088,28.6722781],[77.1355394,28.6723594]]]},"properties":{"sources":[{"property":"","dataset":"OpenStreetMap","license":"ODbL-1.0","record_id":"w350045037@1","update_time":"2015-05-30T09:47:03.000Z","confidence":null,"between":null}],"is_underground":false,"has_parts":false,"version":1}},
{"id":"d6322318-28f7-4ef4-bdac-c2a73e5aad80","type":"Feature","geometry":{"type":"Polygon","coordinates":[[[77.1355716,28.672444],[77.1355375,28.6723684],[77.1357268,28.6723026],[77.1357609,28.6723781],[77.1355716,28.672444]]]},"properties":{"sources":[{"property":"","dataset":"OpenStreetMap","license":"ODbL-1.0","record_id":"w350045076@1","update_time":"2015-05-30T09:47:06.000Z","confidence":null,"between":null}],"is_underground":false,"has_parts":false,"version":1}},
{"id":"bf3495fb-a674-4a55-8fba-a5d3eda90509","type":"Feature","geometry":{"type":"Polygon","coordinates":[[[77.1353234,28.6724493],[77.135277,28.6723635],[77.1354487,28.672292],[77.1354951,28.6723778],[77.1353234,28.6724493]]]},"properties":{"sources":[{"property":"","dataset":"OpenStreetMap","license":"ODbL-1.0","record_id":"w350045255@1","update_time":"2015-05-30T09:47:16.000Z","confidence":null,"between":null}],"is_underground":false,"has_parts":false,"version":1}},
{"id":"6f43923b-5da9-4c22-8fcc-375c0e28662d","type":"Feature","geometry":{"type":"Polygon","coordinates":[[[77.1353557,28.6725344],[77.135317,28.6724616],[77.1354951,28.6723887],[77.1355338,28.6724615],[77.1353557,28.6725344]]]},"properties":{"sources":[{"property":"","dataset":"OpenStreetMap","license":"ODbL-1.0","record_id":"w350045168@1","update_time":"2015-05-30T09:47:11.000Z","confidence":null,"between":null}],"is_underground":false,"has_parts":false,"version":1}},
{"id":"b02aec2a-6b45-459a-8e1d-0ba970f2d5bb","type":"Feature","geometry":{"type":"Polygon","coordinates":[[[77.1351499,28.6722021],[77.1350176,28.6720131],[77.1351995,28.6719151],[77.1353318,28.6721041],[77.1351499,28.6722021]]]},"properties":{"sources":[{"property":"","dataset":"OpenStreetMap","license":"ODbL-1.0","record_id":"w350045128@1","update_time":"2015-05-30T09:47:08.000Z","confidence":null,"between":null}],"is_underground":false,"has_parts":false,"version":1}},
{"id":"752ca2df-60a4-40dd-94b2-9f6a528ef290","type":"Feature","geometry":{"type":"Polygon","coordinates":[[[77.1352599,28.6723636],[77.1351647,28.672216],[77.1353533,28.6721223],[77.1354485,28.6722699],[77.1352599,28.6723636]]]},"properties":{"sources":[{"property":"","dataset":"OpenStreetMap","license":"ODbL-1.0","record_id":"w350045095@1","update_time":"2015-05-30T09:47:07.000Z","confidence":null,"between":null}],"is_underground":false,"has_parts":false,"version":1}},
{"id":"071d9b71-a207-449c-8639-2238195803ba","type":"Feature","geometry":{"type":"Polygon","coordinates":[[[77.1351806,28.6718157],[77.1351142,28.6717486],[77.135265,28.6716337],[77.1353315,28.6717009],[77.1351806,28.6718157]]]},"properties":{"sources":[{"property":"","dataset":"OpenStreetMap","license":"ODbL-1.0","record_id":"w350045235@1","update_time":"2015-05-30T09:47:15.000Z","confidence":null,"between":null}],"is_underground":false,"has_parts":false,"version":1}},
{"id":"b312e3d4-cd01-4c29-8cb8-a25c69d1f5ff","type":"Feature","geometry":{"type":"Polygon","coordinates":[[[77.1352194,28.6714658],[77.1352814,28.6715335],[77.1352501,28.6715558],[77.1351881,28.671488],[77.1352194,28.6714658]]]},"properties":{"sources":[{"property":"","dataset":"Google Open Buildings","license":null,"record_id":"7JWVM4CP+J35G","update_time":"2023-05-01T00:00:00.000Z","confidence":0.7096,"between":null}],"is_underground":false,"has_parts":false,"version":1}},
{"id":"454d1576-58b8-4a5b-a233-321d08b1f727","type":"Feature","geometry":{"type":"Polygon","coordinates":[[[77.1351141,28.6717141],[77.135057,28.6716469],[77.1352089,28.6715475],[77.135266,28.6716146],[77.1351141,28.6717141]]]},"properties":{"sources":[{"property":"","dataset":"OpenStreetMap","license":"ODbL-1.0","record_id":"w350045146@1","update_time":"2015-05-30T09:47:09.000Z","confidence":null,"between":null}],"is_underground":false,"has_parts":false,"version":1}},
{"id":"8bcff09b-b143-4777-9474-1462cb43d518","type":"Feature","geometry":{"type":"Polygon","coordinates":[[[77.1350616,28.6716359],[77.1349803,28.6715527],[77.1351195,28.671448],[77.1352008,28.6715312],[77.1350616,28.6716359]]]},"properties":{"sources":[{"property":"","dataset":"OpenStreetMap","license":"ODbL-1.0","record_id":"w350045164@1","update_time":"2015-05-30T09:47:10.000Z","confidence":null,"between":null}],"is_underground":false,"has_parts":false,"version":1}},
{"id":"6328a655-239f-4e3a-9aec-8c9b5c0f041c","type":"Feature","geometry":{"type":"Polygon","coordinates":[[[77.1349904,28.6719557],[77.1349099,28.671872],[77.1350618,28.6717595],[77.1351423,28.6718432],[77.1349904,28.6719557]]]},"properties":{"sources":[{"property":"","dataset":"OpenStreetMap","license":"ODbL-1.0","record_id":"w350045262@1","update_time":"2015-05-30T09:47:16.000Z","confidence":null,"between":null}],"is_underground":false,"has_parts":false,"version":1}},
{"id":"3fe00a1a-4ac3-4a11-bcf8-ca934cd12c2c","type":"Feature","geometry":{"type":"Polygon","coordinates":[[[77.1349211,28.6718549],[77.1348602,28.6717902],[77.1349935,28.6716936],[77.1350544,28.6717583],[77.1349211,28.6718549]]]},"properties":{"sources":[{"property":"","dataset":"OpenStreetMap","license":"ODbL-1.0","record_id":"w350045160@1","update_time":"2015-05-30T09:47:10.000Z","confidence":null,"between":null}],"is_underground":false,"has_parts":false,"version":1}},
{"id":"04542e41-35ca-4895-94fc-54eeb84fd3ca","type":"Feature","geometry":{"type":"Polygon","coordinates":[[[77.1349634,28.6715593],[77.1348582,28.6714764],[77.1350132,28.6713251],[77.1351184,28.671408],[77.1349634,28.6715593]]]},"properties":{"sources":[{"property":"","dataset":"OpenStreetMap","license":"ODbL-1.0","record_id":"w350045062@1","update_time":"2015-05-30T09:47:05.000Z","confidence":null,"between":null}],"is_underground":false,"has_parts":false,"version":1}},
{"id":"205d6c80-ee13-4e4e-953e-ba87a227e06c","type":"Feature","geometry":{"type":"Polygon","coordinates":[[[77.1348558,28.6717856],[77.1347304,28.6716567],[77.1348855,28.6715405],[77.1350109,28.6716693],[77.1348558,28.6717856]]]},"properties":{"sources":[{"property":"","dataset":"OpenStreetMap","license":"ODbL-1.0","record_id":"w350044984@1","update_time":"2015-05-30T09:47:00.000Z","confidence":null,"between":null}],"is_underground":false,"has_parts":false,"version":1}},
{"id":"487d5ed2-ef40-46f8-b044-d41d2cb7db92","type":"Feature","geometry":{"type":"Polygon","coordinates":[[[77.1347387,28.6716401],[77.1346656,28.6715771],[77.1347982,28.6714587],[77.1348712,28.6715217],[77.1347387,28.6716401]]]},"properties":{"sources":[{"property":"","dataset":"OpenStreetMap","license":"ODbL-1.0","record_id":"w350045072@1","update_time":"2015-05-30T09:47:05.000Z","confidence":null,"between":null}],"is_underground":false,"has_parts":false,"version":1}},
{"id":"d51d4d91-33d5-4248-ac5d-8e80e5afd9b7","type":"Feature","geometry":{"type":"Polygon","coordinates":[[[77.1347186,28.6721691],[77.134634,28.6720727],[77.1347833,28.6719718],[77.134868,28.6720682],[77.1347186,28.6721691]]]},"properties":{"sources":[{"property":"","dataset":"OpenStreetMap","license":"ODbL-1.0","record_id":"w350045224@1","update_time":"2015-05-30T09:47:14.000Z","confidence":null,"between":null}],"is_underground":false,"has_parts":false,"version":1}},
{"id":"fdb5638e-eb9e-4f6c-97f8-e2cdcd936afd","type":"Feature","geometry":{"type":"Polygon","coordinates":[[[77.1348233,28.6723302],[77.1347408,28.6722299],[77.1349313,28.6721094],[77.1350138,28.6722097],[77.1348233,28.6723302]]]},"properties":{"sources":[{"property":"","dataset":"OpenStreetMap","license":"ODbL-1.0","record_id":"w350044989@1","update_time":"2015-05-30T09:47:00.000Z","confidence":null,"between":null}],"is_underground":false,"has_parts":false,"version":1}},
{"id":"b943c4d9-b189-4123-a0d2-4d4e0ad2f10f","type":"Feature","geometry":{"type":"Polygon","coordinates":[[[77.1348951,28.6724125],[77.1348357,28.6723358],[77.1350154,28.6722286],[77.1350748,28.6723052],[77.1348951,28.6724125]]]},"properties":{"sources":[{"property":"","dataset":"OpenStreetMap","license":"ODbL-1.0","record_id":"w350045163@1","update_time":"2015-05-30T09:47:10.000Z","confidence":null,"between":null}],"is_underground":false,"has_parts":false,"version":1}},
{"id":"791bc045-80c0-456f-848f-204595db4e71","type":"Feature","geometry":{"type":"Polygon","coordinates":[[[77.1349345,28.6725188],[77.1348842,28.6724423],[77.1350683,28.6723492],[77.1351186,28.6724256],[77.1349345,28.6725188]]]},"properties":{"sources":[{"property":"","dataset":"OpenStreetMap","license":"ODbL-1.0","record_id":"w350045266@1","update_time":"2015-05-30T09:47:16.000Z","confidence":null,"between":null}],"is_underground":false,"has_parts":false,"version":1}},
{"id":"8166898e-a394-4314-b816-de4c1072623e","type":"Feature","geometry":{"type":"Polygon","coordinates":[[[77.1349752,28.6725695],[77.1349452,28.6725226],[77.1351169,28.6724392],[77.1351491,28.6724903],[77.1349752,28.6725695]]]},"properties":{"sources":[{"property":"","dataset":"OpenStreetMap","license":"ODbL-1.0","record_id":"w350045190@1","update_time":"2015-05-30T09:47:12.000Z","confidence":null,"between":null}],"is_underground":false,"has_parts":false,"version":1}},
{"id":"4c8a5a9f-6641-441a-b818-decaae4abf67","type":"Feature","geometry":{"type":"Polygon","coordinates":[[[77.1346809,28.6725803],[77.1346299,28.672507],[77.1348207,28.6724047],[77.1348718,28.672478],[77.1346809,28.6725803]]]},"properties":{"sources":[{"property":"","dataset":"OpenStreetMap","license":"ODbL-1.0","record_id":"w350044955@1","update_time":"2015-05-30T09:46:58.000Z","confidence":null,"between":null}],"is_underground":false,"has_parts":false,"version":1}},
{"id":"18d26968-a954-4f64-8998-16d3c8607b87","type":"Feature","geometry":{"type":"Polygon","coordinates":[[[77.1347688,28.6727174],[77.1346924,28.6725827],[77.1348876,28.6724975],[77.134964,28.6726322],[77.1347688,28.6727174]]]},"properties":{"sources":[{"property":"","dataset":"OpenStreetMap","license":"ODbL-1.0","record_id":"w350045198@1","update_time":"2015-05-30T09:47:12.000Z","confidence":null,"between":null}],"is_underground":false,"has_parts":false,"version":1}},
{"id":"e5adeff3-78ee-4817-b526-5c2bbf8321de","type":"Feature","geometry":{"type":"Polygon","coordinates":[[[77.1348889,28.6730003],[77.1348546,28.6729142],[77.135051,28.6728539],[77.1350854,28.67294],[77.1348889,28.6730003]]]},"properties":{"sources":[{"property":"","dataset":"OpenStreetMap","license":"ODbL-1.0","record_id":"w350045178@1","update_time":"2015-05-30T09:47:11.000Z","confidence":null,"between":null}],"is_underground":false,"has_parts":false,"version":1}},
{"id":"5bf228fc-85c3-49ac-a7f2-ba0f1c5758c1","type":"Feature","geometry":{"type":"Polygon","coordinates":[[[77.1349092,28.6731439],[77.1348697,28.6730277],[77.1350894,28.6729702],[77.1351288,28.6730864],[77.1349092,28.6731439]]]},"properties":{"sources":[{"property":"","dataset":"OpenStreetMap","license":"ODbL-1.0","record_id":"w350045252@1","update_time":"2015-05-30T09:47:16.000Z","confidence":null,"between":null}],"is_underground":false,"has_parts":false,"version":1}},
{"id":"44a2ab61-b9c9-4b05-b824-1f48ca7dc63a","type":"Feature","geometry":{"type":"Polygon","coordinates":[[[77.1348368,28.6728815],[77.1347731,28.6727418],[77.1349728,28.6726717],[77.1350364,28.6728114],[77.1348368,28.6728815]]]},"properties":{"sources":[{"property":"","dataset":"OpenStreetMap","license":"ODbL-1.0","record_id":"w350045277@1","update_time":"2015-05-30T09:47:17.000Z","confidence":null,"between":null}],"is_underground":false,"has_parts":false,"version":1}},
{"id":"47b28939-a7c5-491a-8627-ab0f9717fc91","type":"Feature","geometry":{"type":"Polygon","coordinates":[[[77.1350192,28.672657],[77.1349779,28.6725755],[77.135151,28.672508],[77.1351923,28.6725894],[77.1350192,28.672657]]]},"properties":{"sources":[{"property":"","dataset":"OpenStreetMap","license":"ODbL-1.0","record_id":"w350045297@1","update_time":"2015-05-30T09:47:18.000Z","confidence":null,"between":null}],"is_underground":false,"has_parts":false,"version":1}},
{"id":"8b2e3c50-6176-4dbf-8e2a-7ad45d9a4156","type":"Feature","geometry":{"type":"Polygon","coordinates":[[[77.1350537,28.6727508],[77.135015,28.6726678],[77.135207,28.6725989],[77.1352457,28.6726819],[77.1350537,28.6727508]]]},"properties":{"sources":[{"property":"","dataset":"OpenStreetMap","license":"ODbL-1.0","record_id":"w350045226@1","update_time":"2015-05-30T09:47:14.000Z","confidence":null,"between":null}],"is_underground":false,"has_parts":false,"version":1}},
{"id":"d0cc7854-24c1-41ca-b4a8-587dea38f3cd","type":"Feature","geometry":{"type":"Polygon","coordinates":[[[77.1351524,28.6730066],[77.1351211,28.672924],[77.1353088,28.6728693],[77.1353401,28.672952],[77.1351524,28.6730066]]]},"properties":{"sources":[{"property":"","dataset":"OpenStreetMap","license":"ODbL-1.0","record_id":"w350045258@1","update_time":"2015-05-30T09:47:16.000Z","confidence":null,"between":null}],"is_underground":false,"has_parts":false,"version":1}},
{"id":"2deb22e2-3699-475c-8720-7700ed2915be","type":"Feature","geometry":{"type":"Polygon","coordinates":[[[77.1351911,28.6730771],[77.1351677,28.6730183],[77.1353482,28.6729629],[77.1353716,28.6730218],[77.1351911,28.6730771]]]},"properties":{"sources":[{"property":"","dataset":"OpenStreetMap","license":"ODbL-1.0","record_id":"w350045050@1","update_time":"2015-05-30T09:47:04.000Z","confidence":null,"between":null}],"is_underground":false,"has_parts":false,"version":1}},
{"id":"6143329f-77a2-44e3-859d-a735ce1d205d","type":"Feature","geometry":{"type":"Polygon","coordinates":[[[77.1351083,28.6729128],[77.1350812,28.6728322],[77.1352816,28.6727803],[77.1353087,28.6728609],[77.1351083,28.6729128]]]},"properties":{"sources":[{"property":"","dataset":"OpenStreetMap","license":"ODbL-1.0","record_id":"w350045156@1","update_time":"2015-05-30T09:47:10.000Z","confidence":null,"between":null}],"is_underground":false,"has_parts":false,"version":1}},
{"id":"f3e51556-5d45-46d6-84af-783b59461831","type":"Feature","geometry":{"type":"Polygon","coordinates":[[[77.1349562,28.6732447],[77.1349232,28.6731531],[77.1351612,28.6730872],[77.1351942,28.6731788],[77.1349562,28.6732447]]]},"properties":{"sources":[{"property":"","dataset":"OpenStreetMap","license":"ODbL-1.0","record_id":"w350045152@1","update_time":"2015-05-30T09:47:10.000Z","confidence":null,"between":null}],"is_underground":false,"has_parts":false,"version":1}},
{"id":"26c72e46-edcf-4127-919f-873b44b8fb26","type":"Feature","geometry":{"type":"Polygon","coordinates":[[[77.1350186,28.6734094],[77.1349919,28.6733325],[77.1352227,28.6732708],[77.1352494,28.6733478],[77.1350186,28.6734094]]]},"properties":{"sources":[{"property":"","dataset":"OpenStreetMap","license":"ODbL-1.0","record_id":"w350045123@1","update_time":"2015-05-30T09:47:08.000Z","confidence":null,"between":null}],"is_underground":false,"has_parts":false,"version":1}},
{"id":"dabe6fb0-3f32-4e44-94ed-3e5ab585fdbe","type":"Feature","geometry":{"type":"Polygon","coordinates":[[[77.1349919,28.6733206],[77.1349688,28.6732491],[77.1351972,28.6731924],[77.1352203,28.6732639],[77.1349919,28.6733206]]]},"properties":{"sources":[{"property":"","dataset":"OpenStreetMap","license":"ODbL-1.0","record_id":"w350045039@1","update_time":"2015-05-30T09:47:03.000Z","confidence":null,"between":null}],"is_underground":false,"has_parts":false,"version":1}},
{"id":"c8115627-ddf7-4c22-a2b8-4b347bf10e1b","type":"Feature","geometry":{"type":"Polygon","coordinates":[[[77.1352527,28.6732582],[77.135194,28.673089],[77.1353673,28.6730428],[77.135426,28.673212],[77.1352527,28.6732582]]]},"properties":{"sources":[{"property":"","dataset":"OpenStreetMap","license":"ODbL-1.0","record_id":"w350044964@1","update_time":"2015-05-30T09:46:59.000Z","confidence":null,"between":null}],"is_underground":false,"has_parts":false,"version":1}},
{"id":"1fdad14c-ccb2-4e38-a955-47526376abf0","type":"Feature","geometry":{"type":"Polygon","coordinates":[[[77.1350698,28.6735354],[77.1350263,28.6734201],[77.1352315,28.6733605],[77.135275,28.6734759],[77.1350698,28.6735354]]]},"properties":{"sources":[{"property":"","dataset":"OpenStreetMap","license":"ODbL-1.0","record_id":"w350045009@1","update_time":"2015-05-30T09:47:01.000Z","confidence":null,"between":null}],"is_underground":false,"has_parts":false,"version":1}},
{"id":"8cf28dd4-6c27-49ac-974d-66f4050f74f5","type":"Feature","geometry":{"type":"Polygon","coordinates":[[[77.1348455,28.6732689],[77.1348854,28.6732602],[77.1349152,28.6733669],[77.1348752,28.6733756],[77.1348455,28.6732689]]]},"properties":{"sources":[{"property":"","dataset":"Google Open Buildings","license":null,"record_id":"7JWVM4FM+8XCJ","update_time":"2023-05-01T00:00:00.000Z","confidence":0.7713,"between":null}],"is_underground":false,"has_parts":false,"version":1}},
{"id":"928caedd-a9ae-48a6-b092-0a3c26e3bc9e","type":"Feature","geometry":{"type":"Polygon","coordinates":[[[77.1347474,28.6730542],[77.1348041,28.6730396],[77.1348526,28.6731866],[77.1347959,28.6732011],[77.1347474,28.6730542]]]},"properties":{"sources":[{"property":"","dataset":"Google Open Buildings","license":null,"record_id":"7JWVM4FM+6WVW","update_time":"2023-05-01T00:00:00.000Z","confidence":0.7742,"between":null}],"is_underground":false,"has_parts":false,"version":1}},
{"id":"b489bbd7-dd82-4b4f-9b96-5602027c20ad","type":"Feature","geometry":{"type":"Polygon","coordinates":[[[77.1347943,28.6734506],[77.1348293,28.6734445],[77.1348543,28.673556],[77.1348193,28.6735621],[77.1347943,28.6734506]]]},"properties":{"sources":[{"property":"","dataset":"Google Open Buildings","license":null,"record_id":"7JWVM4FM+CW43","update_time":"2023-05-01T00:00:00.000Z","confidence":0.7154,"between":null}],"is_underground":false,"has_parts":false,"version":1}},
{"id":"b940ef15-58c3-4d3b-8d3a-7c4d5fc2009f","type":"Feature","geometry":{"type":"Polygon","coordinates":[[[77.1347987,28.6735967],[77.1348222,28.6736107],[77.1346857,28.6737884],[77.1346623,28.6737744],[77.1347987,28.6735967]]]},"properties":{"sources":[{"property":"","dataset":"Google Open Buildings","license":null,"record_id":"7JWVM4FM+FVHQ","update_time":"2023-05-01T00:00:00.000Z","confidence":0.6733,"between":null}],"is_underground":false,"has_parts":false,"version":1}},
{"id":"dd033ae4-bbe1-46a5-81ae-bdfc0b53f7ad","type":"Feature","geometry":{"type":"Polygon","coordinates":[[[77.1347435,28.6737428],[77.1348181,28.6737818],[77.1347716,28.673851],[77.134697,28.673812],[77.1347435,28.6737428]]]},"properties":{"sources":[{"property":"","dataset":"Google Open Buildings","license":null,"record_id":"7JWVM4FM+GW6R","update_time":"2023-05-01T00:00:00.000Z","confidence":0.8185,"between":null}],"is_underground":false,"has_parts":false,"version":1}},
{"id":"952705b0-b1af-45da-be11-fb2880c63680","type":"Feature","geometry":{"type":"Polygon","coordinates":[[[77.1351921,28.6737922],[77.1350758,28.6738085],[77.1350442,28.6736341],[77.1351605,28.6736178],[77.1351921,28.6737922]]]},"properties":{"sources":[{"property":"","dataset":"OpenStreetMap","license":"ODbL-1.0","record_id":"w350064968@1","update_time":"2015-05-30T11:09:46.000Z","confidence":null,"between":null}],"is_underground":false,"has_parts":false,"version":1}},
{"id":"40377920-1a6c-423d-8c91-03101f4e369e","type":"Feature","geometry":{"type":"Polygon","coordinates":[[[77.1354696,28.6737871],[77.1352906,28.673809],[77.1352579,28.6736029],[77.1354368,28.673581],[77.1354696,28.6737871]]]},"properties":{"sources":[{"property":"","dataset":"OpenStreetMap","license":"ODbL-1.0","record_id":"w350064920@1","update_time":"2015-05-30T11:09:43.000Z","confidence":null,"between":null}],"is_underground":false,"has_parts":false,"version":1}},
{"id":"55614000-0541-4fc5-821e-effb43c17ae7","type":"Feature","geometry":{"type":"Polygon","coordinates":[[[77.1353129,28.6740512],[77.1351786,28.6740671],[77.1351424,28.6738323],[77.1352768,28.6738164],[77.1353129,28.6740512]]]},"properties":{"sources":[{"property":"","dataset":"OpenStreetMap","license":"ODbL-1.0","record_id":"w350064937@1","update_time":"2015-05-30T11:09:44.000Z","confidence":null,"between":null}],"is_underground":false,"has_parts":false,"version":1}},
{"id":"569cdc4c-87dd-4ebe-b9aa-3ba4f7e55d3d","type":"Feature","geometry":{"type":"Polygon","coordinates":[[[77.135163,28.6740767],[77.1350487,28.6740879],[77.1350193,28.673858],[77.1351336,28.6738468],[77.135163,28.6740767]]]},"properties":{"sources":[{"property":"","dataset":"OpenStreetMap","license":"ODbL-1.0","record_id":"w350064901@1","update_time":"2015-05-30T11:09:42.000Z","confidence":null,"between":null}],"is_underground":false,"has_parts":false,"version":1}},
{"id":"86dfbde5-c803-4711-a6ba-95eed89f34ba","type":"Feature","geometry":{"type":"Polygon","coordinates":[[[77.1355532,28.6747815],[77.1355647,28.6749025],[77.1353582,28.6749178],[77.1353466,28.6747968],[77.1355532,28.6747815]]]},"properties":{"sources":[{"property":"","dataset":"Google Open Buildings","license":null,"record_id":"7JWVM4FP+W5PW","update_time":"2023-05-01T00:00:00.000Z","confidence":0.914,"between":null}],"is_underground":false,"has_parts":false,"version":1}},
{"id":"78d3b3e4-1ec0-4821-a0f1-8ca5413839a8","type":"Feature","geometry":{"type":"Polygon","coordinates":[[[77.1356878,28.6747858],[77.1357044,28.6749102],[77.135617,28.6749192],[77.1356076,28.6748493],[77.1355678,28.6748534],[77.1355606,28.674799],[77.1356878,28.6747858]]]},"properties":{"sources":[{"property":"","dataset":"Google Open Buildings","license":null,"record_id":"7JWVM4FP+W7JW","update_time":"2023-05-01T00:00:00.000Z","confidence":0.8405,"between":null}],"is_underground":false,"has_parts":false,"version":1}},
{"id":"87a37e9e-e053-4000-bef4-46fe7388aa52","type":"Feature","geometry":{"type":"Polygon","coordinates":[[[77.1355498,28.6750066],[77.135556,28.6751349],[77.1352654,28.6751457],[77.1352592,28.6750174],[77.1355498,28.6750066]]]},"properties":{"sources":[{"property":"","dataset":"Microsoft ML Buildings","license":"ODbL-1.0","record_id":null,"update_time":"2021-07-25T00:00:00.000Z","confidence":null,"between":null}],"is_underground":false,"has_parts":false,"version":3}},
{"id":"27a8a42f-fcbf-4029-b370-2a6bc7b976a2","type":"Feature","geometry":{"type":"Polygon","coordinates":[[[77.1360419,28.6750363],[77.1360482,28.6750957],[77.1359211,28.675106],[77.1359149,28.6750467],[77.1360419,28.6750363]]]},"properties":{"sources":[{"property":"","dataset":"Google Open Buildings","license":null,"record_id":"7JWVM4GP+29HV","update_time":"2023-05-01T00:00:00.000Z","confidence":0.8774,"between":null}],"is_underground":false,"has_parts":false,"version":1}},
{"id":"9b43c8b1-ef85-40eb-a333-dbeccf622c2d","type":"Feature","geometry":{"type":"Polygon","coordinates":[[[77.1358607,28.675038],[77.1358656,28.6751083],[77.135561,28.6751246],[77.1355521,28.6749965],[77.135786,28.674984],[77.13579,28.6750417],[77.1358607,28.675038]]]},"properties":{"sources":[{"property":"","dataset":"Microsoft ML Buildings","license":"ODbL-1.0","record_id":null,"update_time":"2021-07-25T00:00:00.000Z","confidence":null,"between":null}],"is_underground":false,"has_parts":false,"version":3}},
{"id":"6cdfae83-8c19-481a-8a5c-01f4e5a04687","type":"Feature","geometry":{"type":"Polygon","coordinates":[[[77.13565,28.6740237],[77.1355118,28.6740364],[77.135488,28.6738382],[77.1356263,28.6738255],[77.13565,28.6740237]]]},"properties":{"sources":[{"property":"","dataset":"OpenStreetMap","license":"ODbL-1.0","record_id":"w350064954@1","update_time":"2015-05-30T11:09:45.000Z","confidence":null,"between":null}],"is_underground":false,"has_parts":false,"version":1}},
{"id":"d750145d-dbc0-4669-9f29-43aa4699ba2c","type":"Feature","geometry":{"type":"Polygon","coordinates":[[[77.135475,28.6740413],[77.1353593,28.6740493],[77.135339,28.6738214],[77.1354547,28.6738134],[77.135475,28.6740413]]]},"properties":{"sources":[{"property":"","dataset":"OpenStreetMap","license":"ODbL-1.0","record_id":"w350064914@1","update_time":"2015-05-30T11:09:43.000Z","confidence":null,"between":null}],"is_underground":false,"has_parts":false,"version":1}},
{"id":"896a6d26-79d6-4ae5-91e3-516352602dbc","type":"Feature","geometry":{"type":"Polygon","coordinates":[[[77.1355972,28.6737592],[77.1354894,28.6737704],[77.1354612,28.6735613],[77.135569,28.6735501],[77.1355972,28.6737592]]]},"properties":{"sources":[{"property":"","dataset":"OpenStreetMap","license":"ODbL-1.0","record_id":"w350064930@1","update_time":"2015-05-30T11:09:44.000Z","confidence":null,"between":null}],"is_underground":false,"has_parts":false,"version":1}},
{"id":"97898c00-59d1-424c-9213-b49ca5ee6ef5","type":"Feature","geometry":{"type":"Polygon","coordinates":[[[77.135693,28.6737399],[77.1356006,28.6737485],[77.1355758,28.6735439],[77.1356682,28.6735353],[77.135693,28.6737399]]]},"properties":{"sources":[{"property":"","dataset":"OpenStreetMap","license":"ODbL-1.0","record_id":"w350064904@1","update_time":"2015-05-30T11:09:42.000Z","confidence":null,"between":null}],"is_underground":false,"has_parts":false,"version":1}},
{"id":"00712ee3-621f-4a60-97b2-920850483fd8","type":"Feature","geometry":{"type":"Polygon","coordinates":[[[77.1357977,28.6737324],[77.1357012,28.6737412],[77.1356788,28.673552],[77.1357754,28.6735432],[77.1357977,28.6737324]]]},"properties":{"sources":[{"property":"","dataset":"OpenStreetMap","license":"ODbL-1.0","record_id":"w350064942@1","update_time":"2015-05-30T11:09:44.000Z","confidence":null,"between":null}],"is_underground":false,"has_parts":false,"version":1}},
{"id":"b8b331fd-0d98-47ae-9c33-6cc5b7ba06fe","type":"Feature","geometry":{"type":"Polygon","coordinates":[[[77.135818,28.6740103],[77.1356936,28.6740215],[77.1356654,28.6737817],[77.1357898,28.6737704],[77.135818,28.6740103]]]},"properties":{"sources":[{"property":"","dataset":"OpenStreetMap","license":"ODbL-1.0","record_id":"w350064861@1","update_time":"2015-05-30T11:09:41.000Z","confidence":null,"between":null}],"is_underground":false,"has_parts":false,"version":1}},
{"id":"4669b70b-07ee-429d-9cd0-0bcb437fb22a","type":"Feature","geometry":{"type":"Polygon","coordinates":[[[77.1359685,28.6740025],[77.1358303,28.6740136],[77.1358077,28.6737976],[77.1359459,28.6737865],[77.1359685,28.6740025]]]},"properties":{"sources":[{"property":"","dataset":"OpenStreetMap","license":"ODbL-1.0","record_id":"w350064966@1","update_time":"2015-05-30T11:09:46.000Z","confidence":null,"between":null}],"is_underground":false,"has_parts":false,"version":1}},
{"id":"e14b7a5d-4959-46a6-b365-f3df8d1efa78","type":"Feature","geometry":{"type":"Polygon","coordinates":[[[77.1359066,28.673718],[77.1358078,28.6737271],[77.1357854,28.67354],[77.1358842,28.6735309],[77.1359066,28.673718]]]},"properties":{"sources":[{"property":"","dataset":"OpenStreetMap","license":"ODbL-1.0","record_id":"w350064829@1","update_time":"2015-05-30T11:09:40.000Z","confidence":null,"between":null}],"is_underground":false,"has_parts":false,"version":1}},
{"id":"7670b6e3-f525-4199-99ee-47fb64377f74","type":"Feature","geometry":{"type":"Polygon","coordinates":[[[77.1361139,28.6739835],[77.1359827,28.6739908],[77.1359658,28.6737579],[77.136097,28.6737506],[77.1361139,28.6739835]]]},"properties":{"sources":[{"property":"","dataset":"OpenStreetMap","license":"ODbL-1.0","record_id":"w350064821@1","update_time":"2015-05-30T11:09:39.000Z","confidence":null,"between":null}],"is_underground":false,"has_parts":false,"version":1}},
{"id":"c5ee28c3-4a7c-4de0-9218-809e4eef1dfc","type":"Feature","geometry":{"type":"Polygon","coordinates":[[[77.1362762,28.6736716],[77.1363097,28.6736645],[77.1363281,28.6737318],[77.1362946,28.673739],[77.1362762,28.6736716]]]},"properties":{"sources":[{"property":"","dataset":"Google Open Buildings","license":null,"record_id":"7JWVM4FP+FGM4","update_time":"2023-05-01T00:00:00.000Z","confidence":0.688,"between":null}],"is_underground":false,"has_parts":false,"version":1}},
{"id":"55f48624-abe0-4a32-8ab1-3425ee1dd624","type":"Feature","geometry":{"type":"Polygon","coordinates":[[[77.1362639,28.6739164],[77.1361239,28.6739274],[77.1361047,28.6737391],[77.1362447,28.6737281],[77.1362639,28.6739164]]]},"properties":{"sources":[{"property":"","dataset":"OpenStreetMap","license":"ODbL-1.0","record_id":"w350064949@1","update_time":"2015-05-30T11:09:45.000Z","confidence":null,"between":null}],"is_underground":false,"has_parts":false,"version":1}},
{"id":"62f66096-553e-47e5-bdb2-1fe34dc729cf","type":"Feature","geometry":{"type":"Polygon","coordinates":[[[77.1365154,28.6746417],[77.1365572,28.674641],[77.1365584,28.674694],[77.1365166,28.6746947],[77.1365154,28.6746417]]]},"properties":{"sources":[{"property":"","dataset":"Google Open Buildings","license":null,"record_id":"7JWVM4FP+VJ7J","update_time":"2023-05-01T00:00:00.000Z","confidence":0.7574,"between":null}],"is_underground":false,"has_parts":false,"version":1}},
{"id":"70808952-a81b-4825-8018-6e0b4e177823","type":"Feature","geometry":{"type":"Polygon","coordinates":[[[77.1368749,28.6738627],[77.1365883,28.6738901],[77.1365649,28.6737023],[77.1368515,28.6736748],[77.1368749,28.6738627]]]},"properties":{"sources":[{"property":"","dataset":"OpenStreetMap","license":"ODbL-1.0","record_id":"w350064912@2","update_time":"2026-01-16T08:39:11.000Z","confidence":null,"between":null}],"is_underground":false,"num_floors":3,"subtype":"religious","class":"temple","facade_color":"#FFFFFF","roof_shape":"flat","has_parts":false,"version":2}},
{"id":"a39d2109-8196-4697-9f67-eb5e609b35cf","type":"Feature","geometry":{"type":"Polygon","coordinates":[[[77.1371575,28.6735494],[77.1371959,28.6737667],[77.1370669,28.6737844],[77.1370285,28.6735671],[77.1371575,28.6735494]]]},"properties":{"sources":[{"property":"","dataset":"Google Open Buildings","license":null,"record_id":"7JWVM4FP+FR9P","update_time":"2023-05-01T00:00:00.000Z","confidence":0.9196,"between":null}],"is_underground":false,"has_parts":false,"version":1}},
{"id":"97d8c599-aad9-40be-952c-f393c9a1e290","type":"Feature","geometry":{"type":"Polygon","coordinates":[[[77.1370326,28.6746698],[77.1370785,28.674671],[77.1370774,28.6747034],[77.1370315,28.6747022],[77.1370326,28.6746698]]]},"properties":{"sources":[{"property":"","dataset":"Google Open Buildings","license":null,"record_id":"7JWVM4FP+VRFH","update_time":"2023-05-01T00:00:00.000Z","confidence":0.723,"between":null}],"is_underground":false,"has_parts":false,"version":1}},
{"id":"56020b70-235a-40f2-8de9-0bb548fef89b","type":"Feature","geometry":{"type":"Polygon","coordinates":[[[77.1371023,28.6745542],[77.137086,28.6746636],[77.1370465,28.674659],[77.1370628,28.6745496],[77.1371023,28.6745542]]]},"properties":{"sources":[{"property":"","dataset":"Google Open Buildings","license":null,"record_id":"7JWVM4FP+RRW7","update_time":"2023-05-01T00:00:00.000Z","confidence":0.7255,"between":null}],"is_underground":false,"has_parts":false,"version":1}},
{"id":"42259835-7d69-4a79-a97e-81f2c6871623","type":"Feature","geometry":{"type":"Polygon","coordinates":[[[77.1370348,28.6744873],[77.1370811,28.6744801],[77.1370872,28.6745103],[77.1370409,28.6745176],[77.1370348,28.6744873]]]},"properties":{"sources":[{"property":"","dataset":"Google Open Buildings","license":null,"record_id":"7JWVM4FP+QRVX","update_time":"2023-05-01T00:00:00.000Z","confidence":0.7315,"between":null}],"is_underground":false,"has_parts":false,"version":1}},
{"id":"2922dff2-24a0-41d9-b7c5-b304dfa9bd9b","type":"Feature","geometry":{"type":"Polygon","coordinates":[[[77.1369577,28.674449],[77.1370278,28.6744512],[77.1370268,28.6744747],[77.1369567,28.6744724],[77.1369577,28.674449]]]},"properties":{"sources":[{"property":"","dataset":"Google Open Buildings","license":null,"record_id":"7JWVM4FP+QQQH","update_time":"2023-05-01T00:00:00.000Z","confidence":0.6919,"between":null}],"is_underground":false,"has_parts":false,"version":1}},
{"id":"e1a87005-e617-43c5-b6a7-aceedc650732","type":"Feature","geometry":{"type":"Polygon","coordinates":[[[77.1369657,28.6745958],[77.1369982,28.6745976],[77.136996,28.6746285],[77.1369635,28.6746267],[77.1369657,28.6745958]]]},"properties":{"sources":[{"property":"","dataset":"Google Open Buildings","license":null,"record_id":"7JWVM4FP+RQXF","update_time":"2023-05-01T00:00:00.000Z","confidence":0.738,"between":null}],"is_underground":false,"has_parts":false,"version":1}},
{"id":"48e925db-85d8-4039-be0b-340aa4fc76ca","type":"Feature","geometry":{"type":"Polygon","coordinates":[[[77.1369574,28.6746698],[77.1370199,28.6746621],[77.1370283,28.6747155],[77.1369658,28.6747232],[77.1369574,28.6746698]]]},"properties":{"sources":[{"property":"","dataset":"Google Open Buildings","license":null,"record_id":"7JWVM4FP+VQHQ","update_time":"2023-05-01T00:00:00.000Z","confidence":0.7009,"between":null}],"is_underground":false,"has_parts":false,"version":1}},
{"id":"40c6fb5a-db40-4129-91fa-7f1458549891","type":"Feature","geometry":{"type":"Polygon","coordinates":[[[77.1369527,28.674569],[77.1369637,28.6746284],[77.1368803,28.6746404],[77.1368694,28.674581],[77.1369527,28.674569]]]},"properties":{"sources":[{"property":"","dataset":"Google Open Buildings","license":null,"record_id":"7JWVM4FP+RQV3","update_time":"2023-05-01T00:00:00.000Z","confidence":0.7491,"between":null}],"is_underground":false,"has_parts":false,"version":1}},
{"id":"ffac76eb-5bdf-48d4-8cfd-09d71fcf2647","type":"Feature","geometry":{"type":"Polygon","coordinates":[[[77.1367352,28.6745608],[77.1368314,28.6745491],[77.1368524,28.6746826],[77.1367562,28.6746944],[77.1367352,28.6745608]]]},"properties":{"sources":[{"property":"","dataset":"Google Open Buildings","license":null,"record_id":"7JWVM4FP+RPVV","update_time":"2023-05-01T00:00:00.000Z","confidence":0.7771,"between":null}],"is_underground":false,"has_parts":false,"version":1}},
{"id":"e1d10b9b-f798-4581-b2f5-367f97a59364","type":"Feature","geometry":{"type":"Polygon","coordinates":[[[77.1369442,28.6745227],[77.1369527,28.674569],[77.1368694,28.674581],[77.1368608,28.6745347],[77.1369442,28.6745227]]]},"properties":{"sources":[{"property":"","dataset":"Google Open Buildings","license":null,"record_id":"7JWVM4FP+RQF2","update_time":"2023-05-01T00:00:00.000Z","confidence":0.66,"between":null}],"is_underground":false,"has_parts":false,"version":1}},
{"id":"538f8ad2-2451-4bac-ad97-b7210b8a5af3","type":"Feature","geometry":{"type":"Polygon","coordinates":[[[77.1366418,28.6746351],[77.1366953,28.6746314],[77.1366994,28.6746777],[77.1366459,28.6746813],[77.1366418,28.6746351]]]},"properties":{"sources":[{"property":"","dataset":"Google Open Buildings","license":null,"record_id":"7JWVM4FP+VM77","update_time":"2023-05-01T00:00:00.000Z","confidence":0.6915,"between":null}],"is_underground":false,"has_parts":false,"version":1}},
{"id":"86ae3e61-69fb-452e-be5d-a509dc5a92da","type":"Feature","geometry":{"type":"Polygon","coordinates":[[[77.1366074,28.6751771],[77.1366434,28.6751777],[77.1366416,28.6752657],[77.1366056,28.6752651],[77.1366074,28.6751771]]]},"properties":{"sources":[{"property":"","dataset":"Google Open Buildings","license":null,"record_id":"7JWVM4GP+3JQX","update_time":"2023-05-01T00:00:00.000Z","confidence":0.8082,"between":null}],"is_underground":false,"has_parts":false,"version":1}},
{"id":"9a2c02e3-ffe5-410a-947c-e404ef9a47e9","type":"Feature","geometry":{"type":"Polygon","coordinates":[[[77.1368109,28.6750742],[77.1368515,28.6750639],[77.1368621,28.6750962],[77.1368215,28.6751066],[77.1368109,28.6750742]]]},"properties":{"sources":[{"property":"","dataset":"Google Open Buildings","license":null,"record_id":"7JWVM4GP+2PPH","update_time":"2023-05-01T00:00:00.000Z","confidence":0.6988,"between":null}],"is_underground":false,"has_parts":false,"version":1}},
{"id":"2daea5f8-b15c-4e97-979b-8f135113007f","type":"Feature","geometry":{"type":"Polygon","coordinates":[[[77.1370984,28.67486],[77.1371486,28.674861],[77.1371474,28.6749058],[77.1370972,28.6749048],[77.1370984,28.67486]]]},"properties":{"sources":[{"property":"","dataset":"Google Open Buildings","license":null,"record_id":"7JWVM4FP+XR59","update_time":"2023-05-01T00:00:00.000Z","confidence":0.6987,"between":null}],"is_underground":false,"has_parts":false,"version":1}},
{"id":"8beb998e-b63a-43af-8e29-7126aea671d2","type":"Feature","geometry":{"type":"Polygon","coordinates":[[[77.1371614,28.6750168],[77.1372004,28.6750162],[77.1372012,28.6750533],[77.1371622,28.675054],[77.1371614,28.6750168]]]},"properties":{"sources":[{"property":"","dataset":"Google Open Buildings","license":null,"record_id":"7JWVM4GP+2V7H","update_time":"2023-05-01T00:00:00.000Z","confidence":0.6633,"between":null}],"is_underground":false,"has_parts":false,"version":1}},
{"id":"e41355fb-2f77-48e7-9698-6a00e69f824a","type":"Feature","geometry":{"type":"Polygon","coordinates":[[[77.1371952,28.6751707],[77.1372282,28.6751702],[77.1372292,28.6752153],[77.1371962,28.6752158],[77.1371952,28.6751707]]]},"properties":{"sources":[{"property":"","dataset":"Google Open Buildings","license":null,"record_id":"7JWVM4GP+3VGQ","update_time":"2023-05-01T00:00:00.000Z","confidence":0.7062,"between":null}],"is_underground":false,"has_parts":false,"version":1}},
{"id":"718fc67a-a27e-4a00-b9e8-fed86ef1b913","type":"Feature","geometry":{"type":"Polygon","coordinates":[[[77.1371579,28.6753391],[77.1372027,28.6753333],[77.1372339,28.6755212],[77.137189,28.675527],[77.1371579,28.6753391]]]},"properties":{"sources":[{"property":"","dataset":"Google Open Buildings","license":null,"record_id":"7JWVM4GP+5VG7","update_time":"2023-05-01T00:00:00.000Z","confidence":0.7625,"between":null}],"is_underground":false,"has_parts":false,"version":1}},
{"id":"36a5c7d4-4538-447a-84b2-07c55d8e74ab","type":"Feature","geometry":{"type":"Polygon","coordinates":[[[77.1363464,28.6754528],[77.1364355,28.6754541],[77.1364343,28.6755193],[77.1363453,28.6755181],[77.1363464,28.6754528]]]},"properties":{"sources":[{"property":"","dataset":"Google Open Buildings","license":null,"record_id":"7JWVM4GP+5HRF","update_time":"2023-05-01T00:00:00.000Z","confidence":0.7307,"between":null}],"is_underground":false,"has_parts":false,"version":1}},
{"id":"e1e06238-daa2-46b8-9295-4d1bc9fc337c","type":"Feature","geometry":{"type":"Polygon","coordinates":[[[77.1363476,28.6753871],[77.1363875,28.6753877],[77.1363863,28.6754534],[77.1363464,28.6754528],[77.1363476,28.6753871]]]},"properties":{"sources":[{"property":"","dataset":"Google Open Buildings","license":null,"record_id":"7JWVM4GP+5G9W","update_time":"2023-05-01T00:00:00.000Z","confidence":0.8081,"between":null}],"is_underground":false,"has_parts":false,"version":1}},
{"id":"bd9f0591-43c5-4ca5-8ea3-496938a6a9e4","type":"Feature","geometry":{"type":"Polygon","coordinates":[[[77.1366074,28.6751771],[77.1366065,28.6752193],[77.136575,28.6752188],[77.1365759,28.6751766],[77.1366074,28.6751771]]]},"properties":{"sources":[{"property":"","dataset":"Google Open Buildings","license":null,"record_id":"7JWVM4GP+3JGX","update_time":"2023-05-01T00:00:00.000Z","confidence":0.6967,"between":null}],"is_underground":false,"has_parts":false,"version":1}},
{"id":"fd0a5eb7-1d8e-4da3-9444-bf21bdfd7bbd","type":"Feature","geometry":{"type":"Polygon","coordinates":[[[77.1364234,28.6748363],[77.1364505,28.674837],[77.1364475,28.674917],[77.1364205,28.6749162],[77.1364234,28.6748363]]]},"properties":{"sources":[{"property":"","dataset":"Google Open Buildings","license":null,"record_id":"7JWVM4FP+XH35","update_time":"2023-05-01T00:00:00.000Z","confidence":0.7051,"between":null}],"is_underground":false,"has_parts":false,"version":1}},
{"id":"be5df124-4378-4873-9e15-9833681afe0c","type":"Feature","geometry":{"type":"Polygon","coordinates":[[[77.1363473,28.6748853],[77.1364003,28.6748875],[77.1363981,28.6749281],[77.1363451,28.6749259],[77.1363473,28.6748853]]]},"properties":{"sources":[{"property":"","dataset":"Google Open Buildings","license":null,"record_id":"7JWVM4FP+XG99","update_time":"2023-05-01T00:00:00.000Z","confidence":0.6542,"between":null}],"is_underground":false,"has_parts":false,"version":1}},
{"id":"63fcd1de-08d4-4df3-9e58-a5cdb1876d24","type":"Feature","geometry":{"type":"Polygon","coordinates":[[[77.136336,28.674947],[77.1363993,28.6749433],[77.136402,28.6749786],[77.1363387,28.6749824],[77.136336,28.674947]]]},"properties":{"sources":[{"property":"","dataset":"Google Open Buildings","license":null,"record_id":"7JWVM4FP+XGQH","update_time":"2023-05-01T00:00:00.000Z","confidence":0.7266,"between":null}],"is_underground":false,"has_parts":false,"version":1}},
{"id":"27bf86a3-4ea2-4ba2-9153-8886d5b91f0b","type":"Feature","geometry":{"type":"Polygon","coordinates":[[[77.136422,28.6750879],[77.1364593,28.6750878],[77.1364594,28.6751182],[77.1364221,28.6751183],[77.136422,28.6750879]]]},"properties":{"sources":[{"property":"","dataset":"Google Open Buildings","license":null,"record_id":"7JWVM4GP+2HW2","update_time":"2023-05-01T00:00:00.000Z","confidence":0.7319,"between":null}],"is_underground":false,"has_parts":false,"version":1}},
{"id":"05c467c1-d30f-4001-b477-adc7a946b5a9","type":"Feature","geometry":{"type":"Polygon","coordinates":[[[77.1360883,28.6750711],[77.1360981,28.6751103],[77.1360606,28.6751176],[77.1360508,28.6750784],[77.1360883,28.6750711]]]},"properties":{"sources":[{"property":"","dataset":"Google Open Buildings","license":null,"record_id":"7JWVM4GP+2CPM","update_time":"2023-05-01T00:00:00.000Z","confidence":0.7243,"between":null}],"is_underground":false,"has_parts":false,"version":1}},
{"id":"bcc048f9-7047-4b41-9bc8-621531b62f02","type":"Feature","geometry":{"type":"Polygon","coordinates":[[[77.1362514,28.6758378],[77.1362614,28.6759134],[77.1359763,28.6759427],[77.1359663,28.6758671],[77.1362514,28.6758378]]]},"properties":{"sources":[{"property":"","dataset":"Google Open Buildings","license":null,"record_id":"7JWVM4GP+9C5P","update_time":"2023-05-01T00:00:00.000Z","confidence":0.878,"between":null}],"is_underground":false,"has_parts":false,"version":1}},
{"id":"b135c988-b52b-4b87-a1c9-ef15beca0335","type":"Feature","geometry":{"type":"Polygon","coordinates":[[[77.1359185,28.675872],[77.1359285,28.6759476],[77.1356893,28.6759721],[77.1356793,28.6758965],[77.1359185,28.675872]]]},"properties":{"sources":[{"property":"","dataset":"Google Open Buildings","license":null,"record_id":"7JWVM4GP+987W","update_time":"2023-05-01T00:00:00.000Z","confidence":0.8954,"between":null}],"is_underground":false,"has_parts":false,"version":1}},
{"id":"c3142a3d-f4ee-4eea-908e-3c7161ca2141","type":"Feature","geometry":{"type":"Polygon","coordinates":[[[77.1342539,28.6756251],[77.1342901,28.675622],[77.1342957,28.6756742],[77.1342595,28.6756772],[77.1342539,28.6756251]]]},"properties":{"sources":[{"property":"","dataset":"Google Open Buildings","license":null,"record_id":"7JWVM4GM+7P2X","update_time":"2023-05-01T00:00:00.000Z","confidence":0.6737,"between":null}],"is_underground":false,"has_parts":false,"version":1}},
{"id":"6ad03919-6534-48e3-a7d9-afb6d35504c7","type":"Feature","geometry":{"type":"Polygon","coordinates":[[[77.1341456,28.6754806],[77.1341679,28.6755923],[77.1341264,28.6755988],[77.1341041,28.6754871],[77.1341456,28.6754806]]]},"properties":{"sources":[{"property":"","dataset":"Google Open Buildings","license":null,"record_id":"7JWVM4GM+6M6F","update_time":"2023-05-01T00:00:00.000Z","confidence":0.7446,"between":null}],"is_underground":false,"has_parts":false,"version":1}},
{"id":"a3177275-aae9-4022-8516-b439185e3391","type":"Feature","geometry":{"type":"Polygon","coordinates":[[[77.1341801,28.6756312],[77.1342114,28.6756286],[77.1342146,28.6756576],[77.1342571,28.675654],[77.1342616,28.6756967],[77.1341878,28.6757029],[77.1341801,28.6756312]]]},"properties":{"sources":[{"property":"","dataset":"Google Open Buildings","license":null,"record_id":"7JWVM4GM+7M8X","update_time":"2023-05-01T00:00:00.000Z","confidence":0.6717,"between":null}],"is_underground":false,"has_parts":false,"version":1}},
{"id":"ed30dd22-3836-405f-9aea-ffc78947ee9b","type":"Feature","geometry":{"type":"Polygon","coordinates":[[[77.1340968,28.6754448],[77.134139,28.6754389],[77.1341466,28.6754814],[77.1341044,28.6754873],[77.1340968,28.6754448]]]},"properties":{"sources":[{"property":"","dataset":"Google Open Buildings","license":null,"record_id":"7JWVM4GM+5JQH","update_time":"2023-05-01T00:00:00.000Z","confidence":0.7139,"between":null}],"is_underground":false,"has_parts":false,"version":1}},
{"id":"a1fd089d-713c-4b09-aad2-3a3b3f1ca59e","type":"Feature","geometry":{"type":"Polygon","coordinates":[[[77.1346828,28.6740354],[77.1344793,28.6740654],[77.1343739,28.6735161],[77.1347371,28.6734426],[77.1347876,28.6735777],[77.1346822,28.6736744],[77.1346135,28.6737921],[77.1346486,28.6738146],[77.1346828,28.6740354]]]},"properties":{"sources":[{"property":"","dataset":"OpenStreetMap","license":"ODbL-1.0","record_id":"w350064979@1","update_time":"2015-06-20T07:01:59.000Z","confidence":null,"between":null}],"is_underground":false,"has_parts":false,"version":1}},
{"id":"e88ad6fb-7108-46eb-8b8f-50766e9d1803","type":"Feature","geometry":{"type":"Polygon","coordinates":[[[77.1339591,28.6736731],[77.1342659,28.6736308],[77.1343454,28.6740759],[77.1342094,28.6740946],[77.1342121,28.67411],[77.1339687,28.6741435],[77.1339649,28.6741226],[77.1338024,28.674145],[77.1337385,28.6737876],[77.1339738,28.6737552],[77.1339591,28.6736731]],[[77.1340928,28.6739796],[77.1342155,28.6739627],[77.1341982,28.6738661],[77.1340755,28.6738829],[77.1340928,28.6739796]],[[77.1340432,28.6738829],[77.1338843,28.6739047],[77.1339027,28.6740076],[77.1340616,28.6739857],[77.1340432,28.6738829]]]},"properties":{"sources":[{"property":"","dataset":"OpenStreetMap","license":"ODbL-1.0","record_id":"r5218739@1","update_time":"2023-07-06T11:04:21.000Z","confidence":null,"between":null}],"is_underground":false,"has_parts":false,"version":2}},
{"id":"d6ec7ef7-1149-4669-9bbc-bdc5046a1a6a","type":"Feature","geometry":{"type":"Polygon","coordinates":[[[77.1338553,28.6737191],[77.1339018,28.6737138],[77.133909,28.6737628],[77.1338625,28.6737681],[77.1338553,28.6737191]]]},"properties":{"sources":[{"property":"","dataset":"Google Open Buildings","license":null,"record_id":"7JWVM4FM+FHRJ","update_time":"2023-05-01T00:00:00.000Z","confidence":0.7179,"between":null}],"is_underground":false,"has_parts":false,"version":1}},
{"id":"9e7b16d2-06c8-4eb7-a220-c92b173614d3","type":"Feature","geometry":{"type":"Polygon","coordinates":[[[77.1335974,28.6737191],[77.1333961,28.6737864],[77.1333587,28.6737001],[77.1335599,28.6736329],[77.1335974,28.6737191]]]},"properties":{"sources":[{"property":"","dataset":"OpenStreetMap","license":"ODbL-1.0","record_id":"w350064907@1","update_time":"2015-05-30T11:09:43.000Z","confidence":null,"between":null}],"is_underground":false,"has_parts":false,"version":1}},
{"id":"559d3604-6a42-4f31-adc6-bec12211f445","type":"Feature","geometry":{"type":"Polygon","coordinates":[[[77.133579,28.6738609],[77.1334305,28.6738952],[77.1334049,28.67381],[77.1335534,28.6737757],[77.133579,28.6738609]]]},"properties":{"sources":[{"property":"","dataset":"OpenStreetMap","license":"ODbL-1.0","record_id":"w350064880@1","update_time":"2015-05-30T11:09:41.000Z","confidence":null,"between":null}],"is_underground":false,"has_parts":false,"version":1}},
{"id":"f26fbdd1-a9da-4652-a737-5740206ec1f2","type":"Feature","geometry":{"type":"Polygon","coordinates":[[[77.1336859,28.6741436],[77.1335475,28.6741598],[77.1335182,28.6739668],[77.1336567,28.6739507],[77.1336859,28.6741436]]]},"properties":{"sources":[{"property":"","dataset":"OpenStreetMap","license":"ODbL-1.0","record_id":"w350064879@1","update_time":"2015-05-30T11:09:41.000Z","confidence":null,"between":null}],"is_underground":false,"has_parts":false,"version":1}},
{"id":"5c126600-5617-41d5-bb1a-74591703b669","type":"Feature","geometry":{"type":"Polygon","coordinates":[[[77.1340298,28.6756845],[77.1340342,28.6757119],[77.1339804,28.6757187],[77.133976,28.6756913],[77.1340298,28.6756845]]]},"properties":{"sources":[{"property":"","dataset":"Google Open Buildings","license":null,"record_id":"7JWVM4GM+7JJ2","update_time":"2023-05-01T00:00:00.000Z","confidence":0.6709,"between":null}],"is_underground":false,"has_parts":false,"version":1}},
{"id":"59c7373b-8c36-4399-bf7e-b742d2522a84","type":"Feature","geometry":{"type":"Polygon","coordinates":[[[77.1338425,28.6756846],[77.133901,28.6756713],[77.1339178,28.6757289],[77.1338593,28.6757421],[77.1338526,28.6757192],[77.1338425,28.6756846]]]},"properties":{"sources":[{"property":"","dataset":"Google Open Buildings","license":null,"record_id":"7JWVM4GM+7HJ6","update_time":"2023-05-01T00:00:00.000Z","confidence":0.7721,"between":null}],"is_underground":false,"has_parts":false,"version":1}},
{"id":"eb9bcd82-968e-483a-8872-a76095b926b7","type":"Feature","geometry":{"type":"Polygon","coordinates":[[[77.1337138,28.6756083],[77.1337504,28.675604],[77.1337596,28.6756639],[77.133723,28.6756682],[77.1337138,28.6756083]]]},"properties":{"sources":[{"property":"","dataset":"Google Open Buildings","license":null,"record_id":"7JWVM4GM+7F5G","update_time":"2023-05-01T00:00:00.000Z","confidence":0.7073,"between":null}],"is_underground":false,"has_parts":false,"version":1}},
{"id":"9f68c296-e8a3-4701-ad49-a7385724a0cd","type":"Feature","geometry":{"type":"Polygon","coordinates":[[[77.1335569,28.6755682],[77.1335918,28.6755646],[77.1335969,28.6756041],[77.1335621,28.6756076],[77.1335569,28.6755682]]]},"properties":{"sources":[{"property":"","dataset":"Google Open Buildings","license":null,"record_id":"7JWVM4GM+6CPF","update_time":"2023-05-01T00:00:00.000Z","confidence":0.6765,"between":null}],"is_underground":false,"has_parts":false,"version":1}},
{"id":"63d5396d-ae3f-4581-9fba-352326eaee92","type":"Feature","geometry":{"type":"Polygon","coordinates":[[[77.1335501,28.6757166],[77.1335572,28.6757728],[77.1335288,28.6757756],[77.1335217,28.6757193],[77.1335501,28.6757166]]]},"properties":{"sources":[{"property":"","dataset":"Google Open Buildings","license":null,"record_id":"7JWVM4GM+7CVV","update_time":"2023-05-01T00:00:00.000Z","confidence":0.7347,"between":null}],"is_underground":false,"has_parts":false,"version":1}},
{"id":"0adb1ca7-4aa4-4890-b70c-9183e60295ee","type":"Feature","geometry":{"type":"Polygon","coordinates":[[[77.1333494,28.6757526],[77.1333849,28.6757493],[77.1333894,28.6757864],[77.1333538,28.67579],[77.1333494,28.6757526]]]},"properties":{"sources":[{"property":"","dataset":"Google Open Buildings","license":null,"record_id":"7JWVM4GM+885Q","update_time":"2023-05-01T00:00:00.000Z","confidence":0.6885,"between":null}],"is_underground":false,"has_parts":false,"version":1}},
{"id":"ee47502f-b53a-4651-bb60-ba32176acbdd","type":"Feature","geometry":{"type":"Polygon","coordinates":[[[77.1332959,28.6757741],[77.1333205,28.6757745],[77.1333197,28.6758142],[77.1332951,28.6758138],[77.1332959,28.6757741]]]},"properties":{"sources":[{"property":"","dataset":"Google Open Buildings","license":null,"record_id":"7JWVM4GM+887Q","update_time":"2023-05-01T00:00:00.000Z","confidence":0.6602,"between":null}],"is_underground":false,"has_parts":false,"version":1}},
{"id":"41e4defd-2a9f-4afe-b15f-35c95c3e2091","type":"Feature","geometry":{"type":"Polygon","coordinates":[[[77.1331061,28.6753265],[77.1331393,28.6753277],[77.1331378,28.6753606],[77.1331046,28.6753594],[77.1331061,28.6753265]]]},"properties":{"sources":[{"property":"","dataset":"Google Open Buildings","license":null,"record_id":"7JWVM4GM+46QQ","update_time":"2023-05-01T00:00:00.000Z","confidence":0.7372,"between":null}],"is_underground":false,"has_parts":false,"version":1}},
{"id":"573bb545-2584-4766-8cda-b0f0841ccbb8","type":"Feature","geometry":{"type":"Polygon","coordinates":[[[77.1331193,28.6747809],[77.1331553,28.6747721],[77.1331651,28.6748034],[77.1331291,28.6748122],[77.1331193,28.6747809]]]},"properties":{"sources":[{"property":"","dataset":"Google Open Buildings","license":null,"record_id":"7JWVM4FM+W76P","update_time":"2023-05-01T00:00:00.000Z","confidence":0.7757,"between":null}],"is_underground":false,"has_parts":false,"version":1}},
{"id":"b1e2e9e4-82e0-42ac-b993-bf3993de788c","type":"Feature","geometry":{"type":"Polygon","coordinates":[[[77.1332027,28.6747673],[77.1332075,28.674795],[77.1331653,28.6748006],[77.1331606,28.6747729],[77.1332027,28.6747673]]]},"properties":{"sources":[{"property":"","dataset":"Google Open Buildings","license":null,"record_id":"7JWVM4FM+W779","update_time":"2023-05-01T00:00:00.000Z","confidence":0.7446,"between":null}],"is_underground":false,"has_parts":false,"version":1}},
{"id":"e9cc89e9-9569-4125-920c-5eeb33b9260e","type":"Feature","geometry":{"type":"Polygon","coordinates":[[[77.1331471,28.6744674],[77.1331884,28.674463],[77.1331938,28.6745015],[77.1331524,28.674506],[77.1331471,28.6744674]]]},"properties":{"sources":[{"property":"","dataset":"Google Open Buildings","license":null,"record_id":"7JWVM4FM+Q7V7","update_time":"2023-05-01T00:00:00.000Z","confidence":0.7164,"between":null}],"is_underground":false,"has_parts":false,"version":1}},
{"id":"4d03ff50-e394-4a2e-a934-e1b8c0e48676","type":"Feature","geometry":{"type":"Polygon","coordinates":[[[77.1332599,28.6744552],[77.1332652,28.6744938],[77.1331938,28.6745015],[77.1331884,28.674463],[77.1332599,28.6744552]]]},"properties":{"sources":[{"property":"","dataset":"Google Open Buildings","license":null,"record_id":"7JWVM4FM+Q7X3","update_time":"2023-05-01T00:00:00.000Z","confidence":0.6965,"between":null}],"is_underground":false,"has_parts":false,"version":1}},
{"id":"ff07456c-a33d-4f2a-ac25-7a7ac2590461","type":"Feature","geometry":{"type":"Polygon","coordinates":[[[77.1332854,28.6743532],[77.1332082,28.6743609],[77.1331651,28.6740288],[77.1332423,28.674021],[77.1332854,28.6743532]]]},"properties":{"sources":[{"property":"","dataset":"OpenStreetMap","license":"ODbL-1.0","record_id":"w350064944@1","update_time":"2015-05-30T11:09:44.000Z","confidence":null,"between":null}],"is_underground":false,"has_parts":false,"version":1}},
{"id":"30e607cb-930b-4124-ad6b-af5facbf0674","type":"Feature","geometry":{"type":"Polygon","coordinates":[[[77.1334478,28.6742882],[77.1334845,28.6742887],[77.1334835,28.6743425],[77.1334468,28.674342],[77.1334478,28.6742882]]]},"properties":{"sources":[{"property":"","dataset":"Google Open Buildings","license":null,"record_id":"7JWVM4FM+P9GQ","update_time":"2023-05-01T00:00:00.000Z","confidence":0.6798,"between":null}],"is_underground":false,"has_parts":false,"version":1}},
{"id":"14f0beb6-eee2-425e-9963-2799f70769ea","type":"Feature","geometry":{"type":"Polygon","coordinates":[[[77.1334093,28.673996],[77.1332618,28.674032],[77.1331398,28.6736455],[77.1332998,28.6736105],[77.1334093,28.673996]]]},"properties":{"sources":[{"property":"","dataset":"OpenStreetMap","license":"ODbL-1.0","record_id":"w350064886@1","update_time":"2015-05-30T11:09:42.000Z","confidence":null,"between":null}],"is_underground":false,"has_parts":false,"version":1}},
{"id":"46c7a64b-51fd-4b32-856f-5079f8ef1715","type":"Feature","geometry":{"type":"Polygon","coordinates":[[[77.1328411,28.6737295],[77.1330159,28.6737122],[77.133044,28.6739307],[77.1329634,28.6739386],[77.132967,28.6739665],[77.1329443,28.6739688],[77.1329473,28.673992],[77.1330347,28.6739834],[77.1330675,28.674239],[77.1329933,28.6742463],[77.1329907,28.6742254],[77.1329006,28.6742343],[77.1329051,28.6742692],[77.1328336,28.6742762],[77.1328007,28.6740206],[77.132761,28.6740245],[77.1327359,28.6738294],[77.1328525,28.6738178],[77.1328411,28.6737295]]]},"properties":{"sources":[{"property":"","dataset":"Microsoft ML Buildings","license":"ODbL-1.0","record_id":null,"update_time":"2021-07-25T00:00:00.000Z","confidence":null,"between":null}],"is_underground":false,"has_parts":false,"version":3}},
{"id":"d60f85dd-f2e3-489f-978f-347d9703999d","type":"Feature","geometry":{"type":"Polygon","coordinates":[[[77.1330722,28.6744755],[77.1331471,28.6744674],[77.1331524,28.674506],[77.1330775,28.6745141],[77.1330722,28.6744755]]]},"properties":{"sources":[{"property":"","dataset":"Google Open Buildings","license":null,"record_id":"7JWVM4FM+Q6XP","update_time":"2023-05-01T00:00:00.000Z","confidence":0.7791,"between":null}],"is_underground":false,"has_parts":false,"version":1}},
{"id":"bdf627f3-1630-439a-ba1a-bffd7893f26a","type":"Feature","geometry":{"type":"Polygon","coordinates":[[[77.1332094,28.6744206],[77.1332156,28.674465],[77.1330248,28.6744857],[77.1330186,28.6744414],[77.1332094,28.6744206]]]},"properties":{"sources":[{"property":"","dataset":"Google Open Buildings","license":null,"record_id":"7JWVM4FM+Q6Q4","update_time":"2023-05-01T00:00:00.000Z","confidence":0.6851,"between":null}],"is_underground":false,"has_parts":false,"version":1}},
{"id":"4e5f21fe-8e19-4474-93eb-04b38ed2331f","type":"Feature","geometry":{"type":"Polygon","coordinates":[[[77.1326883,28.6741597],[77.1327026,28.6742401],[77.1324277,28.6742778],[77.1324181,28.6742236],[77.1326459,28.6741923],[77.1326412,28.6741661],[77.1326883,28.6741597]]]},"properties":{"sources":[{"property":"","dataset":"Microsoft ML Buildings","license":"ODbL-1.0","record_id":null,"update_time":"2021-07-25T00:00:00.000Z","confidence":null,"between":null}],"is_underground":false,"has_parts":false,"version":3}},
{"id":"1466839d-fbb2-4b52-846d-dd89d1fa9ad1","type":"Feature","geometry":{"type":"Polygon","coordinates":[[[77.132647,28.673892],[77.1326272,28.673789],[77.1326899,28.6737798],[77.1327096,28.6738828],[77.132647,28.673892]]]},"properties":{"sources":[{"property":"","dataset":"Microsoft ML Buildings","license":"ODbL-1.0","record_id":null,"update_time":"2021-07-25T00:00:00.000Z","confidence":null,"between":null}],"is_underground":false,"has_parts":false,"version":3}},
{"id":"d1c1192b-795e-4d7b-8950-4d609aa47202","type":"Feature","geometry":{"type":"Polygon","coordinates":[[[77.1325366,28.6737444],[77.1324701,28.6736241],[77.1326601,28.6735432],[77.1327266,28.6736636],[77.1325366,28.6737444]]]},"properties":{"sources":[{"property":"","dataset":"OpenStreetMap","license":"ODbL-1.0","record_id":"w350064940@1","update_time":"2015-05-30T11:09:44.000Z","confidence":null,"between":null}],"is_underground":false,"has_parts":false,"version":1}},
{"id":"9c8b6bb6-bfb5-4226-b488-8151365a9813","type":"Feature","geometry":{"type":"Polygon","coordinates":[[[77.1323065,28.6736711],[77.1323784,28.6736456],[77.1324326,28.6737647],[77.1324165,28.6737704],[77.1324242,28.6737873],[77.1323684,28.673807],[77.1323065,28.6736711]]]},"properties":{"sources":[{"property":"","dataset":"Google Open Buildings","license":null,"record_id":"7JWVM4FJ+FWQX","update_time":"2023-05-01T00:00:00.000Z","confidence":0.8508,"between":null}],"is_underground":false,"has_parts":false,"version":1}},
{"id":"9f4898a2-d2cf-417b-8d35-2e8fe768550c","type":"Feature","geometry":{"type":"Polygon","coordinates":[[[77.1323532,28.673855],[77.1323808,28.6739352],[77.1323216,28.673951],[77.1323053,28.6739035],[77.1323323,28.6738962],[77.132321,28.6738636],[77.1323532,28.673855]]]},"properties":{"sources":[{"property":"","dataset":"Google Open Buildings","license":null,"record_id":"7JWVM4FJ+HW89","update_time":"2023-05-01T00:00:00.000Z","confidence":0.8013,"between":null}],"is_underground":false,"has_parts":false,"version":1}},
{"id":"23007be7-39da-4a7a-b93d-f9f956e1738b","type":"Feature","geometry":{"type":"Polygon","coordinates":[[[77.1323252,28.6740191],[77.1323548,28.6741852],[77.1322692,28.6741971],[77.1322397,28.6740309],[77.1323252,28.6740191]]]},"properties":{"sources":[{"property":"","dataset":"Google Open Buildings","license":null,"record_id":"7JWVM4FJ+JWV8","update_time":"2023-05-01T00:00:00.000Z","confidence":0.8924,"between":null}],"is_underground":false,"has_parts":false,"version":1}},
{"id":"578aa01c-bee1-4dd8-9a71-d74a4ec250e4","type":"Feature","geometry":{"type":"Polygon","coordinates":[[[77.1331759,28.6757956],[77.1332052,28.6757927],[77.133214,28.6758613],[77.1331847,28.6758642],[77.1331759,28.6757956]]]},"properties":{"sources":[{"property":"","dataset":"Google Open Buildings","license":null,"record_id":"7JWVM4GM+87P2","update_time":"2023-05-01T00:00:00.000Z","confidence":0.6879,"between":null}],"is_underground":false,"has_parts":false,"version":1}},
{"id":"6c961bc5-cac9-4882-bf9a-60c8965dd112","type":"Feature","geometry":{"type":"Polygon","coordinates":[[[77.1332701,28.6758789],[77.1332988,28.6758789],[77.1332989,28.6759252],[77.1332702,28.6759253],[77.1332701,28.6758789]]]},"properties":{"sources":[{"property":"","dataset":"Google Open Buildings","license":null,"record_id":"7JWVM4GM+9872","update_time":"2023-05-01T00:00:00.000Z","confidence":0.7176,"between":null}],"is_underground":false,"has_parts":false,"version":1}},
{"id":"4e973111-12ed-4a31-81b9-ce05a1f2bd6e","type":"Feature","geometry":{"type":"Polygon","coordinates":[[[77.1332293,28.6758352],[77.1332591,28.6758315],[77.1332704,28.6759003],[77.1332406,28.6759041],[77.1332293,28.6758352]]]},"properties":{"sources":[{"property":"","dataset":"Google Open Buildings","license":null,"record_id":"7JWVM4GM+87XQ","update_time":"2023-05-01T00:00:00.000Z","confidence":0.7176,"between":null}],"is_underground":false,"has_parts":false,"version":1}},
{"id":"31b29634-2c02-4024-8022-f0a431437583","type":"Feature","geometry":{"type":"Polygon","coordinates":[[[77.1383381,28.6751954],[77.1383805,28.675191],[77.1383852,28.6752256],[77.1383428,28.6752301],[77.1383381,28.6751954]]]},"properties":{"sources":[{"property":"","dataset":"Google Open Buildings","license":null,"record_id":"7JWVM4GQ+38QG","update_time":"2023-05-01T00:00:00.000Z","confidence":0.7135,"between":null}],"is_underground":false,"has_parts":false,"version":1}},
{"id":"8f3f1fab-4601-4cb8-b71b-b88e9e2cd272","type":"Feature","geometry":{"type":"Polygon","coordinates":[[[77.1381892,28.6756616],[77.1382003,28.6757647],[77.1378609,28.675793],[77.1378642,28.6758236],[77.1377216,28.6758355],[77.1377183,28.6758049],[77.1373854,28.6758326],[77.1373744,28.6757294],[77.1381892,28.6756616]]]},"properties":{"sources":[{"property":"","dataset":"Google Open Buildings","license":null,"record_id":"7JWVM4GQ+8432","update_time":"2023-05-01T00:00:00.000Z","confidence":0.9403,"between":null}],"is_underground":false,"has_parts":false,"version":1}},
{"id":"8c326b89-66e8-408a-94d3-519f4663dd03","type":"Feature","geometry":{"type":"Polygon","coordinates":[[[77.1374004,28.6751853],[77.1374195,28.6752366],[77.1373633,28.6752528],[77.1373442,28.6752016],[77.1374004,28.6751853]]]},"properties":{"sources":[{"property":"","dataset":"Google Open Buildings","license":null,"record_id":"7JWVM4GP+3XJJ","update_time":"2023-05-01T00:00:00.000Z","confidence":0.7307,"between":null}],"is_underground":false,"has_parts":false,"version":1}},
{"id":"b7bc3fbf-485f-496c-add9-760ed55e968c","type":"Feature","geometry":{"type":"Polygon","coordinates":[[[77.13746,28.6746269],[77.1375201,28.6746232],[77.1375229,28.6746586],[77.1374628,28.6746623],[77.13746,28.6746269]]]},"properties":{"sources":[{"property":"","dataset":"Google Open Buildings","license":null,"record_id":"7JWVM4FP+VX5P","update_time":"2023-05-01T00:00:00.000Z","confidence":0.7905,"between":null}],"is_underground":false,"has_parts":false,"version":1}},
{"id":"8977de7f-e152-49b6-b7e5-fad581dc2da7","type":"Feature","geometry":{"type":"Polygon","coordinates":[[[77.1373275,28.6738251],[77.1373223,28.6737877],[77.1373886,28.6737805],[77.1373938,28.6738179],[77.1373275,28.6738251]]]},"properties":{"sources":[{"property":"","dataset":"Google Open Buildings","license":null,"record_id":"7JWVM4FP+GWH3","update_time":"2023-05-01T00:00:00.000Z","confidence":0.6914,"between":null}],"is_underground":false,"has_parts":false,"version":1}},
{"id":"d16c3e9d-5470-43fb-b148-20172babe6c6","type":"Feature","geometry":{"type":"Polygon","coordinates":[[[77.1372308,28.6738007],[77.1373266,28.6737877],[77.1373357,28.6738405],[77.1372399,28.6738534],[77.1372308,28.6738007]]]},"properties":{"sources":[{"property":"","dataset":"Google Open Buildings","license":null,"record_id":"7JWVM4FP+GWFR","update_time":"2023-05-01T00:00:00.000Z","confidence":0.6745,"between":null}],"is_underground":false,"has_parts":false,"version":1}},
{"id":"c171db13-ffee-439d-8655-56bab60963bc","type":"Feature","geometry":{"type":"Polygon","coordinates":[[[77.1371743,28.6735732],[77.1373322,28.6735532],[77.1373662,28.6737624],[77.1372083,28.6737823],[77.1371743,28.6735732]]]},"properties":{"sources":[{"property":"","dataset":"Google Open Buildings","license":null,"record_id":"7JWVM4FP+FW6P","update_time":"2023-05-01T00:00:00.000Z","confidence":0.8073,"between":null}],"is_underground":false,"has_parts":false,"version":1}},
{"id":"70207e10-ffc4-418a-adef-3eeb789eda75","type":"Feature","geometry":{"type":"Polygon","coordinates":[[[77.1375795,28.6737366],[77.1375879,28.6737969],[77.1373938,28.6738179],[77.1373854,28.6737576],[77.1375795,28.6737366]]]},"properties":{"sources":[{"property":"","dataset":"Google Open Buildings","license":null,"record_id":"7JWVM4FP+GX94","update_time":"2023-05-01T00:00:00.000Z","confidence":0.7333,"between":null}],"is_underground":false,"has_parts":false,"version":1}},
{"id":"d2ca041a-df8b-4d6c-9626-86ad2c82eb70","type":"Feature","geometry":{"type":"Polygon","coordinates":[[[77.1373637,28.6736019],[77.1374709,28.6735903],[77.1374669,28.6735621],[77.1375241,28.6735559],[77.137528,28.6735841],[77.1377255,28.6735627],[77.1377454,28.6737058],[77.1373836,28.673745],[77.1373637,28.6736019]]]},"properties":{"sources":[{"property":"","dataset":"Google Open Buildings","license":null,"record_id":"7JWVM4FQ+F274","update_time":"2023-05-01T00:00:00.000Z","confidence":0.8372,"between":null}],"is_underground":false,"has_parts":false,"version":1}},
{"id":"3b27886d-20e9-4bec-9472-aa0e2e1e35c2","type":"Feature","geometry":{"type":"Polygon","coordinates":[[[77.1378688,28.6737052],[77.1378772,28.6737655],[77.1375879,28.6737969],[77.1375795,28.6737366],[77.1378688,28.6737052]]]},"properties":{"sources":[{"property":"","dataset":"Google Open Buildings","license":null,"record_id":"7JWVM4FQ+G353","update_time":"2023-05-01T00:00:00.000Z","confidence":0.8145,"between":null}],"is_underground":false,"has_parts":false,"version":1}},
{"id":"2fb32e8d-df52-4ec2-814d-8602a6b52f36","type":"Feature","geometry":{"type":"Polygon","coordinates":[[[77.1377255,28.6735627],[77.1378157,28.6735529],[77.1378374,28.6737086],[77.1377472,28.6737184],[77.1377255,28.6735627]]]},"properties":{"sources":[{"property":"","dataset":"Google Open Buildings","license":null,"record_id":"7JWVM4FQ+F43C","update_time":"2023-05-01T00:00:00.000Z","confidence":0.854,"between":null}],"is_underground":false,"has_parts":false,"version":1}},
{"id":"377f7a25-21a8-4b64-aba3-6696cc5e1976","type":"Feature","geometry":{"type":"Polygon","coordinates":[[[77.1378676,28.6736968],[77.1379083,28.6736928],[77.1379168,28.6737616],[77.1378761,28.6737655],[77.1378676,28.6736968]]]},"properties":{"sources":[{"property":"","dataset":"Google Open Buildings","license":null,"record_id":"7JWVM4FQ+F5R4","update_time":"2023-05-01T00:00:00.000Z","confidence":0.712,"between":null}],"is_underground":false,"has_parts":false,"version":1}},
{"id":"fac71961-3513-4490-ad37-d7e18a565ec7","type":"Feature","geometry":{"type":"Polygon","coordinates":[[[77.138207,28.6736671],[77.1382165,28.6737208],[77.1379248,28.6737612],[77.1379152,28.6737075],[77.138207,28.6736671]]]},"properties":{"sources":[{"property":"","dataset":"Google Open Buildings","license":null,"record_id":"7JWVM4FQ+F6PC","update_time":"2023-05-01T00:00:00.000Z","confidence":0.8321,"between":null}],"is_underground":false,"has_parts":false,"version":1}},
{"id":"b0f9bbb2-0c82-468d-9b7e-e81780436608","type":"Feature","geometry":{"type":"Polygon","coordinates":[[[77.1382329,28.6737544],[77.1382244,28.6736951],[77.1383093,28.6736857],[77.1383126,28.6737088],[77.138355,28.6737041],[77.1383602,28.6737402],[77.1382329,28.6737544]]]},"properties":{"sources":[{"property":"","dataset":"Google Open Buildings","license":null,"record_id":"7JWVM4FQ+F8MR","update_time":"2023-05-01T00:00:00.000Z","confidence":0.713,"between":null}],"is_underground":false,"has_parts":false,"version":1}},
{"id":"ea0937bb-49b0-45fa-9583-48aa87c0b0d2","type":"Feature","geometry":{"type":"Polygon","coordinates":[[[77.1386594,28.6752038],[77.1387012,28.6751994],[77.1387077,28.6752471],[77.1386658,28.6752515],[77.1386594,28.6752038]]]},"properties":{"sources":[{"property":"","dataset":"Google Open Buildings","license":null,"record_id":"7JWVM4GQ+3FV5","update_time":"2023-05-01T00:00:00.000Z","confidence":0.8107,"between":null}],"is_underground":false,"has_parts":false,"version":1}},
{"id":"bfff6a54-41e9-4cf4-895e-7d3787c810c5","type":"Feature","geometry":{"type":"Polygon","coordinates":[[[77.1385576,28.6752082],[77.1386134,28.6751937],[77.1386388,28.6752699],[77.1385829,28.6752844],[77.1385576,28.6752082]]]},"properties":{"sources":[{"property":"","dataset":"Google Open Buildings","license":null,"record_id":"7JWVM4GQ+3CXC","update_time":"2023-05-01T00:00:00.000Z","confidence":0.6989,"between":null}],"is_underground":false,"has_parts":false,"version":1}},
{"id":"d1263366-81aa-4a2c-98cb-7b4caad19c3d","type":"Feature","geometry":{"type":"Polygon","coordinates":[[[77.1385871,28.6715007],[77.1386156,28.6715791],[77.1385399,28.6716005],[77.1385114,28.6715221],[77.1385871,28.6715007]]]},"properties":{"sources":[{"property":"","dataset":"Google Open Buildings","license":null,"record_id":"7JWVM4CQ+JCG2","update_time":"2023-05-01T00:00:00.000Z","confidence":0.8892,"between":null}],"is_underground":false,"has_parts":false,"version":1}},
{"id":"eda2a50c-96d2-4dbe-a748-5a718afd7f78","type":"Feature","geometry":{"type":"Polygon","coordinates":[[[77.1386533,28.6734153],[77.1387045,28.6734145],[77.1387051,28.6734444],[77.138654,28.6734452],[77.1386533,28.6734153]]]},"properties":{"sources":[{"property":"","dataset":"Google Open Buildings","license":null,"record_id":"7JWVM4FQ+9FF4","update_time":"2023-05-01T00:00:00.000Z","confidence":0.8294,"between":null}],"is_underground":false,"has_parts":false,"version":1}},
{"id":"476f449f-458c-446f-9064-a32937f073b2","type":"Feature","geometry":{"type":"Polygon","coordinates":[[[77.1386414,28.6733298],[77.1386772,28.6733292],[77.1386779,28.6733669],[77.1386421,28.6733675],[77.1386414,28.6733298]]]},"properties":{"sources":[{"property":"","dataset":"Google Open Buildings","license":null,"record_id":"7JWVM4FQ+8FMR","update_time":"2023-05-01T00:00:00.000Z","confidence":0.8015,"between":null}],"is_underground":false,"has_parts":false,"version":1}},
{"id":"c1f54b84-76bc-4b7f-9cc5-6056e40013ca","type":"Feature","geometry":{"type":"Polygon","coordinates":[[[77.1385893,28.6732795],[77.1386441,28.6732716],[77.1386543,28.6733267],[77.1385994,28.6733345],[77.1385893,28.6732795]]]},"properties":{"sources":[{"property":"","dataset":"Microsoft ML Buildings","license":"ODbL-1.0","record_id":null,"update_time":"2021-07-25T00:00:00.000Z","confidence":null,"between":null}],"is_underground":false,"has_parts":false,"version":3}},
{"id":"2f54c088-f6e5-44e8-82d6-17037f592c40","type":"Feature","geometry":{"type":"Polygon","coordinates":[[[77.1387217,28.6736509],[77.1384472,28.6736816],[77.1383549,28.673692],[77.1383491,28.6736526],[77.1383846,28.6736486],[77.1383799,28.6736162],[77.1384869,28.6736042],[77.1384797,28.6735546],[77.1386539,28.673535],[77.1386635,28.6736009],[77.1387136,28.6735953],[77.1387217,28.6736509]]]},"properties":{"sources":[{"property":"","dataset":"Microsoft ML Buildings","license":"ODbL-1.0","record_id":null,"update_time":"2021-07-25T00:00:00.000Z","confidence":null,"between":null}],"is_underground":false,"has_parts":false,"version":3}},
{"id":"e4216a53-f252-4fc5-a2d0-0c6f2e5db1b9","type":"Feature","geometry":{"type":"Polygon","coordinates":[[[77.1377769,28.6730763],[77.1376981,28.6728989],[77.1380304,28.6727854],[77.1381091,28.6729628],[77.1377769,28.6730763]]]},"properties":{"sources":[{"property":"","dataset":"OpenStreetMap","license":"ODbL-1.0","record_id":"w350045033@1","update_time":"2015-05-30T09:47:03.000Z","confidence":null,"between":null}],"is_underground":false,"has_parts":false,"version":1}},
{"id":"a84af0fc-9bc5-4b98-8a52-c2f27b468006","type":"Feature","geometry":{"type":"Polygon","coordinates":[[[77.1381853,28.6732178],[77.1380325,28.67327],[77.1379399,28.6730612],[77.1380926,28.673009],[77.1381853,28.6732178]]]},"properties":{"sources":[{"property":"","dataset":"OpenStreetMap","license":"ODbL-1.0","record_id":"w350045244@1","update_time":"2015-05-30T09:47:15.000Z","confidence":null,"between":null}],"is_underground":false,"has_parts":false,"version":1}},
{"id":"f7da56b3-7bde-4c56-a888-3cf6ce8c5cd4","type":"Feature","geometry":{"type":"Polygon","coordinates":[[[77.1381277,28.6734608],[77.1381556,28.6736613],[77.1379091,28.673688],[77.1378812,28.6734875],[77.1381277,28.6734608]]]},"properties":{"sources":[{"property":"","dataset":"Google Open Buildings","license":null,"record_id":"7JWVM4FQ+C6CW","update_time":"2023-05-01T00:00:00.000Z","confidence":0.8968,"between":null}],"is_underground":false,"has_parts":false,"version":1}},
{"id":"9498c42b-bec2-4667-9a78-6bcd4d31904f","type":"Feature","geometry":{"type":"Polygon","coordinates":[[[77.1378548,28.6734663],[77.1378663,28.6735366],[77.1377511,28.6735512],[77.1377397,28.6734809],[77.1378548,28.6734663]]]},"properties":{"sources":[{"property":"","dataset":"Google Open Buildings","license":null,"record_id":"7JWVM4FQ+C438","update_time":"2023-05-01T00:00:00.000Z","confidence":0.7327,"between":null}],"is_underground":false,"has_parts":false,"version":1}},
{"id":"fd137e30-3d60-4eb8-8026-50e3e96534b9","type":"Feature","geometry":{"type":"Polygon","coordinates":[[[77.1377121,28.6733434],[77.1376396,28.6731803],[77.1379303,28.6730808],[77.1380028,28.6732439],[77.1377121,28.6733434]]]},"properties":{"sources":[{"property":"","dataset":"OpenStreetMap","license":"ODbL-1.0","record_id":"w350044978@1","update_time":"2015-05-30T09:47:00.000Z","confidence":null,"between":null}],"is_underground":false,"has_parts":false,"version":1}},
{"id":"94a9277a-bd43-4c0b-886b-9cce45adec89","type":"Feature","geometry":{"type":"Polygon","coordinates":[[[77.1374073,28.6735343],[77.1374187,28.6735998],[77.1373581,28.6736079],[77.1373468,28.6735425],[77.1374073,28.6735343]]]},"properties":{"sources":[{"property":"","dataset":"Google Open Buildings","license":null,"record_id":"7JWVM4FP+CXCR","update_time":"2023-05-01T00:00:00.000Z","confidence":0.7574,"between":null}],"is_underground":false,"has_parts":false,"version":1}},
{"id":"62496b2a-6b08-4cd4-986f-cb8a0ef1883c","type":"Feature","geometry":{"type":"Polygon","coordinates":[[[77.1373924,28.673387],[77.1372889,28.6734137],[77.1372415,28.673272],[77.137345,28.6732453],[77.1373924,28.673387]]]},"properties":{"sources":[{"property":"","dataset":"OpenStreetMap","license":"ODbL-1.0","record_id":"w350045010@1","update_time":"2015-05-30T09:47:01.000Z","confidence":null,"between":null}],"is_underground":false,"has_parts":false,"version":1}},
{"id":"e817f71b-5cf0-4204-8968-6e0923a6bd3f","type":"Feature","geometry":{"type":"Polygon","coordinates":[[[77.1375577,28.673167],[77.1372279,28.6732571],[77.1371742,28.673106],[77.137504,28.6730158],[77.1375577,28.673167]]]},"properties":{"sources":[{"property":"","dataset":"OpenStreetMap","license":"ODbL-1.0","record_id":"w350044966@1","update_time":"2015-05-30T09:46:59.000Z","confidence":null,"between":null}],"is_underground":false,"has_parts":false,"version":1}},
{"id":"e29a5b67-92bf-42c2-9964-cba70825020e","type":"Feature","geometry":{"type":"Polygon","coordinates":[[[77.1375271,28.6734075],[77.1374324,28.6734345],[77.1373601,28.6732393],[77.1374548,28.6732123],[77.1375271,28.6734075]]]},"properties":{"sources":[{"property":"","dataset":"OpenStreetMap","license":"ODbL-1.0","record_id":"w350045053@1","update_time":"2015-05-30T09:47:04.000Z","confidence":null,"between":null}],"is_underground":false,"has_parts":false,"version":1}},
{"id":"e36f8311-776c-452e-a580-e3a42a9fee27","type":"Feature","geometry":{"type":"Polygon","coordinates":[[[77.1371654,28.6730841],[77.1370947,28.6729321],[77.1374154,28.6728172],[77.1374862,28.6729692],[77.1371654,28.6730841]]]},"properties":{"sources":[{"property":"","dataset":"OpenStreetMap","license":"ODbL-1.0","record_id":"w350045080@1","update_time":"2015-05-30T09:47:06.000Z","confidence":null,"between":null}],"is_underground":false,"has_parts":false,"version":1}},
{"id":"b3f3da6e-fc9d-4f7c-b581-0ce27760eaa5","type":"Feature","geometry":{"type":"Polygon","coordinates":[[[77.1375178,28.6728735],[77.137425,28.6726578],[77.1378946,28.6725023],[77.1379874,28.672718],[77.1375178,28.6728735]]]},"properties":{"sources":[{"property":"","dataset":"OpenStreetMap","license":"ODbL-1.0","record_id":"w350045133@1","update_time":"2015-05-30T09:47:09.000Z","confidence":null,"between":null}],"is_underground":false,"has_parts":false,"version":1}},
{"id":"e0d3797b-7a57-4a2b-a065-2125db41b465","type":"Feature","geometry":{"type":"Polygon","coordinates":[[[77.1377678,28.6731231],[77.1376126,28.6731652],[77.1375177,28.6728956],[77.1376734,28.6728535],[77.1376996,28.6729278],[77.1376306,28.6729465],[77.1376698,28.6730577],[77.1377382,28.6730391],[77.1377678,28.6731231]]]},"properties":{"sources":[{"property":"","dataset":"OpenStreetMap","license":"ODbL-1.0","record_id":"w350045301@1","update_time":"2015-05-30T09:47:19.000Z","confidence":null,"between":null}],"is_underground":false,"has_parts":false,"version":1}},
{"id":"62ce1b5d-6ec3-4fc4-aed7-c16bff7ea2dc","type":"Feature","geometry":{"type":"Polygon","coordinates":[[[77.1376373,28.6725347],[77.1375553,28.6723304],[77.1378308,28.6722452],[77.1379129,28.6724495],[77.1376373,28.6725347]]]},"properties":{"sources":[{"property":"","dataset":"OpenStreetMap","license":"ODbL-1.0","record_id":"w350045018@1","update_time":"2015-05-30T09:47:02.000Z","confidence":null,"between":null}],"is_underground":false,"has_parts":false,"version":1}},
{"id":"6b1322b7-1eb9-475a-af8e-04a805ecb826","type":"Feature","geometry":{"type":"Polygon","coordinates":[[[77.1375755,28.6720479],[77.1376187,28.67204],[77.1376262,28.6720716],[77.1375831,28.6720796],[77.1375755,28.6720479]]]},"properties":{"sources":[{"property":"","dataset":"Google Open Buildings","license":null,"record_id":"7JWVM4CQ+R2H6","update_time":"2023-05-01T00:00:00.000Z","confidence":0.7826,"between":null}],"is_underground":false,"has_parts":false,"version":1}},
{"id":"7fe18da1-fdd5-4ff3-b28a-b21ac9fb08fa","type":"Feature","geometry":{"type":"Polygon","coordinates":[[[77.1372877,28.6721382],[77.1371864,28.6719124],[77.1377423,28.6717204],[77.1378436,28.6719462],[77.1372877,28.6721382]]]},"properties":{"sources":[{"property":"","dataset":"OpenStreetMap","license":"ODbL-1.0","record_id":"w350045269@1","update_time":"2015-05-30T09:47:17.000Z","confidence":null,"between":null}],"is_underground":false,"has_parts":false,"version":1}},
{"id":"fa72ab43-c852-40c2-946f-99f42de22dc6","type":"Feature","geometry":{"type":"Polygon","coordinates":[[[77.1371484,28.6718828],[77.1370244,28.6716616],[77.1375688,28.6714267],[77.1376928,28.6716479],[77.1371484,28.6718828]]]},"properties":{"sources":[{"property":"","dataset":"OpenStreetMap","license":"ODbL-1.0","record_id":"w350045100@1","update_time":"2015-05-30T09:47:07.000Z","confidence":null,"between":null}],"is_underground":false,"has_parts":false,"version":1}},
{"id":"b3db390e-7ce8-48e2-a82f-e11d509d7f9d","type":"Feature","geometry":{"type":"Polygon","coordinates":[[[77.1372439,28.6715346],[77.1372064,28.6714657],[77.1374524,28.6713626],[77.1374898,28.6714315],[77.1372439,28.6715346]]]},"properties":{"sources":[{"property":"","dataset":"OpenStreetMap","license":"ODbL-1.0","record_id":"w350045103@1","update_time":"2015-05-30T09:47:07.000Z","confidence":null,"between":null}],"is_underground":false,"has_parts":false,"version":1}},
{"id":"ba8dfbf3-cf2e-429e-9eac-4dd4003fe07b","type":"Feature","geometry":{"type":"Polygon","coordinates":[[[77.1383246,28.6716179],[77.1379767,28.6717378],[77.137927,28.6716269],[77.1382749,28.671507],[77.1383246,28.6716179]]]},"properties":{"sources":[{"property":"","dataset":"OpenStreetMap","license":"ODbL-1.0","record_id":"w350064921@1","update_time":"2015-05-30T11:09:43.000Z","confidence":null,"between":null}],"is_underground":false,"has_parts":false,"version":1}},
{"id":"6a63bea8-7bb7-43c5-aff4-61910c64a3f2","type":"Feature","geometry":{"type":"Polygon","coordinates":[[[77.1380975,28.6718183],[77.1381294,28.6718111],[77.1381388,28.6718432],[77.1381069,28.6718505],[77.1380975,28.6718183]]]},"properties":{"sources":[{"property":"","dataset":"Google Open Buildings","license":null,"record_id":"7JWVM4CQ+P6Q9","update_time":"2023-05-01T00:00:00.000Z","confidence":0.6899,"between":null}],"is_underground":false,"has_parts":false,"version":1}},
{"id":"b2ec0e84-4b48-4c8f-a871-4079329991ac","type":"Feature","geometry":{"type":"Polygon","coordinates":[[[77.1380224,28.6718316],[77.1380459,28.6718266],[77.1380627,28.6718881],[77.1380391,28.6718931],[77.1380224,28.6718316]]]},"properties":{"sources":[{"property":"","dataset":"Google Open Buildings","license":null,"record_id":"7JWVM4CQ+P6V7","update_time":"2023-05-01T00:00:00.000Z","confidence":0.6963,"between":null}],"is_underground":false,"has_parts":false,"version":1}},
{"id":"b848d1d0-84e0-4f0e-8d59-26446bfc5f01","type":"Feature","geometry":{"type":"Polygon","coordinates":[[[77.1380174,28.6723917],[77.1380441,28.6723879],[77.138051,28.672426],[77.1380243,28.6724298],[77.1380174,28.6723917]]]},"properties":{"sources":[{"property":"","dataset":"Google Open Buildings","license":null,"record_id":"7JWVM4CQ+X676","update_time":"2023-05-01T00:00:00.000Z","confidence":0.7758,"between":null}],"is_underground":false,"has_parts":false,"version":1}},
{"id":"87bc668d-e0ba-4e16-809b-9d5359fa4464","type":"Feature","geometry":{"type":"Polygon","coordinates":[[[77.1383859,28.6717952],[77.1384146,28.6718485],[77.1382648,28.6719112],[77.1382361,28.6718579],[77.1383859,28.6717952]]]},"properties":{"sources":[{"property":"","dataset":"Google Open Buildings","license":null,"record_id":"7JWVM4CQ+P8W3","update_time":"2023-05-01T00:00:00.000Z","confidence":0.9052,"between":null}],"is_underground":false,"has_parts":false,"version":1}},
{"id":"a12ec3f6-1224-4619-a47d-cfa6a5b51973","type":"Feature","geometry":{"type":"Polygon","coordinates":[[[77.1383889,28.6716157],[77.1384008,28.6716402],[77.1383219,28.6716699],[77.1383101,28.6716453],[77.1383889,28.6716157]]]},"properties":{"sources":[{"property":"","dataset":"Google Open Buildings","license":null,"record_id":"7JWVM4CQ+M85M","update_time":"2023-05-01T00:00:00.000Z","confidence":0.7134,"between":null}],"is_underground":false,"has_parts":false,"version":1}},
{"id":"d9b9e4f8-b8d5-41ec-9b56-c517fc74dca5","type":"Feature","geometry":{"type":"Polygon","coordinates":[[[77.1385747,28.6714964],[77.1384234,28.6715538],[77.1383806,28.6714672],[77.138532,28.6714097],[77.1385747,28.6714964]]]},"properties":{"sources":[{"property":"","dataset":"OpenStreetMap","license":"ODbL-1.0","record_id":"w350064961@1","update_time":"2015-05-30T11:09:45.000Z","confidence":null,"between":null}],"is_underground":false,"has_parts":false,"version":1}},
{"id":"0392cf22-7979-4832-9c92-7a434379174b","type":"Feature","geometry":{"type":"Polygon","coordinates":[[[77.1382556,28.6703942],[77.1382801,28.6704351],[77.1382495,28.6704494],[77.138225,28.6704085],[77.1382556,28.6703942]]]},"properties":{"sources":[{"property":"","dataset":"Google Open Buildings","license":null,"record_id":"7JWVM4CQ+586R","update_time":"2023-05-01T00:00:00.000Z","confidence":0.6897,"between":null}],"is_underground":false,"has_parts":false,"version":1}},
{"id":"2fe3a58d-2102-401b-b737-0ec8a952925d","type":"Feature","geometry":{"type":"Polygon","coordinates":[[[77.1375216,28.6713406],[77.1375563,28.6713293],[77.1375656,28.6713516],[77.1375907,28.6713435],[77.1376105,28.6713908],[77.1375506,28.6714102],[77.1375216,28.6713406]]]},"properties":{"sources":[{"property":"","dataset":"Google Open Buildings","license":null,"record_id":"7JWVM4CQ+G2WR","update_time":"2023-05-01T00:00:00.000Z","confidence":0.7044,"between":null}],"is_underground":false,"has_parts":false,"version":1}},
{"id":"4c0cebf9-f38d-4922-96c3-899102869b2c","type":"Feature","geometry":{"type":"Polygon","coordinates":[[[77.1372174,28.6714477],[77.1371294,28.6713258],[77.13736659999999,28.671194],[77.1374522,28.6713384],[77.1372174,28.6714477]]]},"properties":{"sources":[{"property":"","dataset":"OpenStreetMap","license":"ODbL-1.0","record_id":"w350045239@1","update_time":"2015-05-30T09:47:15.000Z","confidence":null,"between":null}],"is_underground":false,"has_parts":false,"version":1}},
{"id":"4e99d5fc-57c7-456a-a382-ecf7432f8254","type":"Feature","geometry":{"type":"Polygon","coordinates":[[[77.1372852,28.6705239],[77.1373569,28.6704874],[77.1374929,28.6706954],[77.1375571,28.6706627],[77.1375734,28.6706876],[77.137914,28.6705144],[77.1379454,28.6705622],[77.1376089,28.6707334],[77.1375971,28.6707153],[77.1374862,28.6707718],[77.1374257,28.6706792],[77.1373965,28.670694],[77.1372852,28.6705239]]]},"properties":{"sources":[{"property":"","dataset":"Google Open Buildings","license":null,"record_id":"7JWVM4CQ+7247","update_time":"2023-05-01T00:00:00.000Z","confidence":0.8253,"between":null}],"is_underground":false,"has_parts":false,"version":1}},
{"id":"4a7ec198-2c67-4999-918e-fd8ad84defc5","type":"Feature","geometry":{"type":"Polygon","coordinates":[[[77.1385552,28.6692381],[77.1383274,28.6694026],[77.1382418,28.6693113],[77.138336,28.6692433],[77.1383638,28.669273],[77.1384099,28.6692397],[77.1383821,28.6692101],[77.1384696,28.6691468],[77.1385552,28.6692381]]]},"properties":{"sources":[{"property":"","dataset":"OpenStreetMap","license":"ODbL-1.0","record_id":"w350556515@1","update_time":"2015-06-01T09:33:17.000Z","confidence":null,"between":null}],"is_underground":false,"has_parts":false,"version":1}},
{"id":"7f49ce30-585b-4f47-9e6c-32a95bfeb548","type":"Feature","geometry":{"type":"Polygon","coordinates":[[[77.1386511,28.66944],[77.1384598,28.6695663],[77.1383561,28.6694454],[77.1384366,28.6693923],[77.1384728,28.6694344],[77.1385044,28.6694136],[77.1384682,28.6693714],[77.1385474,28.6693191],[77.1386511,28.66944]]]},"properties":{"sources":[{"property":"","dataset":"OpenStreetMap","license":"ODbL-1.0","record_id":"w350556519@1","update_time":"2015-06-20T07:02:05.000Z","confidence":null,"between":null}],"is_underground":false,"has_parts":false,"version":1}},
{"id":"05079e76-9684-4079-8a07-38c02e6a8797","type":"Feature","geometry":{"type":"Polygon","coordinates":[[[77.1385782,28.6697094],[77.1384813,28.6696039],[77.1386844,28.6694603],[77.1387813,28.6695658],[77.1385782,28.6697094]]]},"properties":{"sources":[{"property":"","dataset":"OpenStreetMap","license":"ODbL-1.0","record_id":"w350556428@1","update_time":"2015-06-01T09:33:11.000Z","confidence":null,"between":null}],"is_underground":false,"has_parts":false,"version":1}},
{"id":"e1e07257-b4d2-4db6-a924-13fe76d74310","type":"Feature","geometry":{"type":"Polygon","coordinates":[[[77.1387008,28.6698345],[77.1386102,28.6697311],[77.1387122,28.6696624],[77.1387645,28.6697222],[77.1388176,28.6696864],[77.1387652,28.6696266],[77.1388794,28.6695496],[77.1389518,28.6696321],[77.1388859,28.6696766],[77.1389041,28.6696974],[77.1387008,28.6698345]]]},"properties":{"sources":[{"property":"","dataset":"OpenStreetMap","license":"ODbL-1.0","record_id":"w350556030@1","update_time":"2015-06-20T07:02:05.000Z","confidence":null,"between":null}],"is_underground":false,"has_parts":false,"version":1}},
{"id":"a8ddde68-3127-4166-baf0-18c2dd1a42f2","type":"Feature","geometry":{"type":"Polygon","coordinates":[[[77.1386354,28.6713758],[77.1386588,28.6714532],[77.1385773,28.6714724],[77.1385538,28.671395],[77.1386354,28.6713758]]]},"properties":{"sources":[{"property":"","dataset":"Google Open Buildings","license":null,"record_id":"7JWVM4CQ+HC9V","update_time":"2023-05-01T00:00:00.000Z","confidence":0.7481,"between":null}],"is_underground":false,"has_parts":false,"version":1}}]}